timestamp,boat_id,speed_knots,true_wind_speed,true_wind_angle,heading,heel_angle,foil_cant,vmg,maneuver_type,leg_id
2026-05-20 00:51:40,Boat-1,22.974,12.655,51.283,337.272,10.543,76.336,14.369,none,1
2026-05-20 00:51:42,Boat-1,23.175,13.38,55.342,338.112,12.364,80.784,13.179,none,1
2026-05-20 00:51:44,Boat-1,22.865,13.019,39.851,338.203,12.867,77.639,17.554,none,1
2026-05-20 00:51:46,Boat-1,23.71,13.729,42.904,339.479,12.005,80.178,17.368,none,1
2026-05-20 00:51:48,Boat-1,23.729,12.458,45.601,340.33,11.222,76.86,16.602,none,1
2026-05-20 00:51:50,Boat-1,23.471,15.085,50.872,341.168,12.11,80.6,14.811,none,1
2026-05-20 00:51:52,Boat-1,24.01,13.982,40.553,341.746,11.195,78.094,18.243,none,1
2026-05-20 00:51:54,Boat-1,23.772,12.371,43.371,343.921,12.688,77.142,17.28,none,1
2026-05-20 00:51:56,Boat-1,23.233,12.974,47.257,343.816,9.367,81.135,15.768,none,1
2026-05-20 00:51:58,Boat-1,23.841,14.713,45.955,342.093,11.162,80.191,16.574,none,1
2026-05-20 00:52:00,Boat-1,23.296,15.407,42.874,343.617,9.176,78.48,17.073,none,1
2026-05-20 00:52:02,Boat-1,24.174,16.925,43.795,343.285,9.771,82.61,17.449,none,1
2026-05-20 00:52:04,Boat-1,23.804,18.128,39.079,343.462,13.202,78.826,18.479,none,1
2026-05-20 00:52:06,Boat-1,23.789,14.89,43.398,344.721,12.639,79.772,17.285,none,1
2026-05-20 00:52:08,Boat-1,23.609,13.076,43.291,343.359,10.702,80.245,17.185,none,1
2026-05-20 00:52:10,Boat-1,24.506,11.602,45.185,342.312,9.762,78.468,17.272,none,1
2026-05-20 00:52:12,Boat-1,23.923,14.733,42.193,340.951,8.008,80.65,17.724,none,1
2026-05-20 00:52:14,Boat-1,23.834,13.338,46.095,340.316,10.913,78.641,16.528,none,1
2026-05-20 00:52:16,Boat-1,23.899,13.866,48.151,340.792,14.47,78.884,15.944,none,1
2026-05-20 00:52:18,Boat-1,24.324,13.621,44.894,341.344,12.087,82.433,17.232,none,1
2026-05-20 00:52:20,Boat-1,24.273,14.244,45.64,341.673,10.894,77.626,16.971,none,1
2026-05-20 00:52:22,Boat-1,24.315,15.823,44.505,340.481,12.123,74.882,17.341,none,1
2026-05-20 00:52:24,Boat-1,24.34,14.651,44.303,338.482,9.692,82.929,17.419,none,1
2026-05-20 00:52:26,Boat-1,25.124,14.251,41.561,338.611,11.208,84.806,18.799,none,1
2026-05-20 00:52:28,Boat-1,23.987,13.12,45.506,338.266,11.684,78.897,16.811,none,1
2026-05-20 00:52:30,Boat-1,23.946,12.299,43.933,338.76,11.462,75.834,17.245,none,1
2026-05-20 00:52:32,Boat-1,23.813,13.853,52.257,339.472,12.514,79.087,14.577,none,1
2026-05-20 00:52:34,Boat-1,24.456,14.424,50.282,339.676,11.979,79.135,15.628,none,1
2026-05-20 00:52:36,Boat-1,24.682,16.801,45.769,340.44,12.367,79.328,17.217,none,1
2026-05-20 00:52:38,Boat-1,24.114,14.681,41.404,340.726,10.739,77.481,18.087,none,1
2026-05-20 00:52:40,Boat-1,23.775,15.798,40.076,341.283,12.643,80.867,18.192,none,1
2026-05-20 00:52:42,Boat-1,23.762,13.879,48.83,340.729,13.523,80.758,15.643,none,1
2026-05-20 00:52:44,Boat-1,24.396,12.996,45.302,340.648,10.41,76.724,17.16,none,1
2026-05-20 00:52:46,Boat-1,24.388,13.29,46.128,340.905,10.522,81.12,16.902,none,1
2026-05-20 00:52:48,Boat-1,24.211,13.609,37.674,341.723,13.22,83.847,19.163,none,1
2026-05-20 00:52:50,Boat-1,23.515,17.326,47.827,341.449,11.448,80.124,15.787,none,1
2026-05-20 00:52:52,Boat-1,23.666,13.498,46.03,341.998,13.47,79.176,16.431,none,1
2026-05-20 00:52:54,Boat-1,23.219,15.663,40.084,341.839,11.43,79.681,17.765,none,1
2026-05-20 00:52:56,Boat-1,22.708,13.406,42.511,341.813,13.96,81.36,16.739,none,1
2026-05-20 00:52:58,Boat-1,22.297,15.797,45.305,342.639,12.696,76.879,15.682,none,1
2026-05-20 00:53:00,Boat-1,21.224,15.092,45.977,340.926,13.209,80.903,14.749,none,1
2026-05-20 00:53:02,Boat-1,20.693,14.394,30.338,339.839,15.113,80.012,17.859,none,1
2026-05-20 00:53:04,Boat-1,19.874,14.55,16.02,338.585,13.043,84.646,19.102,none,1
2026-05-20 00:53:06,Boat-1,19.742,13.757,-0.139,336.565,12.436,80.659,19.742,tack,1
2026-05-20 00:53:08,Boat-1,20.022,15.193,-14.495,336.034,12.939,84.286,19.384,none,1
2026-05-20 00:53:10,Boat-1,19.52,14.026,-29.729,336.789,13.778,78.586,16.951,none,1
2026-05-20 00:53:12,Boat-1,20.662,13.028,-43.854,336.612,11.02,81.749,14.9,none,1
2026-05-20 00:53:14,Boat-1,21.272,12.964,-43.403,336.87,13.304,80.979,15.455,none,1
2026-05-20 00:53:16,Boat-1,21.798,14.854,-44.974,337.93,11.568,78.391,15.421,none,1
2026-05-20 00:53:18,Boat-1,22.418,16.686,-45.428,339.205,13.338,80.32,15.733,none,1
2026-05-20 00:53:20,Boat-1,23.508,14.844,-42.89,339.223,8.912,82.276,17.224,none,1
2026-05-20 00:53:22,Boat-1,22.602,14.484,-37.628,340.521,10.733,79.133,17.901,none,1
2026-05-20 00:53:24,Boat-1,23.483,15.013,-45.55,340.684,9.594,76.358,16.445,none,1
2026-05-20 00:53:26,Boat-1,22.284,16.341,-50.867,340.011,10.596,79.687,14.064,none,1
2026-05-20 00:53:28,Boat-1,22.851,14.93,-38.475,339.556,11.871,77.908,17.89,none,1
2026-05-20 00:53:30,Boat-1,23.018,14.113,-47.586,338.303,11.353,79.025,15.525,none,1
2026-05-20 00:53:32,Boat-1,23.144,16.086,-43.055,337.584,11.262,79.545,16.911,none,1
2026-05-20 00:53:34,Boat-1,23.133,15.206,-44.07,337.342,11.374,76.296,16.621,none,1
2026-05-20 00:53:36,Boat-1,23.102,16.646,-40.302,338.145,11.809,76.476,17.619,none,1
2026-05-20 00:53:38,Boat-1,22.52,14.888,-43.032,339.774,10.355,80.672,16.462,none,1
2026-05-20 00:53:40,Boat-1,22.402,13.058,-49.243,338.61,12.413,78.662,14.625,none,1
2026-05-20 00:53:42,Boat-1,22.929,12.871,-46.517,339.043,12.36,74.578,15.778,none,1
2026-05-20 00:53:44,Boat-1,22.391,16.795,-50.886,338.187,12.027,81.277,14.126,none,1
2026-05-20 00:53:46,Boat-1,21.838,16.889,-48.777,338.694,12.233,80.252,14.391,none,1
2026-05-20 00:53:48,Boat-1,21.839,14.413,-45.972,338.656,11.921,78.28,15.178,none,1
2026-05-20 00:53:50,Boat-1,21.873,14.147,-50.93,337.088,14.007,77.074,13.786,none,1
2026-05-20 00:53:52,Boat-1,22.451,16.543,-45.971,338.004,11.461,81.379,15.604,none,1
2026-05-20 00:53:54,Boat-1,22.233,13.202,-47.45,337.539,11.197,80.406,15.035,none,1
2026-05-20 00:53:56,Boat-1,22.423,13.476,-43.176,337.139,10.661,84.473,16.352,none,1
2026-05-20 00:53:58,Boat-1,21.865,15.472,-44.556,336.256,10.326,80.548,15.581,none,1
2026-05-20 00:54:00,Boat-1,22.077,14.12,-41.653,335.747,10.072,80.483,16.496,none,1
2026-05-20 00:54:02,Boat-1,22.238,14.623,-48.064,336.212,10.499,79.374,14.862,none,1
2026-05-20 00:54:04,Boat-1,21.77,14.413,-39.826,336.122,11.48,81.341,16.719,none,1
2026-05-20 00:54:06,Boat-1,22.07,15.061,-47.276,336.498,11.966,80.958,14.974,none,1
2026-05-20 00:54:08,Boat-1,21.526,16.447,-43.579,336.903,11.626,82.211,15.594,none,1
2026-05-20 00:54:10,Boat-1,21.621,14.731,-48.754,338.172,10.646,78.665,14.255,none,1
2026-05-20 00:54:12,Boat-1,21.578,15.445,-47.156,337.943,12.645,78.837,14.673,none,1
2026-05-20 00:54:14,Boat-1,21.179,11.938,-51.222,336.694,12.452,78.749,13.265,none,1
2026-05-20 00:54:16,Boat-1,21.907,14.534,-47.08,337.735,11.373,81.289,14.918,none,1
2026-05-20 00:54:18,Boat-1,21.451,13.495,-38.329,337.516,10.782,82.704,16.827,none,1
2026-05-20 00:54:20,Boat-1,21.645,13.001,-44.049,338.599,12.223,78.79,15.558,none,1
2026-05-20 00:54:22,Boat-1,21.837,13.438,-39.85,339.025,11.791,78.858,16.765,none,1
2026-05-20 00:54:24,Boat-1,21.806,14.139,-42.334,338.986,9.827,80.336,16.12,none,1
2026-05-20 00:54:26,Boat-1,21.893,15.757,-50.046,339.38,11.483,79.216,14.059,none,1
2026-05-20 00:54:28,Boat-1,21.541,12.835,-46.726,341.216,11.88,81.612,14.766,none,1
2026-05-20 00:54:30,Boat-1,21.39,14.592,-41.647,343.166,10.485,75.204,15.984,none,1
2026-05-20 00:54:32,Boat-1,21.544,13.915,-40.451,343.308,11.793,78.054,16.394,none,1
2026-05-20 00:54:34,Boat-1,20.823,14.111,-44.428,343.532,9.819,78.143,14.87,none,1
2026-05-20 00:54:36,Boat-1,20.937,15.832,-39.68,344.581,13.168,75.067,16.114,none,1
2026-05-20 00:54:38,Boat-1,21.003,15.22,-41.753,343.9,13.063,77.78,15.669,none,1
2026-05-20 00:54:40,Boat-1,21.163,16.25,-45.489,344.279,11.262,77.877,14.836,none,1
2026-05-20 00:54:42,Boat-1,21.808,14.302,-48.693,344.336,12.001,79.305,14.395,none,1
2026-05-20 00:54:44,Boat-1,21.241,13.59,-46.616,344.699,8.673,81.933,14.59,none,1
2026-05-20 00:54:46,Boat-1,21.503,14.194,-35.596,344.029,10.177,79.217,17.485,none,1
2026-05-20 00:54:48,Boat-1,22.285,14.791,-45.46,342.678,11.213,77.646,15.631,none,1
2026-05-20 00:54:50,Boat-1,21.57,14.696,-44.577,340.892,10.279,79.594,15.365,none,1
2026-05-20 00:54:52,Boat-1,22.096,13.047,-45.876,339.967,12.422,81.806,15.383,none,1
2026-05-20 00:54:54,Boat-1,21.381,14.565,-50.445,339.634,13.962,77.756,13.616,none,1
2026-05-20 00:54:56,Boat-1,21.748,14.734,-36.463,339.45,10.153,77.886,17.491,none,1
2026-05-20 00:54:58,Boat-1,21.456,17.699,-42.057,341.274,10.56,80.825,15.93,none,1
2026-05-20 00:55:00,Boat-1,21.776,16.856,-46.549,342.349,11.848,79.264,14.976,none,1
2026-05-20 00:55:02,Boat-1,22.355,13.297,-38.293,341.563,13.498,81.002,17.545,none,1
2026-05-20 00:55:04,Boat-1,21.25,14.022,-49.912,341.956,10.098,79.68,13.684,none,1
2026-05-20 00:55:06,Boat-1,22.276,12.482,-45.703,341.67,11.864,81.111,15.557,none,1
2026-05-20 00:55:08,Boat-1,22.243,13.606,-47.52,341.494,13.751,77.637,15.021,none,1
2026-05-20 00:55:10,Boat-1,21.926,14.773,-42.134,341.741,9.583,79.683,16.26,none,1
2026-05-20 00:55:12,Boat-1,21.602,15.919,-47.395,342.378,10.028,79.286,14.623,none,1
2026-05-20 00:55:14,Boat-1,22.346,13.392,-48.363,342.152,11.057,77.276,14.847,none,1
2026-05-20 00:55:16,Boat-1,22.137,13.478,-45.188,343.19,10.94,76.581,15.602,none,1
2026-05-20 00:55:18,Boat-1,22.544,11.526,-45.194,342.242,12.54,81.079,15.887,none,1
2026-05-20 00:55:20,Boat-1,22.515,14.094,-45.33,342.328,11.855,79.006,15.828,none,1
2026-05-20 00:55:22,Boat-1,23.292,12.913,-41.022,344.746,9.435,77.663,17.573,none,1
2026-05-20 00:55:24,Boat-1,22.53,13.594,-43.743,345.027,12.184,79.515,16.277,none,1
2026-05-20 00:55:26,Boat-1,22.245,13.131,-43.724,346.396,10.872,81.964,16.076,none,1
2026-05-20 00:55:28,Boat-1,22.855,14.137,-45.76,346.559,13.094,75.146,15.945,none,1
2026-05-20 00:55:30,Boat-1,22.942,11.962,-48.103,347.162,10.812,76.714,15.32,none,1
2026-05-20 00:55:32,Boat-1,23.523,12.328,-40.281,347.19,10.801,77.862,17.945,none,1
2026-05-20 00:55:34,Boat-1,23.356,16.992,-43.828,347.117,12.214,82.63,16.849,none,1
2026-05-20 00:55:36,Boat-1,23.209,12.538,-49.933,346.496,12.481,80.273,14.939,none,1
2026-05-20 00:55:38,Boat-1,23.774,12.774,-41.478,346.963,12.103,81.242,17.812,none,1
2026-05-20 00:55:40,Boat-1,26.878,14.309,-136.081,240.948,6.127,63.904,-19.361,none,2
2026-05-20 00:55:42,Boat-1,27.828,13.31,-137.454,241.498,7.837,70.589,-20.501,none,2
2026-05-20 00:55:44,Boat-1,28.27,15.304,-136.475,240.198,8.083,66.623,-20.498,none,2
2026-05-20 00:55:46,Boat-1,28.727,12.491,-144.213,239.403,6.516,64.504,-23.303,none,2
2026-05-20 00:55:48,Boat-1,28.217,13.718,-137.618,240.496,7.88,67.801,-20.843,none,2
2026-05-20 00:55:50,Boat-1,27.883,13.499,-140.026,241.172,7.888,65.751,-21.368,none,2
2026-05-20 00:55:52,Boat-1,27.713,14.21,-140.711,242.431,6.549,65.463,-21.449,none,2
2026-05-20 00:55:54,Boat-1,28.183,14.645,-135.568,242.106,5.861,67.094,-20.125,none,2
2026-05-20 00:55:56,Boat-1,28.105,12.984,-133.255,240.989,5.787,63.385,-19.259,none,2
2026-05-20 00:55:58,Boat-1,27.842,15.247,-132.058,240.693,7.312,66.674,-18.651,none,2
2026-05-20 00:56:00,Boat-1,29.279,14.399,-133.88,240.705,7.601,69.795,-20.295,none,2
2026-05-20 00:56:02,Boat-1,29.216,11.869,-139.293,240.696,6.257,66.901,-22.148,none,2
2026-05-20 00:56:04,Boat-1,28.978,11.794,-137.536,241.636,7.24,65.217,-21.377,none,2
2026-05-20 00:56:06,Boat-1,28.104,14.335,-135.962,241.231,7.893,64.955,-20.203,none,2
2026-05-20 00:56:08,Boat-1,28.952,14.075,-138.416,241.468,7.95,65.148,-21.656,none,2
2026-05-20 00:56:10,Boat-1,28.902,14.239,-138.379,240.498,9.07,65.461,-21.606,none,2
2026-05-20 00:56:12,Boat-1,28.856,14.348,-135.746,240.823,8.741,65.213,-20.669,none,2
2026-05-20 00:56:14,Boat-1,29.26,14.688,-139.102,240.746,6.007,67.802,-22.117,none,2
2026-05-20 00:56:16,Boat-1,29.022,15.638,-141.648,239.991,9.228,62.503,-22.759,none,2
2026-05-20 00:56:18,Boat-1,29.104,12.972,-140.451,239.699,6.571,67.693,-22.441,none,2
2026-05-20 00:56:20,Boat-1,29.089,12.903,-136.468,239.453,8.462,65.21,-21.089,none,2
2026-05-20 00:56:22,Boat-1,28.984,13.016,-138.865,239.13,7.29,66.723,-21.83,none,2
2026-05-20 00:56:24,Boat-1,28.053,14.823,-137.584,240.644,6.714,63.715,-20.71,none,2
2026-05-20 00:56:26,Boat-1,28.915,16.075,-136.33,240.476,5.039,68.626,-20.915,none,2
2026-05-20 00:56:28,Boat-1,28.645,13.906,-140.301,240.176,7.002,68.46,-22.04,none,2
2026-05-20 00:56:30,Boat-1,28.334,11.224,-136.003,238.209,5.337,67.888,-20.383,none,2
2026-05-20 00:56:32,Boat-1,29.678,12.27,-137.437,237.324,8.369,62.939,-21.859,none,2
2026-05-20 00:56:34,Boat-1,29.706,13.411,-143.569,237.007,9.028,67.627,-23.901,none,2
2026-05-20 00:56:36,Boat-1,29.544,13.778,-133.396,236.31,6.252,66.779,-20.297,none,2
2026-05-20 00:56:38,Boat-1,29.047,13.981,-140.779,237.473,7.571,62.758,-22.503,none,2
2026-05-20 00:56:40,Boat-1,29.537,14.57,-145.166,237.245,6.338,65.92,-24.244,none,2
2026-05-20 00:56:42,Boat-1,28.927,14.123,-142.848,238.325,6.454,66.698,-23.056,none,2
2026-05-20 00:56:44,Boat-1,29.002,15.901,-142.756,238.3,8.138,67.081,-23.088,none,2
2026-05-20 00:56:46,Boat-1,28.405,13.665,-138.678,238.254,7.162,66.323,-21.332,none,2
2026-05-20 00:56:48,Boat-1,29.058,13.431,-139.917,238.094,9.296,66.551,-22.233,none,2
2026-05-20 00:56:50,Boat-1,28.885,15.182,-140.156,238.017,6.63,68.916,-22.178,none,2
2026-05-20 00:56:52,Boat-1,28.247,12.57,-136.521,239.484,8.407,68.421,-20.497,none,2
2026-05-20 00:56:54,Boat-1,28.782,15.08,-137.585,237.316,7.325,60.235,-21.249,none,2
2026-05-20 00:56:56,Boat-1,28.738,14.713,-137.675,235.435,8.163,65.334,-21.248,none,2
2026-05-20 00:56:58,Boat-1,29.549,14.394,-137.319,234.866,6.672,65.64,-21.722,none,2
2026-05-20 00:57:00,Boat-1,29.105,16.656,-136.535,234.799,7.149,62.465,-21.124,none,2
2026-05-20 00:57:02,Boat-1,28.667,13.789,-146.887,235.34,7.07,66.157,-24.011,none,2
2026-05-20 00:57:04,Boat-1,28.731,17.281,-140.261,235.686,6.205,68.466,-22.093,none,2
2026-05-20 00:57:06,Boat-1,28.592,14.315,-147.161,235.26,8.003,63.796,-24.023,none,2
2026-05-20 00:57:08,Boat-1,28.432,12.953,-138.739,236.097,7.988,66.642,-21.373,none,2
2026-05-20 00:57:10,Boat-1,27.985,14.708,-138.894,236.945,7.92,64.137,-21.087,none,2
2026-05-20 00:57:12,Boat-1,28.351,13.223,-134.903,237.03,9.053,64.625,-20.013,none,2
2026-05-20 00:57:14,Boat-1,28.028,13.648,-134.363,237.817,8.947,68.924,-19.597,none,2
2026-05-20 00:57:16,Boat-1,27.743,15.146,-138.106,237.982,6.758,64.884,-20.651,none,2
2026-05-20 00:57:18,Boat-1,28.476,15.355,-140.778,237.397,7.656,66.893,-22.06,none,2
2026-05-20 00:57:20,Boat-1,28.361,13.827,-137.033,237.945,6.46,62.227,-20.753,none,2
2026-05-20 00:57:22,Boat-1,27.318,15.922,-140.882,237.964,7.236,69.694,-21.194,none,2
2026-05-20 00:57:24,Boat-1,28.002,16.146,-138.882,237.885,6.488,67.174,-21.096,none,2
2026-05-20 00:57:26,Boat-1,28.44,16.511,-135.129,239.131,9.152,65.604,-20.155,none,2
2026-05-20 00:57:28,Boat-1,28.402,15.334,-140.996,236.845,7.645,67.12,-22.071,none,2
2026-05-20 00:57:30,Boat-1,28.32,16.419,-135.815,235.489,6.947,63.149,-20.308,none,2
2026-05-20 00:57:32,Boat-1,27.808,12.203,-136.302,234.341,8.641,68.334,-20.105,none,2
2026-05-20 00:57:34,Boat-1,27.341,14.236,-142.505,233.934,4.604,65.321,-21.692,none,2
2026-05-20 00:57:36,Boat-1,27.163,13.523,-135.176,233.625,4.792,65.561,-19.266,none,2
2026-05-20 00:57:38,Boat-1,27.73,14.805,-136.222,232.188,8.165,64.988,-20.022,none,2
2026-05-20 00:57:40,Boat-1,27.66,13.907,-138.489,231.222,7.286,64.813,-20.713,none,2
2026-05-20 00:57:42,Boat-1,27.958,14.434,-141.773,230.367,7.522,67.373,-21.963,none,2
2026-05-20 00:57:44,Boat-1,27.713,17.096,-142.141,232.499,5.648,66.515,-21.88,none,2
2026-05-20 00:57:46,Boat-1,26.904,14.427,-140.919,234.04,7.248,67.345,-20.884,none,2
2026-05-20 00:57:48,Boat-1,25.999,15.185,-136.815,233.59,9.745,66.095,-18.957,none,2
2026-05-20 00:57:50,Boat-1,25.804,14.343,-142.508,233.182,8.435,67.253,-20.474,none,2
2026-05-20 00:57:52,Boat-1,25.19,14.742,-137.214,232.068,7.801,65.553,-18.487,none,2
2026-05-20 00:57:54,Boat-1,23.927,14.649,-143.595,230.271,7.265,71.061,-19.258,none,2
2026-05-20 00:57:56,Boat-1,22.573,15.222,-145.525,230.086,7.535,63.7,-18.608,none,2
2026-05-20 00:57:58,Boat-1,21.837,16.151,-97.748,229.108,5.655,69.577,-2.944,none,2
2026-05-20 00:58:00,Boat-1,20.686,16.774,-49.962,228.951,8.665,69.948,13.307,none,2
2026-05-20 00:58:02,Boat-1,20.301,15.032,-2.585,227.431,9.423,65.565,20.28,gybe,2
2026-05-20 00:58:04,Boat-1,20.945,15.392,48.118,226.665,6.465,71.67,13.983,none,2
2026-05-20 00:58:06,Boat-1,21.328,13.126,97.528,226.719,7.417,69.046,-2.794,none,2
2026-05-20 00:58:08,Boat-1,22.621,14.503,143.707,226.969,6.62,68.778,-18.233,none,2
2026-05-20 00:58:10,Boat-1,23.714,15.835,138.427,227.264,6.634,66.658,-17.741,none,2
2026-05-20 00:58:12,Boat-1,24.048,15.734,137.186,225.996,7.662,65.957,-17.641,none,2
2026-05-20 00:58:14,Boat-1,25.096,14.878,139.46,226.685,4.944,65.807,-19.072,none,2
2026-05-20 00:58:16,Boat-1,26.47,15.75,133.351,225.885,8.078,66.893,-18.171,none,2
2026-05-20 00:58:18,Boat-1,25.605,15.23,140.611,226.374,8.18,68.844,-19.789,none,2
2026-05-20 00:58:20,Boat-1,25.333,16.146,134.574,226.285,6.938,66.366,-17.779,none,2
2026-05-20 00:58:22,Boat-1,25.515,14.956,141.325,224.966,4.245,64.161,-19.919,none,2
2026-05-20 00:58:24,Boat-1,26.385,14.111,139.105,224.602,6.018,67.623,-19.945,none,2
2026-05-20 00:58:26,Boat-1,26.383,15.003,142.95,224.85,8.69,67.813,-21.056,none,2
2026-05-20 00:58:28,Boat-1,26.306,10.749,137.147,225.322,3.875,67.279,-19.285,none,2
2026-05-20 00:58:30,Boat-1,26.895,15.05,133.385,225.115,6.791,67.46,-18.474,none,2
2026-05-20 00:58:32,Boat-1,25.137,9.801,139.17,226.414,5.792,65.427,-19.02,none,2
2026-05-20 00:58:34,Boat-1,26.513,12.296,139.625,227.241,8.174,64.111,-20.198,none,2
2026-05-20 00:58:36,Boat-1,27.035,15.116,143.112,226.93,6.398,64.233,-21.623,none,2
2026-05-20 00:58:38,Boat-1,25.827,15.141,139.748,227.525,7.693,62.698,-19.711,none,2
2026-05-20 00:58:40,Boat-1,26.169,13.001,144.929,229.185,7.887,66.443,-21.417,none,2
2026-05-20 00:58:42,Boat-1,26.01,13.577,142.345,230.869,9.412,65.802,-20.592,none,2
2026-05-20 00:58:44,Boat-1,25.958,16.276,138.015,229.684,6.965,65.089,-19.295,none,2
2026-05-20 00:58:46,Boat-1,26.23,13.856,133.864,228.77,7.659,60.058,-18.176,none,2
2026-05-20 00:58:48,Boat-1,27.039,17.392,128.201,230.027,5.426,63.474,-16.721,none,2
2026-05-20 00:58:50,Boat-1,27.246,14.464,141.105,228.994,8.637,68.211,-21.206,none,2
2026-05-20 00:58:52,Boat-1,26.294,14.987,133.422,227.724,6.296,64.64,-18.074,none,2
2026-05-20 00:58:54,Boat-1,27.332,16.549,137.95,227.207,6.535,66.69,-20.296,none,2
2026-05-20 00:58:56,Boat-1,26.524,14.607,139.451,227.505,7.181,63.188,-20.154,none,2
2026-05-20 00:58:58,Boat-1,27.333,13.124,137.233,227.333,5.333,68.846,-20.066,none,2
2026-05-20 00:59:00,Boat-1,26.541,14.274,138.641,226.667,7.483,65.681,-19.921,none,2
2026-05-20 00:59:02,Boat-1,26.684,14.36,138.457,225.98,8.369,66.549,-19.972,none,2
2026-05-20 00:59:04,Boat-1,26.834,12.621,140.428,225.259,7.56,70.621,-20.684,none,2
2026-05-20 00:59:06,Boat-1,28.147,14.052,144.189,224.388,5.302,69.002,-22.826,none,2
2026-05-20 00:59:08,Boat-1,27.15,13.409,144.742,226.361,7.06,65.356,-22.17,none,2
2026-05-20 00:59:10,Boat-1,26.501,15.564,136.394,226.549,8.099,64.783,-19.189,none,2
2026-05-20 00:59:12,Boat-1,27.31,14.396,139.928,227.267,4.955,65.318,-20.898,none,2
2026-05-20 00:59:14,Boat-1,26.768,13.973,141.142,226.747,5.918,66.989,-20.844,none,2
2026-05-20 00:59:16,Boat-1,26.769,14.191,138.844,226.499,8.26,65.759,-20.155,none,2
2026-05-20 00:59:18,Boat-1,27.459,14.607,135.856,225.777,7.532,65.178,-19.704,none,2
2026-05-20 00:59:20,Boat-1,27.126,15.108,138.191,223.311,7.703,68.903,-20.219,none,2
2026-05-20 00:59:22,Boat-1,27.301,12.995,141.369,221.99,9.44,65.741,-21.327,none,2
2026-05-20 00:59:24,Boat-1,27.247,12.929,134.216,220.281,7.77,70.568,-19.001,none,2
2026-05-20 00:59:26,Boat-1,27.458,15.707,132.875,218.176,7.998,66.15,-18.683,none,2
2026-05-20 00:59:28,Boat-1,27.565,13.723,136.997,217.02,10.461,69.54,-20.158,none,2
2026-05-20 00:59:30,Boat-1,26.569,12.406,135.176,218.133,6.952,66.684,-18.845,none,2
2026-05-20 00:59:32,Boat-1,27.809,14.813,134.157,218.013,6.251,67.895,-19.372,none,2
2026-05-20 00:59:34,Boat-1,27.136,14.826,134.582,219.094,7.722,64.52,-19.047,none,2
2026-05-20 00:59:36,Boat-1,26.997,12.222,136.543,219.384,7.735,64.261,-19.597,none,2
2026-05-20 00:59:38,Boat-1,27.688,14.498,136.603,220.008,6.576,66.888,-20.119,none,2
2026-05-20 00:59:40,Boat-1,21.404,12.812,39.65,119.629,11.862,80.287,16.48,none,3
2026-05-20 00:59:42,Boat-1,20.906,14.14,48.716,119.719,10.896,80.247,13.793,none,3
2026-05-20 00:59:44,Boat-1,21.025,15.696,39.425,120.59,11.339,77.165,16.241,none,3
2026-05-20 00:59:46,Boat-1,20.891,15.88,42.218,119.323,11.381,79.789,15.472,none,3
2026-05-20 00:59:48,Boat-1,21.056,12.399,52.043,118.223,10.783,81.517,12.951,none,3
2026-05-20 00:59:50,Boat-1,21.326,13.853,49.02,116.469,12.246,81.027,13.986,none,3
2026-05-20 00:59:52,Boat-1,20.681,16.037,45.107,116.579,11.95,79.282,14.596,none,3
2026-05-20 00:59:54,Boat-1,21.508,14.943,41.162,115.652,11.558,78.537,16.193,none,3
2026-05-20 00:59:56,Boat-1,20.563,14.548,42.725,115.386,11.148,78.214,15.106,none,3
2026-05-20 00:59:58,Boat-1,21.396,14.023,45.015,116.062,12.62,80.408,15.125,none,3
2026-05-20 01:00:00,Boat-1,21.395,13.818,44.879,115.564,11.381,79.863,15.161,none,3
2026-05-20 01:00:02,Boat-1,21.103,14.704,44.391,115.852,11.296,80.731,15.08,none,3
2026-05-20 01:00:04,Boat-1,21.434,14.012,44.619,115.663,11.79,79.736,15.256,none,3
2026-05-20 01:00:06,Boat-1,21.227,14.296,43.922,116.348,13.7,81.11,15.289,none,3
2026-05-20 01:00:08,Boat-1,21.086,14.465,39.257,116.855,10.056,79.662,16.327,none,3
2026-05-20 01:00:10,Boat-1,21.468,13.492,42.774,116.313,12.588,81.042,15.759,none,3
2026-05-20 01:00:12,Boat-1,21.188,15.076,48.212,116.241,9.393,81.214,14.119,none,3
2026-05-20 01:00:14,Boat-1,21.886,18.184,39.537,117.26,11.925,77.864,16.879,none,3
2026-05-20 01:00:16,Boat-1,21.276,12.096,44.016,117.694,13.554,75.856,15.301,none,3
2026-05-20 01:00:18,Boat-1,22.165,14.838,41.621,116.517,12.251,82.56,16.569,none,3
2026-05-20 01:00:20,Boat-1,21.361,13.438,45.159,117.187,11.869,79.986,15.063,none,3
2026-05-20 01:00:22,Boat-1,21.684,15.188,43.259,116.291,10.992,76.044,15.791,none,3
2026-05-20 01:00:24,Boat-1,21.701,14.507,50.35,117.642,11.702,78.045,13.847,none,3
2026-05-20 01:00:26,Boat-1,22.618,15.447,46.661,118.644,11.362,81.016,15.523,none,3
2026-05-20 01:00:28,Boat-1,22.208,15.995,39.751,118.985,10.721,78.913,17.074,none,3
2026-05-20 01:00:30,Boat-1,21.998,14.726,47.287,119.206,11.316,78.448,14.922,none,3
2026-05-20 01:00:32,Boat-1,22.348,15.957,41.793,119.098,11.902,82.274,16.662,none,3
2026-05-20 01:00:34,Boat-1,21.203,11.447,42.544,119.789,10.744,77.378,15.622,none,3
2026-05-20 01:00:36,Boat-1,22.156,16.571,45.929,119.535,10.697,77.876,15.411,none,3
2026-05-20 01:00:38,Boat-1,23.095,14.999,42.868,119.827,10.032,79.895,16.927,none,3
2026-05-20 01:00:40,Boat-1,22.273,15.921,48.129,120.692,12.133,80.253,14.866,none,3
2026-05-20 01:00:42,Boat-1,22.258,12.943,41.793,120.266,12.319,80.465,16.595,none,3
2026-05-20 01:00:44,Boat-1,22.485,13.457,42.384,119.792,11.942,81.295,16.608,none,3
2026-05-20 01:00:46,Boat-1,22.648,14.734,42.242,118.797,12.823,79.87,16.766,none,3
2026-05-20 01:00:48,Boat-1,21.349,14.53,42.587,117.919,11.77,80.451,15.718,none,3
2026-05-20 01:00:50,Boat-1,21.49,14.927,48.913,116.353,12.135,78.954,14.123,none,3
2026-05-20 01:00:52,Boat-1,22.337,15.976,47.126,117.09,12.029,79.598,15.198,none,3
2026-05-20 01:00:54,Boat-1,21.913,12.278,51.234,118.798,11.554,79.688,13.721,none,3
2026-05-20 01:00:56,Boat-1,22.814,15.845,53.353,120.161,11.027,79.903,13.617,none,3
2026-05-20 01:00:58,Boat-1,22.067,14.596,40.82,118.777,14.321,81.018,16.699,none,3
2026-05-20 01:01:00,Boat-1,21.319,14.327,45.004,119.51,11.122,80.583,15.074,none,3
2026-05-20 01:01:02,Boat-1,21.597,12.685,40.267,120.87,10.865,79.561,16.48,none,3
2026-05-20 01:01:04,Boat-1,20.905,15.257,41.781,120.539,12.185,77.854,15.589,none,3
2026-05-20 01:01:06,Boat-1,22.009,11.47,42.342,120.71,11.967,79.608,16.267,none,3
2026-05-20 01:01:08,Boat-1,21.997,15.456,40.719,118.983,9.979,79.417,16.672,none,3
2026-05-20 01:01:10,Boat-1,21.856,12.678,40.739,119.303,13.012,79.859,16.56,none,3
2026-05-20 01:01:12,Boat-1,22.494,14.691,44.188,118.426,11.551,83.886,16.129,none,3
2026-05-20 01:01:14,Boat-1,22.506,14.471,40.113,118.685,10.332,78.425,17.212,none,3
2026-05-20 01:01:16,Boat-1,21.844,16.15,47.936,117.36,13.092,80.318,14.635,none,3
2026-05-20 01:01:18,Boat-1,20.908,14.401,41.249,117.929,12.418,81.611,15.72,none,3
2026-05-20 01:01:20,Boat-1,22.083,13.734,55.413,118.931,10.156,79.674,12.535,none,3
2026-05-20 01:01:22,Boat-1,21.967,13.98,43.021,118.306,13.819,84.163,16.06,none,3
2026-05-20 01:01:24,Boat-1,21.723,16.296,45.01,117.363,12.507,78.75,15.358,none,3
2026-05-20 01:01:26,Boat-1,21.811,15.341,39.814,115.502,11.764,80.194,16.753,none,3
2026-05-20 01:01:28,Boat-1,20.5,14.144,51.219,115.343,13.793,78.018,12.84,none,3
2026-05-20 01:01:30,Boat-1,21.405,14.339,48.99,114.899,12.251,79.027,14.046,none,3
2026-05-20 01:01:32,Boat-1,19.337,12.611,45.865,113.583,12.28,80.392,13.466,none,3
2026-05-20 01:01:34,Boat-1,19.186,15.154,39.618,114.071,11.845,81.798,14.779,none,3
2026-05-20 01:01:36,Boat-1,17.072,12.362,39.755,113.746,13.697,80.978,13.125,none,3
2026-05-20 01:01:38,Boat-1,16.457,15.627,27.032,112.858,13.907,83.077,14.659,none,3
2026-05-20 01:01:40,Boat-1,16.853,14.817,14.253,112.439,13.594,80.525,16.335,none,3
2026-05-20 01:01:42,Boat-1,15.754,17.753,-1.303,113.483,12.716,80.108,15.749,tack,3
2026-05-20 01:01:44,Boat-1,16.414,13.219,-15.039,114.105,13.732,86.123,15.851,none,3
2026-05-20 01:01:46,Boat-1,16.712,14.515,-27.192,114.068,13.251,81.347,14.865,none,3
2026-05-20 01:01:48,Boat-1,17.38,16.985,-40.425,114.706,11.398,78.901,13.23,none,3
2026-05-20 01:01:50,Boat-1,18.925,16.194,-47.35,113.741,10.872,78.717,12.822,none,3
2026-05-20 01:01:52,Boat-1,18.993,13.738,-49.345,113.85,12.992,78.009,12.374,none,3
2026-05-20 01:01:54,Boat-1,18.9,14.932,-48.951,114.063,8.938,81.603,12.412,none,3
2026-05-20 01:01:56,Boat-1,19.736,14.641,-38.687,113.72,12.131,78.887,15.406,none,3
2026-05-20 01:01:58,Boat-1,20.565,15.002,-45.882,114.192,11.203,79.8,14.316,none,3
2026-05-20 01:02:00,Boat-1,20.588,13.725,-48.595,113.569,13.286,79.38,13.616,none,3
2026-05-20 01:02:02,Boat-1,19.719,14.513,-38.435,114.108,11.094,80.95,15.447,none,3
2026-05-20 01:02:04,Boat-1,20.071,12.548,-44.706,114.685,12.464,77.785,14.265,none,3
2026-05-20 01:02:06,Boat-1,20.088,14.797,-45.777,112.139,11.191,77.323,14.01,none,3
2026-05-20 01:02:08,Boat-1,20.13,15.202,-43.593,113.291,11.802,79.922,14.58,none,3
2026-05-20 01:02:10,Boat-1,19.619,14.317,-37.698,110.628,12.549,80.675,15.524,none,3
2026-05-20 01:02:12,Boat-1,19.9,12.508,-43.499,110.153,11.109,80.138,14.435,none,3
2026-05-20 01:02:14,Boat-1,19.8,15.888,-43.492,111.156,12.86,77.854,14.364,none,3
2026-05-20 01:02:16,Boat-1,20.423,15.071,-44.174,110.95,10.472,80.828,14.648,none,3
2026-05-20 01:02:18,Boat-1,20.39,13.648,-42.595,109.711,12.018,77.985,15.011,none,3
2026-05-20 01:02:20,Boat-1,19.914,14.221,-43.053,108.807,12.772,78.429,14.551,none,3
2026-05-20 01:02:22,Boat-1,19.758,12.629,-44.585,109.811,12.456,77.585,14.072,none,3
2026-05-20 01:02:24,Boat-1,19.956,13.24,-46.418,108.161,13.964,82.075,13.758,none,3
2026-05-20 01:02:26,Boat-1,19.487,13.867,-43.579,109.258,10.748,80.739,14.117,none,3
2026-05-20 01:02:28,Boat-1,19.303,16.156,-43.18,109.288,10.009,80.683,14.076,none,3
2026-05-20 01:02:30,Boat-1,19.363,13.72,-45.087,108.295,10.471,81.967,13.671,none,3
2026-05-20 01:02:32,Boat-1,19.472,15.377,-37.437,107.85,12.457,85.098,15.461,none,3
2026-05-20 01:02:34,Boat-1,19.208,13.837,-46.549,107.014,12.262,76.054,13.21,none,3
2026-05-20 01:02:36,Boat-1,19.782,14.851,-44.734,107.874,11.787,77.996,14.053,none,3
2026-05-20 01:02:38,Boat-1,20.018,14.336,-44.887,108.613,10.317,78.24,14.183,none,3
2026-05-20 01:02:40,Boat-1,18.96,15.647,-48.387,107.146,12.585,77.771,12.591,none,3
2026-05-20 01:02:42,Boat-1,19.674,13.808,-37.316,106.863,10.195,77.317,15.647,none,3
2026-05-20 01:02:44,Boat-1,19.555,12.45,-37.236,106.166,13.055,78.873,15.569,none,3
2026-05-20 01:02:46,Boat-1,19.803,12.689,-45.777,107.41,15.093,77.039,13.811,none,3
2026-05-20 01:02:48,Boat-1,19.642,13.784,-44.709,106.275,12.104,80.143,13.959,none,3
2026-05-20 01:02:50,Boat-1,18.996,12.843,-45.383,107.799,12.364,79.576,13.342,none,3
2026-05-20 01:02:52,Boat-1,19.088,14.99,-42.98,107.849,11.073,80.435,13.965,none,3
2026-05-20 01:02:54,Boat-1,19.679,13.841,-47.261,106.883,9.492,80.488,13.355,none,3
2026-05-20 01:02:56,Boat-1,20.142,17.524,-48.28,106.354,10.941,80.679,13.404,none,3
2026-05-20 01:02:58,Boat-1,18.699,12.168,-46.575,105.712,10.353,78.726,12.854,none,3
2026-05-20 01:03:00,Boat-1,19.872,14.681,-43.745,104.645,9.928,83.715,14.356,none,3
2026-05-20 01:03:02,Boat-1,20.275,12.94,-36.727,104.81,13.731,79.941,16.25,none,3
2026-05-20 01:03:04,Boat-1,19.698,13.754,-47.659,103.785,11.992,75.748,13.267,none,3
2026-05-20 01:03:06,Boat-1,20.045,14.568,-49.379,101.903,12.12,77.468,13.05,none,3
2026-05-20 01:03:08,Boat-1,19.514,11.351,-47.186,101.641,11.294,75.992,13.262,none,3
2026-05-20 01:03:10,Boat-1,19.814,14.67,-41.394,100.099,11.457,79.507,14.864,none,3
2026-05-20 01:03:12,Boat-1,19.177,16.825,-47.297,99.502,12.822,79.229,13.006,none,3
2026-05-20 01:03:14,Boat-1,18.895,13.751,-48.006,98.763,11.626,78.536,12.641,none,3
2026-05-20 01:03:16,Boat-1,20.419,14.667,-50.66,98.059,12.301,83.494,12.944,none,3
2026-05-20 01:03:18,Boat-1,19.6,15.65,-41.407,99.94,11.429,80.571,14.7,none,3
2026-05-20 01:03:20,Boat-1,19.888,14.093,-43.876,100.071,11.254,80.925,14.336,none,3
2026-05-20 01:03:22,Boat-1,19.522,13.539,-47.576,100.372,9.976,77.61,13.17,none,3
2026-05-20 01:03:24,Boat-1,19.567,11.324,-44.954,98.853,9.291,77.474,13.847,none,3
2026-05-20 01:03:26,Boat-1,20.18,15.104,-40.49,98.344,11.35,79.546,15.347,none,3
2026-05-20 01:03:28,Boat-1,19.989,14.112,-46.312,98.618,11.732,79.819,13.807,none,3
2026-05-20 01:03:30,Boat-1,20.549,12.931,-46.935,97.776,10.121,75.76,14.031,none,3
2026-05-20 01:03:32,Boat-1,20.645,14.4,-45.071,98.673,11.623,79.112,14.58,none,3
2026-05-20 01:03:34,Boat-1,20.649,13.465,-45.571,97.671,11.729,79.501,14.455,none,3
2026-05-20 01:03:36,Boat-1,20.677,13.525,-43.753,97.493,9.077,79.042,14.936,none,3
2026-05-20 01:03:38,Boat-1,21.346,14.988,-50.354,97.046,10.566,77.846,13.62,none,3
2026-05-20 01:03:40,Boat-1,30.289,14.31,-153.816,186.737,8.886,56.374,-27.18,none,4
2026-05-20 01:03:42,Boat-1,30.356,17.81,-150.372,185.79,8.467,60.859,-26.387,none,4
2026-05-20 01:03:44,Boat-1,30.375,15.309,-156.454,186.849,8.764,60.805,-27.846,none,4
2026-05-20 01:03:46,Boat-1,30.194,15.6,-161.157,188.004,7.258,60.985,-28.576,none,4
2026-05-20 01:03:48,Boat-1,29.885,15.345,-161.439,187.032,9.321,56.218,-28.33,none,4
2026-05-20 01:03:50,Boat-1,30.661,16.183,-158.942,187.824,6.957,59.897,-28.613,none,4
2026-05-20 01:03:52,Boat-1,30.338,14.024,-159.146,187.665,9.294,60.651,-28.351,none,4
2026-05-20 01:03:54,Boat-1,30.786,11.611,-154.744,187.891,9.715,57.237,-27.844,none,4
2026-05-20 01:03:56,Boat-1,30.453,14.049,-158.674,188.225,8.545,59.317,-28.367,none,4
2026-05-20 01:03:58,Boat-1,30.375,15.361,-156.827,189.04,8.08,59.066,-27.925,none,4
2026-05-20 01:04:00,Boat-1,31.034,13.057,-157.098,189.035,8.772,62.983,-28.588,none,4
2026-05-20 01:04:02,Boat-1,31.054,14.1,-155.83,190.224,4.858,63.148,-28.331,none,4
2026-05-20 01:04:04,Boat-1,31.301,13.441,-149.131,190.422,8.655,55.97,-26.867,none,4
2026-05-20 01:04:06,Boat-1,32.076,16.304,-151.641,190.904,8.156,64.287,-28.227,none,4
2026-05-20 01:04:08,Boat-1,31.267,15.337,-154.095,190.074,8.231,57.469,-28.126,none,4
2026-05-20 01:04:10,Boat-1,31.408,15.221,-155.908,191.937,9.14,61.26,-28.672,none,4
2026-05-20 01:04:12,Boat-1,30.75,15.193,-155.803,192.28,8.202,61.24,-28.048,none,4
2026-05-20 01:04:14,Boat-1,30.697,14.347,-152.911,192.841,6.924,57.308,-27.33,none,4
2026-05-20 01:04:16,Boat-1,32.028,14.663,-151.936,191.314,8.122,60.286,-28.262,none,4
2026-05-20 01:04:18,Boat-1,30.936,12.876,-157.605,190.494,8.373,59.084,-28.603,none,4
2026-05-20 01:04:20,Boat-1,30.914,11.584,-154.018,191.528,8.43,60.408,-27.79,none,4
2026-05-20 01:04:22,Boat-1,31.396,14.632,-161.876,191.706,8.486,59.76,-29.838,none,4
2026-05-20 01:04:24,Boat-1,31.399,14.868,-153.352,189.904,9.539,61.692,-28.064,none,4
2026-05-20 01:04:26,Boat-1,31.057,16.029,-151.26,190.758,6.989,59.45,-27.231,none,4
2026-05-20 01:04:28,Boat-1,31.345,16.509,-155.221,190.189,8.503,58.963,-28.459,none,4
2026-05-20 01:04:30,Boat-1,32.051,16.517,-147.253,191.379,9.84,61.491,-26.957,none,4
2026-05-20 01:04:32,Boat-1,31.148,13.188,-157.505,191.22,6.21,60.46,-28.778,none,4
2026-05-20 01:04:34,Boat-1,30.892,14.036,-153.33,191.324,8.507,60.763,-27.605,none,4
2026-05-20 01:04:36,Boat-1,31.949,15.128,-154.292,192.305,7.589,57.97,-28.786,none,4
2026-05-20 01:04:38,Boat-1,31.747,17.803,-154.537,191.417,7.847,57.208,-28.664,none,4
2026-05-20 01:04:40,Boat-1,31.245,16.444,-154.591,190.444,7.206,58.164,-28.222,none,4
2026-05-20 01:04:42,Boat-1,30.806,15.984,-153.749,190.187,8.088,58.057,-27.629,none,4
2026-05-20 01:04:44,Boat-1,31.174,14.032,-150.934,190.851,10.501,60.871,-27.248,none,4
2026-05-20 01:04:46,Boat-1,31.471,13.396,-148.921,189.574,6.775,61.251,-26.954,none,4
2026-05-20 01:04:48,Boat-1,32.004,15.577,-154.165,187.992,6.888,58.989,-28.805,none,4
2026-05-20 01:04:50,Boat-1,30.993,13.128,-151.058,188.654,6.73,62.161,-27.123,none,4
2026-05-20 01:04:52,Boat-1,31.398,14.256,-156.823,188.031,10.365,62.036,-28.864,none,4
2026-05-20 01:04:54,Boat-1,31.713,14.424,-151.246,187.598,7.737,59.786,-27.803,none,4
2026-05-20 01:04:56,Boat-1,30.308,16.65,-157.052,185.847,8.261,57.655,-27.909,none,4
2026-05-20 01:04:58,Boat-1,31.812,14.125,-150.012,185.156,7.809,62.45,-27.553,none,4
2026-05-20 01:05:00,Boat-1,30.778,11.421,-145.756,185.069,7.159,59.177,-25.443,none,4
2026-05-20 01:05:02,Boat-1,31.42,15.253,-154.62,185.826,8.01,59.551,-28.388,none,4
2026-05-20 01:05:04,Boat-1,31.339,13.694,-162.488,185.052,11.242,58.62,-29.887,none,4
2026-05-20 01:05:06,Boat-1,31.671,14.663,-156.239,186.464,9.962,57.519,-28.987,none,4
2026-05-20 01:05:08,Boat-1,31.383,14.5,-149.475,185.768,7.268,56.362,-27.034,none,4
2026-05-20 01:05:10,Boat-1,30.016,14.262,-152.055,185.073,9.069,60.565,-26.516,none,4
2026-05-20 01:05:12,Boat-1,30.679,15.649,-153.21,186.377,7.294,57.732,-27.387,none,4
2026-05-20 01:05:14,Boat-1,31.04,12.633,-150.323,186.487,6.16,65.418,-26.968,none,4
2026-05-20 01:05:16,Boat-1,30.833,13.957,-152.315,185.91,9.515,57.127,-27.303,none,4
2026-05-20 01:05:18,Boat-1,31.077,15.522,-149.529,185.69,9.684,56.784,-26.784,none,4
2026-05-20 01:05:20,Boat-1,31.156,13.838,-150.662,186.828,9.547,60.319,-27.16,none,4
2026-05-20 01:05:22,Boat-1,31.012,12.547,-148.374,188.068,7.728,62.358,-26.407,none,4
2026-05-20 01:05:24,Boat-1,30.578,15.51,-152.793,187.253,8.092,59.428,-27.195,none,4
2026-05-20 01:05:26,Boat-1,29.779,16.103,-150.716,187.135,9.192,60.444,-25.973,none,4
2026-05-20 01:05:28,Boat-1,30.338,14.587,-155.323,187.136,8.762,55.612,-27.567,none,4
2026-05-20 01:05:30,Boat-1,30.661,12.098,-156.442,186.168,7.82,57.945,-28.106,none,4
2026-05-20 01:05:32,Boat-1,29.909,15.566,-147.671,186.038,6.351,57.154,-25.273,none,4
2026-05-20 01:05:34,Boat-1,30.598,12.491,-153.335,185.963,8.434,55.515,-27.344,none,4
2026-05-20 01:05:36,Boat-1,30.611,15.051,-151.098,186.909,9.6,59.547,-26.799,none,4
2026-05-20 01:05:38,Boat-1,30.097,13.496,-153.686,187.916,6.886,54.847,-26.978,none,4
2026-05-20 01:05:40,Boat-1,28.404,13.142,-156.385,187.539,9.126,56.728,-26.025,none,4
2026-05-20 01:05:42,Boat-1,28.799,14.075,-154.115,187.267,8.822,58.368,-25.909,none,4
2026-05-20 01:05:44,Boat-1,29.604,14.411,-148.7,187.785,9.43,57.894,-25.295,none,4
2026-05-20 01:05:46,Boat-1,27.645,13.811,-152.046,187.178,9.728,60.514,-24.42,none,4
2026-05-20 01:05:48,Boat-1,25.913,15.412,-160.66,187.628,8.043,60.543,-24.45,none,4
2026-05-20 01:05:50,Boat-1,26.163,14.065,-161.262,187.469,7.152,61.954,-24.776,none,4
2026-05-20 01:05:52,Boat-1,24.491,15.918,-110.013,186.516,8.654,61.89,-8.382,none,4
2026-05-20 01:05:54,Boat-1,24.161,15.007,-54.65,185.575,10.506,62.823,13.979,none,4
2026-05-20 01:05:56,Boat-1,23.45,13.732,-3.443,186.797,8.841,60.595,23.408,gybe,4
2026-05-20 01:05:58,Boat-1,23.749,13.51,46.469,186.577,8.606,61.149,16.357,none,4
2026-05-20 01:06:00,Boat-1,24.407,12.491,97.766,187.973,7.109,61.408,-3.298,none,4
2026-05-20 01:06:02,Boat-1,25.56,15.007,149.781,187.431,11.195,60.449,-22.086,none,4
2026-05-20 01:06:04,Boat-1,27.35,14.165,155.568,187.613,9.867,59.137,-24.901,none,4
2026-05-20 01:06:06,Boat-1,27.73,11.538,150.043,189.686,9.605,59.056,-24.025,none,4
2026-05-20 01:06:08,Boat-1,27.33,13.921,156.216,188.654,9.691,57.921,-25.009,none,4
2026-05-20 01:06:10,Boat-1,28.747,13.442,149.793,186.866,9.116,60.286,-24.844,none,4
2026-05-20 01:06:12,Boat-1,29.357,16.656,152.096,187.944,8.066,59.184,-25.943,none,4
2026-05-20 01:06:14,Boat-1,29.533,12.389,153.226,187.12,8.127,58.007,-26.366,none,4
2026-05-20 01:06:16,Boat-1,28.856,12.724,153.603,187.022,7.792,57.989,-25.848,none,4
2026-05-20 01:06:18,Boat-1,29.581,16.035,154.821,186.414,11.459,56.884,-26.77,none,4
2026-05-20 01:06:20,Boat-1,29.46,16.349,150.183,186.576,8.961,61.259,-25.56,none,4
2026-05-20 01:06:22,Boat-1,30.179,13.611,157.445,185.64,7.736,59.457,-27.871,none,4
2026-05-20 01:06:24,Boat-1,28.662,13.751,160.32,185.398,8.851,57.574,-26.987,none,4
2026-05-20 01:06:26,Boat-1,28.75,15.367,151.821,185.723,7.079,60.916,-25.343,none,4
2026-05-20 01:06:28,Boat-1,28.823,11.534,151.758,184.736,10.097,58.178,-25.392,none,4
2026-05-20 01:06:30,Boat-1,28.727,12.132,152.331,184.025,7.499,56.486,-25.442,none,4
2026-05-20 01:06:32,Boat-1,28.536,14.179,152.607,183.633,8.893,61.341,-25.336,none,4
2026-05-20 01:06:34,Boat-1,27.686,16.551,155.374,182.267,9.571,58.225,-25.168,none,4
2026-05-20 01:06:36,Boat-1,28.731,13.962,151.164,181.807,8.754,58.481,-25.168,none,4
2026-05-20 01:06:38,Boat-1,29.093,14.652,154.329,181.833,8.405,59.381,-26.221,none,4
2026-05-20 01:06:40,Boat-1,28.708,15.986,156.007,181.394,8.305,61.584,-26.228,none,4
2026-05-20 01:06:42,Boat-1,29.809,17.242,155.341,181.07,8.224,59.339,-27.091,none,4
2026-05-20 01:06:44,Boat-1,28.955,13.744,146.478,180.972,7.6,56.901,-24.139,none,4
2026-05-20 01:06:46,Boat-1,29.545,14.463,160.749,180.302,7.753,60.387,-27.893,none,4
2026-05-20 01:06:48,Boat-1,29.099,16.845,152.257,180.844,10.067,58.329,-25.754,none,4
2026-05-20 01:06:50,Boat-1,29.375,12.488,160.537,182.056,8.162,63.075,-27.697,none,4
2026-05-20 01:06:52,Boat-1,29.154,15.793,154.568,181.558,7.349,59.297,-26.329,none,4
2026-05-20 01:06:54,Boat-1,29.673,13.123,155.804,181.915,7.672,54.829,-27.066,none,4
2026-05-20 01:06:56,Boat-1,29.114,14.57,162.079,181.619,9.612,60.014,-27.701,none,4
2026-05-20 01:06:58,Boat-1,29.347,14.111,152.678,181.868,9.103,63.188,-26.073,none,4
2026-05-20 01:07:00,Boat-1,29.326,13.171,155.6,183.197,8.964,62.451,-26.707,none,4
2026-05-20 01:07:02,Boat-1,29.072,13.128,162.133,183.575,7.983,62.961,-27.67,none,4
2026-05-20 01:07:04,Boat-1,29.428,14.755,150.966,181.899,8.98,57.259,-25.73,none,4
2026-05-20 01:07:06,Boat-1,30.298,15.679,148.703,182.227,7.52,61.123,-25.889,none,4
2026-05-20 01:07:08,Boat-1,29.219,14.205,148.494,183.257,7.98,57.855,-24.912,none,4
2026-05-20 01:07:10,Boat-1,29.581,14.454,152.792,182.978,9.456,59.748,-26.308,none,4
2026-05-20 01:07:12,Boat-1,30.012,15.094,153.981,183.794,9.341,56.753,-26.971,none,4
2026-05-20 01:07:14,Boat-1,30.016,13.077,149.109,183.093,7.114,58.01,-25.758,none,4
2026-05-20 01:07:16,Boat-1,29.566,15.29,147.763,181.676,7.265,57.947,-25.008,none,4
2026-05-20 01:07:18,Boat-1,28.548,15.383,149.849,181.723,8.422,61.096,-24.685,none,4
2026-05-20 01:07:20,Boat-1,29.914,17.691,157.734,180.062,10.363,60.9,-27.684,none,4
2026-05-20 01:07:22,Boat-1,28.746,13.805,153.391,179.766,5.993,59.853,-25.702,none,4
2026-05-20 01:07:24,Boat-1,30.471,13.687,152.486,180.844,8.626,56.598,-27.025,none,4
2026-05-20 01:07:26,Boat-1,29.951,15.271,161.033,179.045,6.641,58.676,-28.325,none,4
2026-05-20 01:07:28,Boat-1,30.391,15.324,152.373,177.814,7.531,57.807,-26.926,none,4
2026-05-20 01:07:30,Boat-1,29.603,13.552,145.519,176.805,7.855,61.038,-24.402,none,4
2026-05-20 01:07:32,Boat-1,29.378,13.711,151.725,176.668,7.787,61.655,-25.873,none,4
2026-05-20 01:07:34,Boat-1,30.262,14.927,148.557,176.259,7.651,61.412,-25.819,none,4
2026-05-20 01:07:36,Boat-1,30.199,13.136,153.461,177.438,8.301,57.789,-27.017,none,4
2026-05-20 01:07:38,Boat-1,30.061,13.666,154.435,178.217,7.65,53.82,-27.118,none,4
2026-05-20 01:07:40,Boat-1,20.948,14.47,39.255,158.061,14.845,81.445,16.221,none,5
2026-05-20 01:07:42,Boat-1,20.542,12.169,42.706,158.266,15.382,75.97,15.095,none,5
2026-05-20 01:07:44,Boat-1,19.61,15.226,37.892,159.324,13.719,81.231,15.475,none,5
2026-05-20 01:07:46,Boat-1,19.852,15.884,41.938,160.181,15.885,78.872,14.767,none,5
2026-05-20 01:07:48,Boat-1,20.42,13.133,46.401,160.116,14.472,78.955,14.082,none,5
2026-05-20 01:07:50,Boat-1,21.186,14.248,37.432,159.593,15.374,80.197,16.823,none,5
2026-05-20 01:07:52,Boat-1,21.066,12.028,41.594,160.694,14.913,80.54,15.755,none,5
2026-05-20 01:07:54,Boat-1,21.167,12.646,46.272,161.471,17.564,77.725,14.631,none,5
2026-05-20 01:07:56,Boat-1,22.03,15.657,40.789,160.105,17.632,80.813,16.679,none,5
2026-05-20 01:07:58,Boat-1,20.649,13.7,40.198,159.903,15.309,79.605,15.772,none,5
2026-05-20 01:08:00,Boat-1,21.274,12.876,46.8,160.132,15.33,76.866,14.563,none,5
2026-05-20 01:08:02,Boat-1,21.49,14.627,41.215,160.913,14.806,79.038,16.166,none,5
2026-05-20 01:08:04,Boat-1,21.087,13.661,46.575,161.812,16.581,82.14,14.495,none,5
2026-05-20 01:08:06,Boat-1,21.495,13.739,44.008,162.148,14.859,82.731,15.46,none,5
2026-05-20 01:08:08,Boat-1,20.824,15.324,41.075,162.755,14.748,80.812,15.698,none,5
2026-05-20 01:08:10,Boat-1,22.24,12.863,44.201,162.892,16.428,76.997,15.944,none,5
2026-05-20 01:08:12,Boat-1,21.358,13.208,43.596,162.366,14.608,80.359,15.468,none,5
2026-05-20 01:08:14,Boat-1,22.636,14.596,46.258,162.211,15.208,81.079,15.651,none,5
2026-05-20 01:08:16,Boat-1,21.762,15.666,40.295,162.308,13.356,80.829,16.599,none,5
2026-05-20 01:08:18,Boat-1,22.292,16.026,42.535,162.357,16.099,80.948,16.426,none,5
2026-05-20 01:08:20,Boat-1,21.856,13.562,42.145,160.74,17.583,80.104,16.205,none,5
2026-05-20 01:08:22,Boat-1,21.914,15.655,45.054,160.462,16.119,79.233,15.481,none,5
2026-05-20 01:08:24,Boat-1,21.711,13.428,38.483,160.592,17.008,78.161,16.995,none,5
2026-05-20 01:08:26,Boat-1,22.07,16.831,46.243,160.419,14.238,75.582,15.263,none,5
2026-05-20 01:08:28,Boat-1,22.199,12.993,44.15,160.277,15.537,80.057,15.928,none,5
2026-05-20 01:08:30,Boat-1,21.739,16.203,37.374,160.796,14.122,79.75,17.276,none,5
2026-05-20 01:08:32,Boat-1,22.07,13.632,46.97,159.905,14.98,80.493,15.06,none,5
2026-05-20 01:08:34,Boat-1,21.882,17.111,50.868,158.52,16.18,76.703,13.81,none,5
2026-05-20 01:08:36,Boat-1,23.218,15.272,46.185,158.287,15.376,80.668,16.074,none,5
2026-05-20 01:08:38,Boat-1,22.166,13.191,47.801,159.054,13.558,83.487,14.889,none,5
2026-05-20 01:08:40,Boat-1,22.922,13.841,42.703,160.653,13.676,79.535,16.845,none,5
2026-05-20 01:08:42,Boat-1,22.156,15.544,36.065,161.437,13.596,79.254,17.91,none,5
2026-05-20 01:08:44,Boat-1,22.373,15.905,35.371,160.196,15.843,79.996,18.244,none,5
2026-05-20 01:08:46,Boat-1,21.671,14.452,43.348,160.066,17.731,83.443,15.759,none,5
2026-05-20 01:08:48,Boat-1,22.068,14.61,40.129,160.377,16.89,77.331,16.873,none,5
2026-05-20 01:08:50,Boat-1,22.361,15.545,38.903,160.617,12.982,79.786,17.401,none,5
2026-05-20 01:08:52,Boat-1,22.962,14.737,42.14,161.183,16.968,77.784,17.026,none,5
2026-05-20 01:08:54,Boat-1,22.302,12.891,44.718,160.437,16.4,78.298,15.848,none,5
2026-05-20 01:08:56,Boat-1,22.727,13.523,36.858,160.576,13.452,79.313,18.184,none,5
2026-05-20 01:08:58,Boat-1,22.201,14.891,40.673,161.034,15.002,82.145,16.838,none,5
2026-05-20 01:09:00,Boat-1,22.305,16.172,48.116,161.857,16.789,83.123,14.892,none,5
2026-05-20 01:09:02,Boat-1,21.003,16.698,38.292,161.212,16.31,80.531,16.484,none,5
2026-05-20 01:09:04,Boat-1,21.324,15.616,45.683,160.981,14.332,79.047,14.897,none,5
2026-05-20 01:09:06,Boat-1,19.033,14.981,40.536,158.628,16.96,84.996,14.465,none,5
2026-05-20 01:09:08,Boat-1,17.799,15.586,38.495,158.149,14.023,79.39,13.93,none,5
2026-05-20 01:09:10,Boat-1,16.559,13.751,29.457,157.757,16.657,79.321,14.418,none,5
2026-05-20 01:09:12,Boat-1,17.394,14.423,10.886,156.919,18.531,77.071,17.081,none,5
2026-05-20 01:09:14,Boat-1,16.412,13.554,-0.667,157.148,17.276,83.47,16.411,tack,5
2026-05-20 01:09:16,Boat-1,16.115,13.006,-16.653,157.178,16.567,82.557,15.439,none,5
2026-05-20 01:09:18,Boat-1,17.505,15.066,-29.543,155.224,17.991,85.299,15.229,none,5
2026-05-20 01:09:20,Boat-1,18.213,14.877,-44.652,155.498,17.757,77.466,12.956,none,5
2026-05-20 01:09:22,Boat-1,19.818,15.533,-43.365,154.743,17.799,82.927,14.407,none,5
2026-05-20 01:09:24,Boat-1,19.154,15.351,-43.36,155.26,16.952,79.94,13.926,none,5
2026-05-20 01:09:26,Boat-1,20.436,14.959,-44.222,154.186,16.947,81.247,14.645,none,5
2026-05-20 01:09:28,Boat-1,20.815,15.369,-43.659,154.293,16.354,76.226,15.059,none,5
2026-05-20 01:09:30,Boat-1,20.401,14.591,-39.172,154.118,15.685,82.387,15.816,none,5
2026-05-20 01:09:32,Boat-1,21.885,15.185,-37.249,154.471,15.413,80.985,17.421,none,5
2026-05-20 01:09:34,Boat-1,21.314,13.705,-45.693,154.663,14.991,79.314,14.888,none,5
2026-05-20 01:09:36,Boat-1,21.746,15.13,-43.084,154.514,13.807,80.674,15.882,none,5
2026-05-20 01:09:38,Boat-1,22.427,15.519,-46.746,153.211,14.11,77.849,15.368,none,5
2026-05-20 01:09:40,Boat-1,21.147,13.779,-42.208,151.962,14.916,78.22,15.664,none,5
2026-05-20 01:09:42,Boat-1,21.051,14.717,-37.039,151.516,15.544,78.451,16.804,none,5
2026-05-20 01:09:44,Boat-1,21.228,13.838,-46.05,151.589,16.983,75.672,14.733,none,5
2026-05-20 01:09:46,Boat-1,21.55,13.964,-40.971,151.121,15.204,81.101,16.272,none,5
2026-05-20 01:09:48,Boat-1,20.783,13.184,-43.678,151.764,16.458,81.761,15.031,none,5
2026-05-20 01:09:50,Boat-1,20.685,16.291,-39.918,151.593,16.549,77.975,15.865,none,5
2026-05-20 01:09:52,Boat-1,21.376,16.029,-48.627,150.804,14.976,80.074,14.129,none,5
2026-05-20 01:09:54,Boat-1,21.003,15.34,-39.047,150.634,15.967,78.847,16.311,none,5
2026-05-20 01:09:56,Boat-1,19.844,17.203,-41.096,150.917,14.961,80.034,14.955,none,5
2026-05-20 01:09:58,Boat-1,20.145,14.39,-42.787,151.29,16.84,78.123,14.784,none,5
2026-05-20 01:10:00,Boat-1,21.306,18.574,-38.228,153.06,16.017,77.611,16.737,none,5
2026-05-20 01:10:02,Boat-1,20.745,14.334,-43.634,152.538,13.825,81.482,15.015,none,5
2026-05-20 01:10:04,Boat-1,20.157,14.957,-48.504,152.552,15.447,79.25,13.356,none,5
2026-05-20 01:10:06,Boat-1,20.36,14.105,-40.515,153.016,17.231,83.422,15.479,none,5
2026-05-20 01:10:08,Boat-1,20.381,15.101,-43.88,153.074,15.036,79.47,14.691,none,5
2026-05-20 01:10:10,Boat-1,20.646,15.699,-31.93,152.704,15.791,77.526,17.522,none,5
2026-05-20 01:10:12,Boat-1,19.646,14.46,-42.23,151.39,15.909,81.832,14.547,none,5
2026-05-20 01:10:14,Boat-1,19.822,16.913,-41.189,151.01,14.01,80.639,14.917,none,5
2026-05-20 01:10:16,Boat-1,20.27,14.908,-39.268,150.123,15.867,80.832,15.693,none,5
2026-05-20 01:10:18,Boat-1,20.05,14.943,-46.488,148.65,13.581,81.759,13.805,none,5
2026-05-20 01:10:20,Boat-1,20.303,13.404,-41.139,148.013,14.503,78.072,15.291,none,5
2026-05-20 01:10:22,Boat-1,19.446,15.123,-41.704,147.151,16.545,79.123,14.518,none,5
2026-05-20 01:10:24,Boat-1,20.116,14.399,-40.945,147.756,15.682,79.035,15.194,none,5
2026-05-20 01:10:26,Boat-1,20.405,13.775,-35.094,148.377,14.888,76.796,16.696,none,5
2026-05-20 01:10:28,Boat-1,20.095,13.55,-38.077,147.644,15.789,78.851,15.818,none,5
2026-05-20 01:10:30,Boat-1,19.903,18.025,-46.03,147.49,15.182,82.051,13.818,none,5
2026-05-20 01:10:32,Boat-1,19.766,14.202,-34.36,145.897,15.269,79.852,16.317,none,5
2026-05-20 01:10:34,Boat-1,19.404,12.642,-39.466,145.532,16.042,76.686,14.98,none,5
2026-05-20 01:10:36,Boat-1,19.722,13.621,-40.859,145.971,14.381,76.266,14.916,none,5
2026-05-20 01:10:38,Boat-1,20.3,14.453,-49.004,146.794,15.302,82.707,13.317,none,5
2026-05-20 01:10:40,Boat-1,19.661,15.223,-45.299,146.232,14.879,79.197,13.83,none,5
2026-05-20 01:10:42,Boat-1,19.299,15.224,-40.261,147.259,13.351,78.083,14.727,none,5
2026-05-20 01:10:44,Boat-1,19.466,15.374,-47.335,145.975,14.149,78.83,13.192,none,5
2026-05-20 01:10:46,Boat-1,19.77,13.647,-39.564,144.932,17.136,76.423,15.241,none,5
2026-05-20 01:10:48,Boat-1,19.508,14.918,-46.213,145.651,15.715,82.224,13.499,none,5
2026-05-20 01:10:50,Boat-1,19.894,13.328,-37.215,147.235,13.665,78.592,15.843,none,5
2026-05-20 01:10:52,Boat-1,19.914,13.651,-46.457,147.759,13.405,82.113,13.719,none,5
2026-05-20 01:10:54,Boat-1,20.085,13.254,-40.835,147.802,15.119,79.481,15.196,none,5
2026-05-20 01:10:56,Boat-1,20.336,12.892,-38.47,145.907,17.127,82.237,15.922,none,5
2026-05-20 01:10:58,Boat-1,20.157,15.81,-41.553,144.166,15.03,79.891,15.084,none,5
2026-05-20 01:11:00,Boat-1,19.306,15.312,-43.432,144.363,16.822,81.084,14.02,none,5
2026-05-20 01:11:02,Boat-1,19.341,15.676,-40.498,144.121,15.676,80.816,14.707,none,5
2026-05-20 01:11:04,Boat-1,19.737,14.446,-44.483,143.205,15.819,80.624,14.082,none,5
2026-05-20 01:11:06,Boat-1,19.596,15.394,-40.163,143.344,13.651,80.074,14.975,none,5
2026-05-20 01:11:08,Boat-1,19.318,12.084,-44.736,143.528,16.379,78.912,13.722,none,5
2026-05-20 01:11:10,Boat-1,19.665,15.485,-44.059,144.458,14.852,83.209,14.132,none,5
2026-05-20 01:11:12,Boat-1,19.687,14.582,-42.147,144.661,16.289,77.564,14.597,none,5
2026-05-20 01:11:14,Boat-1,19.639,15.155,-40.701,145.847,14.277,79.386,14.889,none,5
2026-05-20 01:11:16,Boat-1,19.842,14.823,-42.954,145.934,15.466,79.408,14.522,none,5
2026-05-20 01:11:18,Boat-1,20.56,13.034,-44.469,145.91,15.676,80.183,14.672,none,5
2026-05-20 01:11:20,Boat-1,20.168,12.358,-50.213,146.948,15.069,78.519,12.906,none,5
2026-05-20 01:11:22,Boat-1,21.242,13.369,-45.948,146.147,15.739,80.007,14.77,none,5
2026-05-20 01:11:24,Boat-1,20.259,15.017,-46.087,148.76,14.934,79.04,14.051,none,5
2026-05-20 01:11:26,Boat-1,20.108,15.168,-54.115,149.178,14.475,76.214,11.786,none,5
2026-05-20 01:11:28,Boat-1,20.298,12.481,-44.339,149.601,17.18,79.397,14.517,none,5
2026-05-20 01:11:30,Boat-1,20.471,12.972,-44.22,150.153,16.512,77.177,14.671,none,5
2026-05-20 01:11:32,Boat-1,20.612,13.295,-45.054,151.923,14.341,75.909,14.561,none,5
2026-05-20 01:11:34,Boat-1,21.414,13.759,-38.544,152.716,15.936,79.652,16.748,none,5
2026-05-20 01:11:36,Boat-1,20.163,12.441,-40.691,151.351,14.362,80.354,15.288,none,5
2026-05-20 01:11:38,Boat-1,20.995,12.351,-40.455,152.694,13.832,80.431,15.975,none,5
2026-05-20 01:11:40,Boat-1,30.374,14.407,-157.8,190.191,10.693,67.269,-28.122,none,6
2026-05-20 01:11:42,Boat-1,31.43,14.083,-157.847,190.166,11.411,68.357,-29.11,none,6
2026-05-20 01:11:44,Boat-1,30.921,14.748,-155.268,190.886,12.08,66.646,-28.085,none,6
2026-05-20 01:11:46,Boat-1,30.701,14.583,-156.411,190.717,11.535,64.382,-28.136,none,6
2026-05-20 01:11:48,Boat-1,30.402,13.851,-149.527,190.996,10.895,65.798,-26.203,none,6
2026-05-20 01:11:50,Boat-1,29.63,13.574,-151.062,190.429,9.911,70.092,-25.93,none,6
2026-05-20 01:11:52,Boat-1,29.967,13.952,-148.22,190.864,9.521,67.679,-25.474,none,6
2026-05-20 01:11:54,Boat-1,31.197,15.776,-150.89,191.122,10.193,68.432,-27.257,none,6
2026-05-20 01:11:56,Boat-1,30.321,13.343,-151.604,191.821,11.298,67.007,-26.672,none,6
2026-05-20 01:11:58,Boat-1,30.415,14.224,-147.838,192.383,11.21,66.211,-25.748,none,6
2026-05-20 01:12:00,Boat-1,30.707,14.556,-150.612,192.833,8.286,70.885,-26.755,none,6
2026-05-20 01:12:02,Boat-1,30.352,16.357,-152.138,192.665,9.863,67.153,-26.834,none,6
2026-05-20 01:12:04,Boat-1,30.324,13.95,-146.771,192.805,12.252,66.643,-25.366,none,6
2026-05-20 01:12:06,Boat-1,30.897,15.598,-151.959,193.682,10.901,69.722,-27.27,none,6
2026-05-20 01:12:08,Boat-1,30.56,15.964,-153.553,193.015,9.106,66.085,-27.361,none,6
2026-05-20 01:12:10,Boat-1,30.665,14.291,-155.581,192.37,13.633,66.34,-27.922,none,6
2026-05-20 01:12:12,Boat-1,30.682,14.111,-149.725,192.453,10.772,67.55,-26.497,none,6
2026-05-20 01:12:14,Boat-1,31.3,13.967,-147.696,192.747,11.268,67.53,-26.455,none,6
2026-05-20 01:12:16,Boat-1,30.989,14.073,-152.589,191.925,11.286,68.049,-27.509,none,6
2026-05-20 01:12:18,Boat-1,31.038,15.527,-147.427,191.778,10.365,71.713,-26.155,none,6
2026-05-20 01:12:20,Boat-1,31.408,14.727,-159.883,191.613,9.933,68.202,-29.492,none,6
2026-05-20 01:12:22,Boat-1,31.094,14.743,-152.608,189.539,13.352,62.773,-27.607,none,6
2026-05-20 01:12:24,Boat-1,31.047,12.984,-152.549,189.262,12.01,68.182,-27.551,none,6
2026-05-20 01:12:26,Boat-1,31.395,13.199,-155.159,189.04,11.793,67.605,-28.49,none,6
2026-05-20 01:12:28,Boat-1,31.491,17.253,-143.338,188.816,11.498,67.616,-25.261,none,6
2026-05-20 01:12:30,Boat-1,31.128,14.245,-152.648,190.01,9.602,68.021,-27.648,none,6
2026-05-20 01:12:32,Boat-1,31.23,13.478,-153.946,188.836,12.339,67.472,-28.057,none,6
2026-05-20 01:12:34,Boat-1,30.839,16.355,-152.298,188.014,9.795,67.424,-27.304,none,6
2026-05-20 01:12:36,Boat-1,30.796,14.87,-160.008,185.583,11.146,68.756,-28.94,none,6
2026-05-20 01:12:38,Boat-1,31.519,15.263,-155.284,185.07,8.839,66.445,-28.632,none,6
2026-05-20 01:12:40,Boat-1,31.359,14.341,-148.66,184.634,8.357,65.634,-26.784,none,6
2026-05-20 01:12:42,Boat-1,31.346,14.114,-154.787,184.095,11.188,73.577,-28.359,none,6
2026-05-20 01:12:44,Boat-1,31.246,14.316,-155.547,185.012,9.835,66.098,-28.443,none,6
2026-05-20 01:12:46,Boat-1,31.116,12.747,-147.421,185.707,8.419,67.73,-26.22,none,6
2026-05-20 01:12:48,Boat-1,31.38,14.438,-147.304,185.697,11.455,64.538,-26.408,none,6
2026-05-20 01:12:50,Boat-1,31.456,14.944,-150.432,185.283,13.35,67.763,-27.36,none,6
2026-05-20 01:12:52,Boat-1,31.411,16.972,-154.126,186.127,12.474,65.663,-28.262,none,6
2026-05-20 01:12:54,Boat-1,30.918,14.685,-153.307,186.029,10.498,66.645,-27.623,none,6
2026-05-20 01:12:56,Boat-1,31.547,11.545,-155.453,185.212,10.817,69.62,-28.696,none,6
2026-05-20 01:12:58,Boat-1,30.983,14.464,-156.177,183.588,11.872,68.474,-28.343,none,6
2026-05-20 01:13:00,Boat-1,31.118,18.153,-156.366,183.111,12.153,68.666,-28.508,none,6
2026-05-20 01:13:02,Boat-1,30.912,15.724,-154.745,183.71,10.394,63.987,-27.957,none,6
2026-05-20 01:13:04,Boat-1,30.845,13.549,-156.329,185.679,10.847,71.203,-28.25,none,6
2026-05-20 01:13:06,Boat-1,30.349,15.376,-158.339,185.654,11.167,65.146,-28.206,none,6
2026-05-20 01:13:08,Boat-1,30.94,13.648,-151.563,184.885,11.471,70.587,-27.207,none,6
2026-05-20 01:13:10,Boat-1,31.847,12.857,-151.505,183.739,10.647,69.573,-27.989,none,6
2026-05-20 01:13:12,Boat-1,30.338,14.169,-145.934,184.156,10.662,68.684,-25.132,none,6
2026-05-20 01:13:14,Boat-1,30.477,14.745,-154.936,182.487,12.462,65.82,-27.608,none,6
2026-05-20 01:13:16,Boat-1,30.182,12.196,-151.272,182.903,12.258,67.833,-26.467,none,6
2026-05-20 01:13:18,Boat-1,30.099,13.139,-151.209,183.559,11.379,66.588,-26.378,none,6
2026-05-20 01:13:20,Boat-1,30.948,14.649,-153.361,183.871,12.869,67.588,-27.663,none,6
2026-05-20 01:13:22,Boat-1,29.883,14.108,-149.568,183.594,10.343,67.03,-25.767,none,6
2026-05-20 01:13:24,Boat-1,29.906,15.154,-149.451,184.022,12.754,63.452,-25.755,none,6
2026-05-20 01:13:26,Boat-1,29.337,13.064,-151.153,184.096,11.457,69.773,-25.696,none,6
2026-05-20 01:13:28,Boat-1,29.642,15.574,-153.368,183.316,14.732,67.367,-26.497,none,6
2026-05-20 01:13:30,Boat-1,29.145,13.108,-153.755,184.901,9.375,66.56,-26.141,none,6
2026-05-20 01:13:32,Boat-1,30.13,16.784,-157.594,184.504,9.979,66.409,-27.855,none,6
2026-05-20 01:13:34,Boat-1,31.037,12.419,-155.459,185.123,11.309,68.247,-28.233,none,6
2026-05-20 01:13:36,Boat-1,29.544,13.229,-154.76,182.866,11.283,65.742,-26.723,none,6
2026-05-20 01:13:38,Boat-1,28.89,15.193,-156.668,183.935,13.147,63.019,-26.528,none,6
2026-05-20 01:13:40,Boat-1,29.977,16.813,-150.725,185.177,10.005,68.344,-26.148,none,6
2026-05-20 01:13:42,Boat-1,29.173,15.059,-147.85,185.123,11.894,68.57,-24.7,none,6
2026-05-20 01:13:44,Boat-1,30.005,15.381,-155.847,185.546,12.206,67.136,-27.379,none,6
2026-05-20 01:13:46,Boat-1,29.194,14.671,-151.32,185.969,11.665,65.248,-25.613,none,6
2026-05-20 01:13:48,Boat-1,28.896,13.313,-156.326,185.31,9.684,67.741,-26.464,none,6
2026-05-20 01:13:50,Boat-1,28.882,14.008,-153.556,185.723,12.563,64.673,-25.86,none,6
2026-05-20 01:13:52,Boat-1,28.961,13.068,-155.02,184.915,12.414,65.618,-26.252,none,6
2026-05-20 01:13:54,Boat-1,28.001,12.979,-150.11,184.287,11.763,66.285,-24.277,none,6
2026-05-20 01:13:56,Boat-1,27.161,15.161,-154.976,185.222,11.441,69.639,-24.611,none,6
2026-05-20 01:13:58,Boat-1,26.393,13.176,-148.553,186.019,11.662,67.437,-22.516,none,6
2026-05-20 01:14:00,Boat-1,24.915,15.048,-146.41,185.303,11.512,67.501,-20.755,none,6
2026-05-20 01:14:02,Boat-1,24.736,12.937,-100.735,184.563,12.578,72.525,-4.608,none,6
2026-05-20 01:14:04,Boat-1,23.076,15.011,-51.393,183.902,11.991,69.477,14.399,none,6
2026-05-20 01:14:06,Boat-1,23.407,13.986,-5.62,184.481,10.988,69.508,23.295,gybe,6
2026-05-20 01:14:08,Boat-1,24.14,16.446,43.281,183.501,10.695,68.033,17.574,none,6
2026-05-20 01:14:10,Boat-1,24.531,15.034,90.248,183.742,10.906,67.423,-0.106,none,6
2026-05-20 01:14:12,Boat-1,25.51,16.214,141.422,184.334,11.873,64.024,-19.942,none,6
2026-05-20 01:14:14,Boat-1,26.129,13.62,146.964,184.175,11.358,70.1,-21.905,none,6
2026-05-20 01:14:16,Boat-1,27.508,14.67,153.565,185.004,11.454,68.848,-24.632,none,6
2026-05-20 01:14:18,Boat-1,28.039,13.316,153.605,184.65,11.645,67.429,-25.116,none,6
2026-05-20 01:14:20,Boat-1,28.263,14.048,150.612,184.378,10.186,67.398,-24.626,none,6
2026-05-20 01:14:22,Boat-1,28.747,14.239,155.581,183.418,12.632,69.075,-26.176,none,6
2026-05-20 01:14:24,Boat-1,28.812,13.629,147.965,184.254,10.516,64.454,-24.425,none,6
2026-05-20 01:14:26,Boat-1,28.346,12.986,151.023,183.484,10.3,66.364,-24.797,none,6
2026-05-20 01:14:28,Boat-1,27.969,12.722,151.422,183.718,11.39,65.263,-24.562,none,6
2026-05-20 01:14:30,Boat-1,28.776,11.51,149.786,183.574,8.604,71.075,-24.867,none,6
2026-05-20 01:14:32,Boat-1,28.839,13.171,145.85,182.547,9.858,69.282,-23.867,none,6
2026-05-20 01:14:34,Boat-1,29.091,15.352,151.747,181.919,11.984,63.124,-25.626,none,6
2026-05-20 01:14:36,Boat-1,28.189,12.45,152.826,183.083,8.721,64.502,-25.078,none,6
2026-05-20 01:14:38,Boat-1,28.215,12.742,146.664,183.185,12.147,67.265,-23.572,none,6
2026-05-20 01:14:40,Boat-1,28.846,16.84,148.72,182.196,12.62,66.585,-24.653,none,6
2026-05-20 01:14:42,Boat-1,28.626,13.676,153.617,182.391,10.363,64.881,-25.645,none,6
2026-05-20 01:14:44,Boat-1,27.833,14.912,152.377,182.18,11.156,71.419,-24.66,none,6
2026-05-20 01:14:46,Boat-1,28.877,15.32,151.654,185.208,12.149,68.155,-25.414,none,6
2026-05-20 01:14:48,Boat-1,27.904,15.337,151.022,185.385,10.246,68.479,-24.41,none,6
2026-05-20 01:14:50,Boat-1,28.345,12.487,157.552,184.962,11.848,66.146,-26.197,none,6
2026-05-20 01:14:52,Boat-1,29.415,14.156,158.258,186.16,10.001,68.974,-27.322,none,6
2026-05-20 01:14:54,Boat-1,29.667,12.343,155.769,184.423,10.233,66.769,-27.053,none,6
2026-05-20 01:14:56,Boat-1,28.34,17.617,156.063,184.428,9.847,66.963,-25.903,none,6
2026-05-20 01:14:58,Boat-1,28.784,12.353,154.843,186.143,11.217,68.752,-26.054,none,6
2026-05-20 01:15:00,Boat-1,28.999,13.054,149.985,185.959,12.196,64.272,-25.11,none,6
2026-05-20 01:15:02,Boat-1,29.831,13.053,153.039,184.319,10.585,70.724,-26.589,none,6
2026-05-20 01:15:04,Boat-1,28.86,12.45,151.651,183.882,9.281,67.894,-25.399,none,6
2026-05-20 01:15:06,Boat-1,28.922,16.143,157.049,185.112,9.507,70.091,-26.633,none,6
2026-05-20 01:15:08,Boat-1,29.89,17.523,154.151,185.37,11.28,65.379,-26.9,none,6
2026-05-20 01:15:10,Boat-1,29.084,13.744,150.165,184.535,13.019,65.683,-25.229,none,6
2026-05-20 01:15:12,Boat-1,29.638,12.635,150.136,183.838,11.279,65.206,-25.702,none,6
2026-05-20 01:15:14,Boat-1,28.71,11.432,155.15,183.255,10.342,68.03,-26.052,none,6
2026-05-20 01:15:16,Boat-1,29.362,14.012,151.782,183.5,11.726,67.662,-25.872,none,6
2026-05-20 01:15:18,Boat-1,28.757,13.906,144.041,184.624,10.519,66.601,-23.277,none,6
2026-05-20 01:15:20,Boat-1,29.095,13.459,152.464,185.491,10.352,65.501,-25.799,none,6
2026-05-20 01:15:22,Boat-1,30.014,14.582,155.031,185.822,9.656,64.996,-27.209,none,6
2026-05-20 01:15:24,Boat-1,29.682,14.796,153.057,184.543,12.496,67.433,-26.46,none,6
2026-05-20 01:15:26,Boat-1,29.629,14.691,152.047,183.268,7.759,66.598,-26.172,none,6
2026-05-20 01:15:28,Boat-1,29.504,13.848,152.971,183.668,11.764,66.158,-26.281,none,6
2026-05-20 01:15:30,Boat-1,29.81,12.815,152.516,182.377,10.25,70.624,-26.446,none,6
2026-05-20 01:15:32,Boat-1,30.113,15.101,157.882,182.094,10.314,67.365,-27.897,none,6
2026-05-20 01:15:34,Boat-1,30.488,14.24,156.055,182.288,12.837,70.07,-27.864,none,6
2026-05-20 01:15:36,Boat-1,28.933,15.367,152.964,181.184,9.949,66.463,-25.771,none,6
2026-05-20 01:15:38,Boat-1,29.807,15.227,153.025,180.182,9.99,68.019,-26.564,none,6
2026-05-20 00:51:40,Boat-2,22.806,14.934,-34.628,314.737,15.836,71.442,18.766,none,1
2026-05-20 00:51:42,Boat-2,23.653,14.239,-40.841,313.47,15.289,76.449,17.894,none,1
2026-05-20 00:51:44,Boat-2,23.469,10.722,-39.25,313.4,13.193,76.35,18.174,none,1
2026-05-20 00:51:46,Boat-2,22.833,15.851,-41.185,315.103,13.732,78.34,17.184,none,1
2026-05-20 00:51:48,Boat-2,23.439,14.425,-37.166,315.545,14.234,72.918,18.679,none,1
2026-05-20 00:51:50,Boat-2,22.916,13.194,-47.197,313.912,13.417,79.014,15.571,none,1
2026-05-20 00:51:52,Boat-2,23.627,15.564,-53.938,311.032,14.948,78.331,13.909,none,1
2026-05-20 00:51:54,Boat-2,22.967,13.402,-45.902,311.612,14.776,79.194,15.983,none,1
2026-05-20 00:51:56,Boat-2,24.01,13.399,-42.086,311.445,13.041,76.585,17.819,none,1
2026-05-20 00:51:58,Boat-2,23.999,14.772,-43.631,312.393,15.784,78.718,17.371,none,1
2026-05-20 00:52:00,Boat-2,24.743,16.633,-43.16,311.52,14.47,73.748,18.049,none,1
2026-05-20 00:52:02,Boat-2,24.32,16.44,-39.187,311.755,12.272,78.116,18.85,none,1
2026-05-20 00:52:04,Boat-2,23.799,14.808,-42.755,312.437,14.286,75.148,17.475,none,1
2026-05-20 00:52:06,Boat-2,24.406,14.953,-41.171,311.954,14.685,73.387,18.371,none,1
2026-05-20 00:52:08,Boat-2,23.454,15.392,-47.777,311.49,15.515,74.442,15.762,none,1
2026-05-20 00:52:10,Boat-2,23.693,12.739,-48.369,311.433,13.942,76.701,15.74,none,1
2026-05-20 00:52:12,Boat-2,24.317,15.222,-38.073,311.842,15.341,75.042,19.143,none,1
2026-05-20 00:52:14,Boat-2,23.233,13.441,-43.823,311.749,14.572,77.442,16.762,none,1
2026-05-20 00:52:16,Boat-2,24.221,14.82,-46.575,312.545,12.769,73.074,16.65,none,1
2026-05-20 00:52:18,Boat-2,23.81,14.121,-46.568,312.05,12.649,72.436,16.369,none,1
2026-05-20 00:52:20,Boat-2,24.342,15.078,-46.673,310.774,15.694,79.435,16.702,none,1
2026-05-20 00:52:22,Boat-2,23.836,14.59,-46.901,312.473,15.783,78.498,16.286,none,1
2026-05-20 00:52:24,Boat-2,24.532,10.452,-49.083,311.849,14.735,74.592,16.068,none,1
2026-05-20 00:52:26,Boat-2,24.368,14.689,-49.908,311.258,16.142,76.684,15.693,none,1
2026-05-20 00:52:28,Boat-2,25.003,15.301,-44.948,311.118,15.615,78.729,17.696,none,1
2026-05-20 00:52:30,Boat-2,24.386,15.056,-46.46,311.099,15.168,77.529,16.799,none,1
2026-05-20 00:52:32,Boat-2,24.044,14.352,-40.0,310.671,13.254,76.987,18.419,none,1
2026-05-20 00:52:34,Boat-2,24.282,16.629,-43.093,310.575,16.425,78.881,17.732,none,1
2026-05-20 00:52:36,Boat-2,23.787,14.908,-43.199,310.459,14.991,75.229,17.341,none,1
2026-05-20 00:52:38,Boat-2,24.571,15.081,-47.031,310.537,13.884,76.753,16.748,none,1
2026-05-20 00:52:40,Boat-2,24.646,15.878,-44.667,308.335,13.545,76.655,17.528,none,1
2026-05-20 00:52:42,Boat-2,25.48,15.0,-42.835,309.948,14.655,76.145,18.685,none,1
2026-05-20 00:52:44,Boat-2,24.074,13.369,-41.485,309.735,12.342,75.911,18.035,none,1
2026-05-20 00:52:46,Boat-2,24.215,11.374,-44.564,310.178,15.187,76.836,17.252,none,1
2026-05-20 00:52:48,Boat-2,24.054,13.932,-40.106,308.857,13.203,76.759,18.398,none,1
2026-05-20 00:52:50,Boat-2,24.384,15.548,-44.176,308.353,14.792,74.593,17.488,none,1
2026-05-20 00:52:52,Boat-2,24.431,14.107,-41.194,307.668,13.721,78.294,18.384,none,1
2026-05-20 00:52:54,Boat-2,24.204,15.614,-46.068,308.911,14.03,74.738,16.793,none,1
2026-05-20 00:52:56,Boat-2,24.681,14.773,-51.095,308.304,13.439,76.254,15.501,none,1
2026-05-20 00:52:58,Boat-2,23.877,16.26,-43.187,308.906,14.154,76.1,17.409,none,1
2026-05-20 00:53:00,Boat-2,24.557,14.208,-41.451,308.241,16.615,77.407,18.406,none,1
2026-05-20 00:53:02,Boat-2,24.312,15.205,-42.02,307.753,16.009,72.452,18.061,none,1
2026-05-20 00:53:04,Boat-2,24.017,15.26,-42.602,307.452,14.773,78.472,17.678,none,1
2026-05-20 00:53:06,Boat-2,23.832,16.56,-45.531,308.528,14.317,75.336,16.695,none,1
2026-05-20 00:53:08,Boat-2,25.014,12.394,-47.272,306.747,15.36,79.13,16.972,none,1
2026-05-20 00:53:10,Boat-2,23.5,14.021,-42.11,305.483,15.703,75.734,17.434,none,1
2026-05-20 00:53:12,Boat-2,23.946,15.725,-42.586,303.65,13.352,76.593,17.63,none,1
2026-05-20 00:53:14,Boat-2,23.416,16.635,-46.338,302.592,14.254,80.518,16.166,none,1
2026-05-20 00:53:16,Boat-2,24.497,14.942,-39.991,301.781,12.161,76.136,18.768,none,1
2026-05-20 00:53:18,Boat-2,24.031,14.252,-47.562,300.248,15.695,79.168,16.216,none,1
2026-05-20 00:53:20,Boat-2,23.263,15.62,-46.424,299.507,16.825,76.768,16.036,none,1
2026-05-20 00:53:22,Boat-2,23.735,15.768,-37.988,297.614,14.443,77.521,18.706,none,1
2026-05-20 00:53:24,Boat-2,23.554,14.174,-40.906,296.618,11.797,76.83,17.802,none,1
2026-05-20 00:53:26,Boat-2,23.139,15.073,-45.567,297.618,15.078,78.386,16.199,none,1
2026-05-20 00:53:28,Boat-2,23.646,16.18,-43.115,297.902,13.262,75.319,17.261,none,1
2026-05-20 00:53:30,Boat-2,23.412,17.104,-43.619,297.99,13.551,74.722,16.949,none,1
2026-05-20 00:53:32,Boat-2,23.265,15.613,-54.64,297.008,15.099,75.413,13.464,none,1
2026-05-20 00:53:34,Boat-2,23.081,14.706,-47.651,295.545,14.653,76.89,15.548,none,1
2026-05-20 00:53:36,Boat-2,23.225,14.579,-44.4,294.44,13.762,76.249,16.594,none,1
2026-05-20 00:53:38,Boat-2,23.066,15.375,-45.562,294.321,13.568,78.111,16.149,none,1
2026-05-20 00:53:40,Boat-2,22.921,14.5,-43.268,295.023,14.498,79.3,16.69,none,1
2026-05-20 00:53:42,Boat-2,22.537,14.896,-39.915,295.755,13.856,74.739,17.286,none,1
2026-05-20 00:53:44,Boat-2,23.519,13.274,-45.429,296.242,13.017,75.223,16.506,none,1
2026-05-20 00:53:46,Boat-2,22.212,16.334,-48.226,295.498,13.951,73.82,14.798,none,1
2026-05-20 00:53:48,Boat-2,22.795,13.165,-42.972,295.441,14.763,80.757,16.679,none,1
2026-05-20 00:53:50,Boat-2,22.353,14.084,-45.448,295.071,14.156,77.314,15.682,none,1
2026-05-20 00:53:52,Boat-2,23.135,14.77,-44.8,294.81,12.703,77.684,16.416,none,1
2026-05-20 00:53:54,Boat-2,21.691,17.229,-45.315,296.564,15.646,74.083,15.253,none,1
2026-05-20 00:53:56,Boat-2,21.375,14.089,-35.688,294.898,11.281,76.831,17.361,none,1
2026-05-20 00:53:58,Boat-2,20.673,13.77,-52.721,294.607,14.207,77.966,12.522,none,1
2026-05-20 00:54:00,Boat-2,20.42,13.917,-45.682,295.617,14.252,76.607,14.266,none,1
2026-05-20 00:54:02,Boat-2,18.606,16.786,-44.221,294.218,15.499,79.474,13.334,none,1
2026-05-20 00:54:04,Boat-2,17.849,10.97,-45.362,293.559,16.355,82.181,12.541,none,1
2026-05-20 00:54:06,Boat-2,16.012,13.318,-29.489,293.002,17.37,75.882,13.938,none,1
2026-05-20 00:54:08,Boat-2,16.301,18.168,-16.719,292.721,15.404,75.889,15.612,none,1
2026-05-20 00:54:10,Boat-2,15.655,15.381,2.407,291.205,17.051,76.235,15.641,tack,1
2026-05-20 00:54:12,Boat-2,15.443,13.17,14.57,291.661,16.494,81.145,14.946,none,1
2026-05-20 00:54:14,Boat-2,17.309,14.548,29.494,292.181,13.964,79.861,15.066,none,1
2026-05-20 00:54:16,Boat-2,17.236,14.685,46.184,292.558,17.962,77.286,11.933,none,1
2026-05-20 00:54:18,Boat-2,19.264,15.692,44.505,291.695,13.594,77.396,13.739,none,1
2026-05-20 00:54:20,Boat-2,19.562,16.977,44.921,291.693,15.5,75.479,13.851,none,1
2026-05-20 00:54:22,Boat-2,21.356,15.085,43.247,290.803,15.211,78.728,15.556,none,1
2026-05-20 00:54:24,Boat-2,21.494,13.871,41.345,290.424,14.899,76.074,16.136,none,1
2026-05-20 00:54:26,Boat-2,21.02,15.589,48.882,292.282,13.866,76.243,13.823,none,1
2026-05-20 00:54:28,Boat-2,21.234,13.651,48.199,292.288,15.392,77.942,14.153,none,1
2026-05-20 00:54:30,Boat-2,22.003,13.208,50.851,291.139,12.497,76.329,13.891,none,1
2026-05-20 00:54:32,Boat-2,21.65,12.256,40.914,291.222,14.277,76.226,16.36,none,1
2026-05-20 00:54:34,Boat-2,21.707,12.502,43.256,289.925,13.674,76.713,15.81,none,1
2026-05-20 00:54:36,Boat-2,22.365,13.363,42.287,288.766,13.536,78.282,16.545,none,1
2026-05-20 00:54:38,Boat-2,21.464,12.989,49.639,287.749,14.862,79.983,13.9,none,1
2026-05-20 00:54:40,Boat-2,21.852,14.919,37.424,287.269,15.64,77.861,17.354,none,1
2026-05-20 00:54:42,Boat-2,22.254,12.944,46.52,288.032,13.935,78.297,15.313,none,1
2026-05-20 00:54:44,Boat-2,22.205,10.408,43.568,288.473,15.284,76.291,16.089,none,1
2026-05-20 00:54:46,Boat-2,21.789,13.128,40.96,288.863,14.407,75.275,16.454,none,1
2026-05-20 00:54:48,Boat-2,21.755,13.862,47.957,287.794,13.276,77.998,14.569,none,1
2026-05-20 00:54:50,Boat-2,21.129,13.679,46.283,287.227,14.038,77.033,14.602,none,1
2026-05-20 00:54:52,Boat-2,21.467,16.432,43.526,287.392,13.988,73.845,15.565,none,1
2026-05-20 00:54:54,Boat-2,22.119,13.649,33.348,286.747,13.511,76.034,18.477,none,1
2026-05-20 00:54:56,Boat-2,21.95,15.582,43.062,286.416,14.861,76.525,16.037,none,1
2026-05-20 00:54:58,Boat-2,22.085,14.402,38.103,286.733,14.629,75.669,17.379,none,1
2026-05-20 00:55:00,Boat-2,22.562,14.361,39.625,286.339,12.439,79.654,17.378,none,1
2026-05-20 00:55:02,Boat-2,21.605,13.32,42.808,286.463,12.365,77.65,15.85,none,1
2026-05-20 00:55:04,Boat-2,22.081,14.319,47.966,287.816,14.857,79.437,14.785,none,1
2026-05-20 00:55:06,Boat-2,22.323,13.39,40.18,287.582,13.369,77.217,17.055,none,1
2026-05-20 00:55:08,Boat-2,21.974,14.595,49.9,288.563,14.71,76.853,14.154,none,1
2026-05-20 00:55:10,Boat-2,22.99,14.055,38.123,288.986,15.284,74.817,18.086,none,1
2026-05-20 00:55:12,Boat-2,22.812,13.123,43.447,287.586,12.822,76.714,16.562,none,1
2026-05-20 00:55:14,Boat-2,22.593,15.63,54.278,286.514,12.653,76.716,13.191,none,1
2026-05-20 00:55:16,Boat-2,23.33,14.884,45.501,285.684,16.357,73.956,16.352,none,1
2026-05-20 00:55:18,Boat-2,21.911,13.735,41.722,284.834,14.769,75.611,16.354,none,1
2026-05-20 00:55:20,Boat-2,22.646,14.495,45.107,284.673,13.844,76.044,15.983,none,1
2026-05-20 00:55:22,Boat-2,22.879,14.185,41.49,285.146,13.227,77.517,17.138,none,1
2026-05-20 00:55:24,Boat-2,22.369,13.155,47.437,286.196,13.735,77.613,15.131,none,1
2026-05-20 00:55:26,Boat-2,22.983,14.363,49.169,286.393,12.919,75.528,15.027,none,1
2026-05-20 00:55:28,Boat-2,22.417,13.452,44.478,285.912,15.407,77.628,15.995,none,1
2026-05-20 00:55:30,Boat-2,23.294,13.019,44.087,283.958,13.415,76.326,16.732,none,1
2026-05-20 00:55:32,Boat-2,23.528,12.126,45.531,283.942,15.66,70.951,16.482,none,1
2026-05-20 00:55:34,Boat-2,23.243,13.758,39.543,283.885,13.867,75.721,17.924,none,1
2026-05-20 00:55:36,Boat-2,22.356,14.949,47.438,283.97,13.095,78.848,15.121,none,1
2026-05-20 00:55:38,Boat-2,22.823,13.297,43.017,285.785,13.836,73.327,16.687,none,1
2026-05-20 00:55:40,Boat-2,28.891,12.216,139.436,104.603,8.554,63.37,-21.948,none,2
2026-05-20 00:55:42,Boat-2,28.313,14.71,143.402,103.958,11.618,61.046,-22.731,none,2
2026-05-20 00:55:44,Boat-2,29.769,12.93,135.593,104.802,12.888,66.092,-21.267,none,2
2026-05-20 00:55:46,Boat-2,29.182,15.416,140.641,104.737,12.143,61.542,-22.564,none,2
2026-05-20 00:55:48,Boat-2,28.755,14.635,141.52,103.548,8.403,62.502,-22.51,none,2
2026-05-20 00:55:50,Boat-2,28.905,14.752,145.014,104.038,8.97,61.263,-23.682,none,2
2026-05-20 00:55:52,Boat-2,28.425,13.043,134.598,104.313,9.773,65.541,-19.958,none,2
2026-05-20 00:55:54,Boat-2,28.834,13.287,140.739,104.188,8.876,62.027,-22.325,none,2
2026-05-20 00:55:56,Boat-2,29.837,15.5,136.499,104.235,10.841,62.536,-21.642,none,2
2026-05-20 00:55:58,Boat-2,30.432,16.608,142.543,103.667,11.26,64.645,-24.157,none,2
2026-05-20 00:56:00,Boat-2,29.8,14.942,143.576,104.297,9.072,63.408,-23.978,none,2
2026-05-20 00:56:02,Boat-2,29.475,13.162,145.514,104.337,11.721,62.129,-24.295,none,2
2026-05-20 00:56:04,Boat-2,29.362,14.781,138.589,104.567,11.509,64.458,-22.021,none,2
2026-05-20 00:56:06,Boat-2,29.163,17.507,144.146,104.969,10.13,67.314,-23.637,none,2
2026-05-20 00:56:08,Boat-2,30.554,14.496,145.794,104.01,10.581,62.872,-25.269,none,2
2026-05-20 00:56:10,Boat-2,29.573,16.274,134.378,103.285,8.448,62.471,-20.683,none,2
2026-05-20 00:56:12,Boat-2,30.638,13.422,142.949,101.376,10.389,62.579,-24.452,none,2
2026-05-20 00:56:14,Boat-2,30.337,14.341,144.265,101.964,10.797,64.858,-24.625,none,2
2026-05-20 00:56:16,Boat-2,28.947,15.211,139.639,100.953,10.99,61.039,-22.057,none,2
2026-05-20 00:56:18,Boat-2,29.448,14.933,136.021,101.152,11.243,61.681,-21.191,none,2
2026-05-20 00:56:20,Boat-2,29.46,13.43,144.206,101.566,11.081,59.162,-23.896,none,2
2026-05-20 00:56:22,Boat-2,29.735,13.385,136.064,102.188,10.471,59.87,-21.413,none,2
2026-05-20 00:56:24,Boat-2,29.751,15.732,139.945,101.185,11.131,61.202,-22.772,none,2
2026-05-20 00:56:26,Boat-2,31.129,16.006,140.47,101.206,11.99,62.125,-24.01,none,2
2026-05-20 00:56:28,Boat-2,29.295,16.432,143.341,102.789,10.673,65.775,-23.501,none,2
2026-05-20 00:56:30,Boat-2,29.879,16.821,138.241,104.412,11.169,63.309,-22.288,none,2
2026-05-20 00:56:32,Boat-2,30.045,14.66,138.021,105.381,10.565,60.413,-22.335,none,2
2026-05-20 00:56:34,Boat-2,29.756,14.09,140.998,105.765,10.012,60.781,-23.124,none,2
2026-05-20 00:56:36,Boat-2,29.791,16.259,144.447,104.94,11.415,64.987,-24.237,none,2
2026-05-20 00:56:38,Boat-2,29.253,15.439,149.315,105.667,10.122,64.491,-25.157,none,2
2026-05-20 00:56:40,Boat-2,29.749,13.243,134.894,105.604,11.251,62.294,-20.996,none,2
2026-05-20 00:56:42,Boat-2,29.905,13.185,141.821,106.189,10.822,61.352,-23.508,none,2
2026-05-20 00:56:44,Boat-2,29.794,15.176,136.494,105.699,10.423,64.487,-21.609,none,2
2026-05-20 00:56:46,Boat-2,29.871,14.314,144.494,105.624,10.394,60.251,-24.317,none,2
2026-05-20 00:56:48,Boat-2,30.215,14.517,137.056,105.851,10.178,63.021,-22.118,none,2
2026-05-20 00:56:50,Boat-2,29.963,15.953,138.059,106.153,8.813,66.783,-22.287,none,2
2026-05-20 00:56:52,Boat-2,29.532,15.553,138.383,106.677,11.247,62.648,-22.078,none,2
2026-05-20 00:56:54,Boat-2,28.928,16.302,140.333,106.236,11.066,60.686,-22.268,none,2
2026-05-20 00:56:56,Boat-2,29.139,12.068,141.851,105.107,11.808,63.058,-22.915,none,2
2026-05-20 00:56:58,Boat-2,29.261,14.915,142.461,106.65,10.15,61.297,-23.202,none,2
2026-05-20 00:57:00,Boat-2,29.421,15.495,140.601,108.97,13.062,59.449,-22.735,none,2
2026-05-20 00:57:02,Boat-2,29.038,12.613,135.569,109.453,10.332,63.639,-20.736,none,2
2026-05-20 00:57:04,Boat-2,28.776,13.751,143.388,108.341,9.738,64.473,-23.099,none,2
2026-05-20 00:57:06,Boat-2,28.605,13.515,140.421,107.725,9.596,61.615,-22.047,none,2
2026-05-20 00:57:08,Boat-2,28.336,14.641,145.037,108.263,8.707,61.483,-23.222,none,2
2026-05-20 00:57:10,Boat-2,28.912,16.734,137.933,109.55,12.627,60.314,-21.463,none,2
2026-05-20 00:57:12,Boat-2,28.293,17.251,134.534,108.539,12.433,61.937,-19.843,none,2
2026-05-20 00:57:14,Boat-2,28.439,13.567,140.493,108.507,11.509,61.113,-21.942,none,2
2026-05-20 00:57:16,Boat-2,28.647,15.314,145.547,108.763,9.713,60.215,-23.622,none,2
2026-05-20 00:57:18,Boat-2,28.156,15.359,141.234,109.621,12.961,66.022,-21.954,none,2
2026-05-20 00:57:20,Boat-2,28.861,15.14,139.864,109.392,10.366,63.17,-22.064,none,2
2026-05-20 00:57:22,Boat-2,28.955,15.157,137.315,108.065,10.465,63.382,-21.285,none,2
2026-05-20 00:57:24,Boat-2,28.306,15.036,147.302,108.704,12.513,64.004,-23.82,none,2
2026-05-20 00:57:26,Boat-2,28.288,16.837,136.71,109.796,11.579,63.779,-20.591,none,2
2026-05-20 00:57:28,Boat-2,28.658,16.078,137.866,109.802,13.429,61.411,-21.252,none,2
2026-05-20 00:57:30,Boat-2,28.026,13.269,142.789,110.246,11.086,62.782,-22.32,none,2
2026-05-20 00:57:32,Boat-2,27.927,15.683,133.57,109.899,10.312,61.699,-19.249,none,2
2026-05-20 00:57:34,Boat-2,28.751,15.809,145.466,109.218,10.054,63.114,-23.684,none,2
2026-05-20 00:57:36,Boat-2,28.543,15.059,142.994,110.222,8.572,62.921,-22.794,none,2
2026-05-20 00:57:38,Boat-2,28.35,16.121,144.04,110.651,10.454,61.472,-22.947,none,2
2026-05-20 00:57:40,Boat-2,28.431,14.894,142.743,111.172,12.162,59.579,-22.629,none,2
2026-05-20 00:57:42,Boat-2,27.059,14.91,140.01,112.604,11.507,62.53,-20.732,none,2
2026-05-20 00:57:44,Boat-2,28.491,14.807,136.582,111.735,10.814,61.831,-20.695,none,2
2026-05-20 00:57:46,Boat-2,27.984,12.024,140.09,111.318,9.599,58.462,-21.465,none,2
2026-05-20 00:57:48,Boat-2,28.169,14.542,136.917,111.54,11.074,63.267,-20.573,none,2
2026-05-20 00:57:50,Boat-2,27.755,13.777,142.47,111.112,12.035,64.202,-22.011,none,2
2026-05-20 00:57:52,Boat-2,27.395,13.101,143.688,111.897,11.372,67.367,-22.075,none,2
2026-05-20 00:57:54,Boat-2,26.921,16.505,146.234,111.808,11.12,61.598,-22.38,none,2
2026-05-20 00:57:56,Boat-2,26.713,15.294,142.035,110.995,10.069,61.417,-21.06,none,2
2026-05-20 00:57:58,Boat-2,25.713,14.597,144.136,111.134,12.218,60.44,-20.838,none,2
2026-05-20 00:58:00,Boat-2,25.372,13.899,139.493,111.367,7.614,63.287,-19.291,none,2
2026-05-20 00:58:02,Boat-2,23.306,15.014,139.404,112.289,12.048,63.509,-17.697,none,2
2026-05-20 00:58:04,Boat-2,22.878,15.915,95.535,112.722,14.875,61.701,-2.207,none,2
2026-05-20 00:58:06,Boat-2,23.39,13.547,51.559,113.217,10.125,63.13,14.542,none,2
2026-05-20 00:58:08,Boat-2,21.931,14.611,4.649,113.586,11.698,59.58,21.859,gybe,2
2026-05-20 00:58:10,Boat-2,22.301,15.741,-38.074,113.496,11.926,65.333,17.556,none,2
2026-05-20 00:58:12,Boat-2,22.602,12.091,-84.822,112.932,11.235,61.782,2.04,none,2
2026-05-20 00:58:14,Boat-2,23.987,14.528,-131.653,113.272,12.832,63.035,-15.942,none,2
2026-05-20 00:58:16,Boat-2,24.406,14.039,-143.992,113.052,11.939,60.017,-19.743,none,2
2026-05-20 00:58:18,Boat-2,25.466,14.418,-136.877,114.653,11.36,61.495,-18.587,none,2
2026-05-20 00:58:20,Boat-2,26.567,13.934,-143.171,115.941,11.982,61.935,-21.265,none,2
2026-05-20 00:58:22,Boat-2,26.31,14.758,-138.598,116.59,10.94,62.358,-19.734,none,2
2026-05-20 00:58:24,Boat-2,27.25,17.074,-140.685,117.011,14.671,63.27,-21.083,none,2
2026-05-20 00:58:26,Boat-2,27.418,14.145,-146.007,117.012,11.001,65.149,-22.732,none,2
2026-05-20 00:58:28,Boat-2,27.602,14.938,-143.691,115.957,11.036,63.717,-22.242,none,2
2026-05-20 00:58:30,Boat-2,27.231,17.145,-143.647,115.842,8.741,64.167,-21.931,none,2
2026-05-20 00:58:32,Boat-2,28.65,13.829,-147.876,116.013,10.138,65.131,-24.264,none,2
2026-05-20 00:58:34,Boat-2,27.685,16.896,-137.948,116.3,12.165,63.377,-20.557,none,2
2026-05-20 00:58:36,Boat-2,27.375,14.535,-136.876,116.802,9.186,62.164,-19.98,none,2
2026-05-20 00:58:38,Boat-2,26.856,16.837,-137.878,117.712,8.199,64.256,-19.919,none,2
2026-05-20 00:58:40,Boat-2,27.23,15.487,-139.655,117.169,10.827,64.383,-20.754,none,2
2026-05-20 00:58:42,Boat-2,27.943,14.902,-131.675,116.634,12.433,63.534,-18.579,none,2
2026-05-20 00:58:44,Boat-2,28.101,14.409,-139.834,118.02,10.839,59.328,-21.474,none,2
2026-05-20 00:58:46,Boat-2,28.03,13.674,-138.553,118.794,10.385,60.554,-21.011,none,2
2026-05-20 00:58:48,Boat-2,27.755,14.574,-143.601,118.522,8.558,61.688,-22.34,none,2
2026-05-20 00:58:50,Boat-2,26.876,15.633,-141.962,118.505,11.331,63.797,-21.168,none,2
2026-05-20 00:58:52,Boat-2,27.703,14.44,-138.34,118.493,11.581,62.195,-20.697,none,2
2026-05-20 00:58:54,Boat-2,26.971,14.035,-142.864,118.601,8.65,64.511,-21.501,none,2
2026-05-20 00:58:56,Boat-2,26.908,14.111,-143.371,119.107,12.149,64.868,-21.594,none,2
2026-05-20 00:58:58,Boat-2,27.736,15.717,-137.702,121.468,11.707,64.636,-20.515,none,2
2026-05-20 00:59:00,Boat-2,27.916,16.009,-138.749,121.719,12.147,64.648,-20.988,none,2
2026-05-20 00:59:02,Boat-2,28.143,13.539,-132.166,122.395,11.488,60.163,-18.892,none,2
2026-05-20 00:59:04,Boat-2,28.017,13.526,-136.478,120.958,11.572,63.203,-20.316,none,2
2026-05-20 00:59:06,Boat-2,28.092,14.878,-137.801,120.601,11.413,61.022,-20.811,none,2
2026-05-20 00:59:08,Boat-2,27.47,16.359,-140.904,121.787,11.83,58.939,-21.32,none,2
2026-05-20 00:59:10,Boat-2,27.929,15.852,-137.03,122.229,8.605,61.662,-20.436,none,2
2026-05-20 00:59:12,Boat-2,27.362,12.724,-138.671,118.359,8.987,64.887,-20.547,none,2
2026-05-20 00:59:14,Boat-2,27.204,13.997,-135.966,119.046,9.905,63.159,-19.558,none,2
2026-05-20 00:59:16,Boat-2,28.505,13.119,-141.273,120.852,10.632,66.273,-22.237,none,2
2026-05-20 00:59:18,Boat-2,27.9,13.97,-142.24,119.136,11.254,62.592,-22.057,none,2
2026-05-20 00:59:20,Boat-2,28.699,16.392,-142.151,120.583,11.178,67.133,-22.662,none,2
2026-05-20 00:59:22,Boat-2,28.873,12.445,-140.669,118.168,12.128,62.592,-22.333,none,2
2026-05-20 00:59:24,Boat-2,28.164,12.178,-134.766,119.093,12.166,62.282,-19.834,none,2
2026-05-20 00:59:26,Boat-2,28.777,13.194,-138.267,119.165,9.741,59.679,-21.475,none,2
2026-05-20 00:59:28,Boat-2,28.283,14.633,-139.075,117.13,11.074,64.458,-21.369,none,2
2026-05-20 00:59:30,Boat-2,27.818,15.054,-139.09,117.611,9.771,61.233,-21.023,none,2
2026-05-20 00:59:32,Boat-2,28.772,14.804,-140.907,118.727,10.562,60.943,-22.33,none,2
2026-05-20 00:59:34,Boat-2,28.571,15.752,-146.039,119.135,11.174,64.8,-23.698,none,2
2026-05-20 00:59:36,Boat-2,28.652,11.92,-143.708,119.741,6.698,64.554,-23.094,none,2
2026-05-20 00:59:38,Boat-2,29.804,15.745,-136.87,119.45,13.681,64.501,-21.751,none,2
2026-05-20 00:59:40,Boat-2,20.559,12.927,-39.55,160.795,8.995,79.848,15.852,none,3
2026-05-20 00:59:42,Boat-2,20.981,15.546,-43.495,160.726,11.946,81.665,15.221,none,3
2026-05-20 00:59:44,Boat-2,21.54,12.259,-47.393,159.643,11.512,80.832,14.582,none,3
2026-05-20 00:59:46,Boat-2,21.045,15.619,-39.99,158.677,11.055,84.389,16.124,none,3
2026-05-20 00:59:48,Boat-2,21.117,14.033,-33.971,158.091,10.655,82.431,17.513,none,3
2026-05-20 00:59:50,Boat-2,20.995,14.135,-33.108,158.44,10.05,82.827,17.587,none,3
2026-05-20 00:59:52,Boat-2,20.883,12.05,-38.121,158.07,11.997,85.529,16.429,none,3
2026-05-20 00:59:54,Boat-2,21.014,14.092,-32.016,157.407,9.718,81.445,17.818,none,3
2026-05-20 00:59:56,Boat-2,21.202,15.092,-39.635,157.373,11.738,80.255,16.328,none,3
2026-05-20 00:59:58,Boat-2,21.966,12.569,-35.849,156.261,13.613,81.877,17.805,none,3
2026-05-20 01:00:00,Boat-2,21.135,14.966,-41.186,156.567,12.906,78.811,15.905,none,3
2026-05-20 01:00:02,Boat-2,21.313,14.445,-41.427,157.505,9.318,80.144,15.981,none,3
2026-05-20 01:00:04,Boat-2,20.944,13.503,-42.046,157.354,10.48,78.634,15.553,none,3
2026-05-20 01:00:06,Boat-2,21.698,15.463,-47.302,157.091,11.63,80.725,14.714,none,3
2026-05-20 01:00:08,Boat-2,22.029,11.5,-34.581,157.347,11.039,78.625,18.137,none,3
2026-05-20 01:00:10,Boat-2,22.18,14.824,-41.91,155.442,9.445,78.555,16.506,none,3
2026-05-20 01:00:12,Boat-2,21.573,16.49,-42.517,155.845,11.586,80.756,15.901,none,3
2026-05-20 01:00:14,Boat-2,21.769,16.267,-43.956,158.557,11.112,79.654,15.671,none,3
2026-05-20 01:00:16,Boat-2,21.467,14.913,-40.248,158.366,13.421,76.074,16.385,none,3
2026-05-20 01:00:18,Boat-2,21.796,14.024,-32.771,158.179,10.82,77.018,18.327,none,3
2026-05-20 01:00:20,Boat-2,21.718,13.6,-31.515,158.768,12.525,77.635,18.515,none,3
2026-05-20 01:00:22,Boat-2,21.618,14.043,-45.783,160.169,9.603,78.163,15.076,none,3
2026-05-20 01:00:24,Boat-2,21.666,15.154,-40.819,160.967,9.89,80.758,16.396,none,3
2026-05-20 01:00:26,Boat-2,21.815,13.407,-43.402,158.946,11.99,80.367,15.85,none,3
2026-05-20 01:00:28,Boat-2,21.484,15.451,-35.716,159.374,12.424,82.06,17.444,none,3
2026-05-20 01:00:30,Boat-2,21.508,17.249,-38.383,161.608,9.975,81.435,16.86,none,3
2026-05-20 01:00:32,Boat-2,22.383,14.405,-41.891,162.088,11.153,82.073,16.662,none,3
2026-05-20 01:00:34,Boat-2,22.828,12.747,-39.196,160.969,9.466,81.146,17.692,none,3
2026-05-20 01:00:36,Boat-2,21.057,12.755,-41.286,161.143,10.906,80.348,15.823,none,3
2026-05-20 01:00:38,Boat-2,21.018,15.521,-33.338,159.91,12.128,82.128,17.56,none,3
2026-05-20 01:00:40,Boat-2,21.137,14.443,-37.393,160.94,10.602,81.768,16.793,none,3
2026-05-20 01:00:42,Boat-2,21.501,15.668,-36.926,160.0,10.825,80.681,17.188,none,3
2026-05-20 01:00:44,Boat-2,21.927,13.843,-49.606,159.986,9.768,82.471,14.209,none,3
2026-05-20 01:00:46,Boat-2,21.763,15.624,-39.726,159.134,10.346,75.238,16.738,none,3
2026-05-20 01:00:48,Boat-2,21.543,14.346,-31.556,158.563,13.234,79.348,18.358,none,3
2026-05-20 01:00:50,Boat-2,21.67,13.607,-34.433,159.82,11.211,79.318,17.873,none,3
2026-05-20 01:00:52,Boat-2,21.084,14.045,-46.491,159.833,9.921,82.234,14.516,none,3
2026-05-20 01:00:54,Boat-2,21.246,13.017,-40.663,159.25,10.746,83.072,16.116,none,3
2026-05-20 01:00:56,Boat-2,21.304,17.166,-44.038,158.139,9.207,77.029,15.315,none,3
2026-05-20 01:00:58,Boat-2,20.554,14.46,-32.97,156.375,9.907,82.751,17.244,none,3
2026-05-20 01:01:00,Boat-2,20.696,15.43,-38.544,155.169,12.756,77.586,16.187,none,3
2026-05-20 01:01:02,Boat-2,20.663,13.899,-42.389,155.189,10.953,77.647,15.262,none,3
2026-05-20 01:01:04,Boat-2,21.459,13.235,-39.342,155.992,13.393,79.461,16.596,none,3
2026-05-20 01:01:06,Boat-2,21.17,14.304,-49.38,155.407,11.009,79.293,13.783,none,3
2026-05-20 01:01:08,Boat-2,21.277,16.044,-43.595,156.741,11.081,76.812,15.41,none,3
2026-05-20 01:01:10,Boat-2,20.115,13.94,-39.333,156.015,11.893,81.229,15.559,none,3
2026-05-20 01:01:12,Boat-2,20.215,13.49,-36.258,155.721,7.917,81.288,16.3,none,3
2026-05-20 01:01:14,Boat-2,21.118,14.828,-46.849,154.669,11.37,82.037,14.443,none,3
2026-05-20 01:01:16,Boat-2,19.505,15.278,-40.92,155.481,11.065,79.062,14.739,none,3
2026-05-20 01:01:18,Boat-2,21.241,16.769,-35.635,157.289,12.907,79.85,17.264,none,3
2026-05-20 01:01:20,Boat-2,19.803,15.096,-44.987,155.623,12.282,79.868,14.006,none,3
2026-05-20 01:01:22,Boat-2,20.936,15.476,-38.601,155.231,9.764,83.305,16.361,none,3
2026-05-20 01:01:24,Boat-2,20.086,15.576,-39.221,156.29,12.615,74.261,15.561,none,3
2026-05-20 01:01:26,Boat-2,20.884,13.144,-32.957,154.907,10.812,78.017,17.523,none,3
2026-05-20 01:01:28,Boat-2,21.771,13.393,-40.346,155.337,10.047,79.946,16.592,none,3
2026-05-20 01:01:30,Boat-2,19.195,13.238,-40.124,156.357,11.383,77.772,14.678,none,3
2026-05-20 01:01:32,Boat-2,20.374,12.916,-36.223,156.347,10.933,79.446,16.436,none,3
2026-05-20 01:01:34,Boat-2,19.002,15.683,-44.512,156.762,13.082,79.75,13.551,none,3
2026-05-20 01:01:36,Boat-2,19.621,15.027,-40.311,158.267,11.753,78.757,14.962,none,3
2026-05-20 01:01:38,Boat-2,18.752,14.753,-41.204,159.941,11.766,80.315,14.109,none,3
2026-05-20 01:01:40,Boat-2,18.09,11.279,-40.0,159.805,12.854,81.607,13.858,none,3
2026-05-20 01:01:42,Boat-2,16.601,17.322,-36.248,159.246,13.409,80.089,13.388,none,3
2026-05-20 01:01:44,Boat-2,16.236,13.486,-34.592,158.338,13.398,79.89,13.366,none,3
2026-05-20 01:01:46,Boat-2,14.178,17.315,-25.046,159.137,14.498,80.683,12.845,none,3
2026-05-20 01:01:48,Boat-2,14.616,12.763,-12.283,157.823,13.766,81.157,14.281,none,3
2026-05-20 01:01:50,Boat-2,13.554,13.589,-1.619,157.515,13.325,77.748,13.549,tack,3
2026-05-20 01:01:52,Boat-2,13.309,11.78,14.23,157.528,14.523,82.095,12.901,none,3
2026-05-20 01:01:54,Boat-2,15.314,15.112,24.778,156.995,12.685,80.113,13.905,none,3
2026-05-20 01:01:56,Boat-2,15.505,13.207,35.215,157.167,12.498,83.319,12.668,none,3
2026-05-20 01:01:58,Boat-2,17.406,13.241,39.711,159.395,14.163,81.744,13.39,none,3
2026-05-20 01:02:00,Boat-2,18.005,12.849,45.668,159.205,13.719,82.691,12.582,none,3
2026-05-20 01:02:02,Boat-2,17.797,15.64,34.111,158.734,11.51,78.164,14.735,none,3
2026-05-20 01:02:04,Boat-2,18.592,15.551,42.414,159.567,10.8,79.33,13.726,none,3
2026-05-20 01:02:06,Boat-2,18.964,16.977,35.573,159.703,12.992,77.517,15.425,none,3
2026-05-20 01:02:08,Boat-2,19.737,13.726,41.833,160.918,12.137,78.553,14.706,none,3
2026-05-20 01:02:10,Boat-2,19.301,14.897,41.849,160.987,11.525,82.448,14.378,none,3
2026-05-20 01:02:12,Boat-2,19.193,12.932,34.862,160.683,10.746,82.91,15.749,none,3
2026-05-20 01:02:14,Boat-2,19.013,14.167,35.695,158.998,11.525,77.635,15.441,none,3
2026-05-20 01:02:16,Boat-2,19.062,13.923,38.679,157.46,11.099,79.013,14.881,none,3
2026-05-20 01:02:18,Boat-2,19.654,15.195,36.579,155.728,10.327,79.777,15.782,none,3
2026-05-20 01:02:20,Boat-2,19.052,15.908,40.568,155.989,11.279,81.1,14.472,none,3
2026-05-20 01:02:22,Boat-2,18.859,15.868,39.504,154.683,11.442,76.409,14.551,none,3
2026-05-20 01:02:24,Boat-2,18.773,13.477,41.986,155.733,10.673,76.723,13.954,none,3
2026-05-20 01:02:26,Boat-2,18.771,15.864,36.036,155.68,12.208,80.908,15.179,none,3
2026-05-20 01:02:28,Boat-2,18.387,14.502,42.107,155.381,12.67,76.031,13.641,none,3
2026-05-20 01:02:30,Boat-2,18.681,14.13,33.828,154.541,12.288,79.035,15.519,none,3
2026-05-20 01:02:32,Boat-2,19.697,13.623,40.672,155.021,10.792,80.253,14.94,none,3
2026-05-20 01:02:34,Boat-2,18.938,13.809,39.394,154.217,12.031,80.76,14.636,none,3
2026-05-20 01:02:36,Boat-2,19.36,16.794,36.589,153.25,11.217,79.646,15.545,none,3
2026-05-20 01:02:38,Boat-2,17.943,14.92,39.381,154.24,9.641,79.198,13.869,none,3
2026-05-20 01:02:40,Boat-2,19.333,14.739,40.604,154.479,11.931,81.618,14.678,none,3
2026-05-20 01:02:42,Boat-2,19.027,14.162,39.586,154.188,11.299,80.499,14.663,none,3
2026-05-20 01:02:44,Boat-2,18.908,17.674,36.075,154.685,14.236,78.635,15.282,none,3
2026-05-20 01:02:46,Boat-2,19.235,16.182,41.991,154.613,12.873,80.005,14.297,none,3
2026-05-20 01:02:48,Boat-2,18.963,13.539,39.952,154.878,11.977,80.695,14.537,none,3
2026-05-20 01:02:50,Boat-2,18.266,14.111,39.433,154.062,11.423,83.366,14.108,none,3
2026-05-20 01:02:52,Boat-2,19.675,14.178,36.186,155.846,11.32,81.502,15.879,none,3
2026-05-20 01:02:54,Boat-2,19.41,14.637,39.851,155.244,9.919,82.358,14.902,none,3
2026-05-20 01:02:56,Boat-2,19.204,13.525,32.6,156.565,9.037,78.708,16.178,none,3
2026-05-20 01:02:58,Boat-2,18.957,14.997,40.067,156.315,10.077,78.881,14.508,none,3
2026-05-20 01:03:00,Boat-2,18.78,16.304,40.375,156.961,11.067,79.458,14.307,none,3
2026-05-20 01:03:02,Boat-2,19.594,12.698,40.122,157.542,8.597,79.642,14.983,none,3
2026-05-20 01:03:04,Boat-2,20.274,12.929,44.475,158.494,10.471,77.913,14.466,none,3
2026-05-20 01:03:06,Boat-2,19.695,13.756,43.411,157.657,10.827,82.461,14.308,none,3
2026-05-20 01:03:08,Boat-2,19.04,13.806,41.488,158.545,10.865,81.696,14.263,none,3
2026-05-20 01:03:10,Boat-2,19.824,16.961,35.156,160.127,10.33,79.318,16.208,none,3
2026-05-20 01:03:12,Boat-2,19.76,15.654,39.598,159.814,10.714,81.213,15.226,none,3
2026-05-20 01:03:14,Boat-2,20.236,15.568,41.313,159.766,13.192,80.375,15.2,none,3
2026-05-20 01:03:16,Boat-2,20.185,13.985,34.811,159.215,11.918,81.369,16.573,none,3
2026-05-20 01:03:18,Boat-2,18.634,13.945,33.577,158.823,10.451,77.24,15.525,none,3
2026-05-20 01:03:20,Boat-2,20.29,12.419,34.701,160.283,11.042,79.638,16.681,none,3
2026-05-20 01:03:22,Boat-2,19.661,15.311,42.714,159.299,11.09,79.813,14.446,none,3
2026-05-20 01:03:24,Boat-2,19.54,14.921,41.354,158.371,10.202,81.176,14.668,none,3
2026-05-20 01:03:26,Boat-2,20.164,15.943,32.58,159.741,10.201,78.672,16.991,none,3
2026-05-20 01:03:28,Boat-2,20.502,13.985,38.555,160.223,12.336,74.929,16.033,none,3
2026-05-20 01:03:30,Boat-2,19.648,14.063,40.489,162.052,10.62,77.766,14.943,none,3
2026-05-20 01:03:32,Boat-2,20.771,14.457,36.742,161.566,9.81,79.807,16.645,none,3
2026-05-20 01:03:34,Boat-2,20.866,15.383,35.644,161.6,11.072,80.057,16.957,none,3
2026-05-20 01:03:36,Boat-2,20.611,12.301,41.643,160.925,11.265,83.297,15.402,none,3
2026-05-20 01:03:38,Boat-2,20.266,15.157,38.638,160.974,8.757,81.095,15.83,none,3
2026-05-20 01:03:40,Boat-2,28.305,14.013,154.847,192.269,8.35,63.535,-25.621,none,4
2026-05-20 01:03:42,Boat-2,28.329,13.174,149.679,192.38,7.174,64.424,-24.454,none,4
2026-05-20 01:03:44,Boat-2,27.999,15.004,149.926,193.086,5.157,66.542,-24.23,none,4
2026-05-20 01:03:46,Boat-2,28.704,14.152,145.837,194.141,6.813,68.121,-23.751,none,4
2026-05-20 01:03:48,Boat-2,28.656,14.883,153.331,193.942,7.183,69.113,-25.607,none,4
2026-05-20 01:03:50,Boat-2,28.661,13.669,147.115,193.082,5.577,65.863,-24.069,none,4
2026-05-20 01:03:52,Boat-2,28.964,12.699,148.595,193.23,6.518,69.455,-24.721,none,4
2026-05-20 01:03:54,Boat-2,29.279,16.538,150.448,193.734,5.259,65.201,-25.47,none,4
2026-05-20 01:03:56,Boat-2,29.326,16.305,150.904,192.499,7.679,67.978,-25.625,none,4
2026-05-20 01:03:58,Boat-2,29.326,15.455,143.96,191.778,7.149,63.896,-23.714,none,4
2026-05-20 01:04:00,Boat-2,29.036,13.813,149.567,191.21,4.975,66.62,-25.035,none,4
2026-05-20 01:04:02,Boat-2,28.954,13.938,153.465,191.103,7.372,61.097,-25.904,none,4
2026-05-20 01:04:04,Boat-2,28.803,16.137,149.006,190.498,6.882,63.537,-24.691,none,4
2026-05-20 01:04:06,Boat-2,29.069,13.891,149.59,191.215,7.57,66.713,-25.07,none,4
2026-05-20 01:04:08,Boat-2,29.406,13.54,151.061,189.85,6.48,63.155,-25.734,none,4
2026-05-20 01:04:10,Boat-2,29.102,16.807,149.965,188.508,5.988,66.634,-25.195,none,4
2026-05-20 01:04:12,Boat-2,29.557,14.322,146.528,188.288,6.025,67.593,-24.655,none,4
2026-05-20 01:04:14,Boat-2,29.135,16.694,150.305,188.21,6.304,64.777,-25.309,none,4
2026-05-20 01:04:16,Boat-2,28.875,12.588,154.221,186.981,6.973,63.842,-26.001,none,4
2026-05-20 01:04:18,Boat-2,30.042,15.09,146.449,186.515,7.128,64.832,-25.037,none,4
2026-05-20 01:04:20,Boat-2,29.508,17.119,149.021,186.234,6.721,63.848,-25.299,none,4
2026-05-20 01:04:22,Boat-2,29.39,14.476,145.193,185.96,6.442,65.578,-24.132,none,4
2026-05-20 01:04:24,Boat-2,29.318,14.104,154.021,186.176,6.529,65.984,-26.355,none,4
2026-05-20 01:04:26,Boat-2,30.04,12.939,150.093,185.661,9.959,65.168,-26.04,none,4
2026-05-20 01:04:28,Boat-2,30.506,15.873,147.213,187.071,6.025,69.129,-25.646,none,4
2026-05-20 01:04:30,Boat-2,29.739,13.475,150.794,187.59,6.281,64.341,-25.959,none,4
2026-05-20 01:04:32,Boat-2,29.854,14.362,145.87,186.944,10.903,68.563,-24.713,none,4
2026-05-20 01:04:34,Boat-2,30.461,12.889,146.516,187.109,7.455,63.697,-25.406,none,4
2026-05-20 01:04:36,Boat-2,29.188,16.527,144.895,187.301,5.294,65.926,-23.879,none,4
2026-05-20 01:04:38,Boat-2,30.909,16.013,146.39,188.474,7.961,68.146,-25.741,none,4
2026-05-20 01:04:40,Boat-2,31.141,14.479,155.601,188.013,5.858,68.043,-28.36,none,4
2026-05-20 01:04:42,Boat-2,28.836,13.028,147.658,188.784,8.041,64.939,-24.363,none,4
2026-05-20 01:04:44,Boat-2,30.021,16.533,152.215,188.902,6.697,66.89,-26.559,none,4
2026-05-20 01:04:46,Boat-2,29.747,14.069,147.266,190.324,6.422,66.622,-25.023,none,4
2026-05-20 01:04:48,Boat-2,29.955,13.115,153.33,191.566,8.881,64.7,-26.768,none,4
2026-05-20 01:04:50,Boat-2,29.885,12.268,146.544,191.823,7.63,67.012,-24.933,none,4
2026-05-20 01:04:52,Boat-2,30.434,13.726,150.593,191.667,8.118,69.505,-26.512,none,4
2026-05-20 01:04:54,Boat-2,30.01,12.682,150.644,192.203,7.472,66.723,-26.156,none,4
2026-05-20 01:04:56,Boat-2,29.639,13.77,159.289,192.121,6.417,66.913,-27.724,none,4
2026-05-20 01:04:58,Boat-2,29.956,15.553,152.839,193.713,7.684,67.124,-26.653,none,4
2026-05-20 01:05:00,Boat-2,30.247,14.104,148.191,193.864,8.401,62.858,-25.704,none,4
2026-05-20 01:05:02,Boat-2,29.46,15.06,153.047,193.579,7.112,66.7,-26.26,none,4
2026-05-20 01:05:04,Boat-2,29.227,13.662,158.569,193.245,9.112,63.746,-27.206,none,4
2026-05-20 01:05:06,Boat-2,30.835,14.693,144.251,192.233,7.971,64.6,-25.025,none,4
2026-05-20 01:05:08,Boat-2,29.617,17.11,147.242,192.814,7.205,70.104,-24.907,none,4
2026-05-20 01:05:10,Boat-2,29.809,14.164,149.543,192.156,7.252,65.273,-25.696,none,4
2026-05-20 01:05:12,Boat-2,29.654,15.121,148.859,193.224,7.115,64.3,-25.381,none,4
2026-05-20 01:05:14,Boat-2,30.038,12.591,149.179,192.141,5.449,68.085,-25.796,none,4
2026-05-20 01:05:16,Boat-2,30.545,16.606,145.488,192.335,6.842,63.885,-25.169,none,4
2026-05-20 01:05:18,Boat-2,29.962,14.012,155.779,193.45,7.216,64.885,-27.324,none,4
2026-05-20 01:05:20,Boat-2,28.968,16.002,145.038,191.593,6.451,68.278,-23.74,none,4
2026-05-20 01:05:22,Boat-2,28.977,14.479,149.683,193.49,7.355,65.866,-25.014,none,4
2026-05-20 01:05:24,Boat-2,29.366,15.436,154.418,193.187,6.976,62.657,-26.487,none,4
2026-05-20 01:05:26,Boat-2,29.368,15.516,150.329,193.394,7.879,66.868,-25.518,none,4
2026-05-20 01:05:28,Boat-2,28.656,14.057,146.722,193.988,7.746,64.987,-23.957,none,4
2026-05-20 01:05:30,Boat-2,29.739,16.066,145.319,194.722,7.151,68.86,-24.455,none,4
2026-05-20 01:05:32,Boat-2,28.82,13.661,149.57,195.048,5.31,64.568,-24.85,none,4
2026-05-20 01:05:34,Boat-2,29.917,15.66,147.567,196.026,9.099,67.883,-25.25,none,4
2026-05-20 01:05:36,Boat-2,29.997,14.142,151.223,196.573,6.781,69.332,-26.293,none,4
2026-05-20 01:05:38,Boat-2,28.995,15.104,145.118,198.238,6.855,64.08,-23.785,none,4
2026-05-20 01:05:40,Boat-2,29.222,14.049,153.533,198.788,6.544,65.399,-26.159,none,4
2026-05-20 01:05:42,Boat-2,28.365,14.715,150.883,200.636,6.377,66.572,-24.78,none,4
2026-05-20 01:05:44,Boat-2,29.048,13.252,151.165,201.527,8.834,64.099,-25.446,none,4
2026-05-20 01:05:46,Boat-2,28.306,14.97,155.92,199.982,8.681,66.394,-25.843,none,4
2026-05-20 01:05:48,Boat-2,27.67,14.704,148.78,202.412,7.616,65.473,-23.663,none,4
2026-05-20 01:05:50,Boat-2,27.47,13.943,147.685,201.975,7.059,65.547,-23.215,none,4
2026-05-20 01:05:52,Boat-2,26.613,14.572,148.362,203.401,8.083,66.3,-22.658,none,4
2026-05-20 01:05:54,Boat-2,25.701,14.815,149.712,203.505,7.623,66.555,-22.193,none,4
2026-05-20 01:05:56,Boat-2,25.199,13.837,150.013,204.54,7.522,66.975,-21.825,none,4
2026-05-20 01:05:58,Boat-2,23.409,14.469,99.737,204.001,8.358,65.668,-3.959,none,4
2026-05-20 01:06:00,Boat-2,23.802,13.326,53.085,204.644,7.568,65.912,14.296,none,4
2026-05-20 01:06:02,Boat-2,22.114,17.679,3.899,204.496,8.453,66.843,22.063,gybe,4
2026-05-20 01:06:04,Boat-2,23.62,16.003,-45.998,205.997,8.342,66.933,16.409,none,4
2026-05-20 01:06:06,Boat-2,23.05,14.977,-91.4,206.472,8.676,65.988,-0.563,none,4
2026-05-20 01:06:08,Boat-2,24.388,16.141,-141.677,207.394,7.008,67.295,-19.133,none,4
2026-05-20 01:06:10,Boat-2,25.118,12.04,-157.874,205.527,8.386,62.783,-23.268,none,4
2026-05-20 01:06:12,Boat-2,26.035,11.283,-153.329,205.53,6.252,64.741,-23.264,none,4
2026-05-20 01:06:14,Boat-2,27.205,14.084,-155.697,205.979,6.501,65.477,-24.794,none,4
2026-05-20 01:06:16,Boat-2,27.958,12.805,-153.357,206.26,6.448,64.211,-24.989,none,4
2026-05-20 01:06:18,Boat-2,28.072,14.284,-156.941,207.205,5.731,69.111,-25.829,none,4
2026-05-20 01:06:20,Boat-2,27.475,14.853,-157.477,206.956,8.2,65.852,-25.379,none,4
2026-05-20 01:06:22,Boat-2,27.78,15.776,-154.058,207.08,5.801,66.148,-24.98,none,4
2026-05-20 01:06:24,Boat-2,27.341,13.093,-153.128,208.223,6.117,64.819,-24.389,none,4
2026-05-20 01:06:26,Boat-2,27.224,15.086,-149.664,206.252,8.459,65.75,-23.496,none,4
2026-05-20 01:06:28,Boat-2,27.125,14.578,-150.287,206.863,6.266,63.35,-23.558,none,4
2026-05-20 01:06:30,Boat-2,27.413,15.004,-149.16,206.642,6.725,65.441,-23.537,none,4
2026-05-20 01:06:32,Boat-2,27.694,13.869,-152.804,205.901,5.736,63.906,-24.633,none,4
2026-05-20 01:06:34,Boat-2,26.696,16.335,-147.706,206.284,7.95,65.225,-22.567,none,4
2026-05-20 01:06:36,Boat-2,27.513,14.394,-149.717,207.469,7.966,60.66,-23.759,none,4
2026-05-20 01:06:38,Boat-2,28.197,16.827,-141.494,208.484,7.837,63.524,-22.066,none,4
2026-05-20 01:06:40,Boat-2,28.005,13.484,-156.991,208.442,7.595,68.708,-25.777,none,4
2026-05-20 01:06:42,Boat-2,27.224,15.469,-149.606,209.31,7.039,67.441,-23.483,none,4
2026-05-20 01:06:44,Boat-2,26.851,14.417,-152.175,210.172,6.321,68.418,-23.746,none,4
2026-05-20 01:06:46,Boat-2,27.682,14.059,-155.983,210.173,5.972,68.555,-25.285,none,4
2026-05-20 01:06:48,Boat-2,26.431,15.298,-151.585,209.629,8.498,67.126,-23.247,none,4
2026-05-20 01:06:50,Boat-2,27.976,14.077,-155.932,209.138,7.868,64.874,-25.544,none,4
2026-05-20 01:06:52,Boat-2,27.387,10.996,-145.725,209.972,6.118,63.705,-22.631,none,4
2026-05-20 01:06:54,Boat-2,28.317,10.465,-159.554,210.014,6.998,68.073,-26.533,none,4
2026-05-20 01:06:56,Boat-2,26.729,16.091,-154.575,209.152,6.59,65.909,-24.14,none,4
2026-05-20 01:06:58,Boat-2,27.936,16.026,-151.239,207.716,5.596,70.768,-24.49,none,4
2026-05-20 01:07:00,Boat-2,27.498,16.87,-155.859,208.544,7.163,65.05,-25.093,none,4
2026-05-20 01:07:02,Boat-2,27.418,14.383,-146.003,208.132,6.452,69.726,-22.731,none,4
2026-05-20 01:07:04,Boat-2,26.978,12.715,-149.347,208.51,5.807,65.466,-23.208,none,4
2026-05-20 01:07:06,Boat-2,27.893,13.839,-155.932,209.705,5.175,68.452,-25.468,none,4
2026-05-20 01:07:08,Boat-2,27.963,14.388,-143.349,208.607,5.074,69.173,-22.434,none,4
2026-05-20 01:07:10,Boat-2,28.499,13.053,-152.573,208.647,6.504,63.734,-25.295,none,4
2026-05-20 01:07:12,Boat-2,28.189,16.495,-152.466,208.573,6.848,64.81,-24.996,none,4
2026-05-20 01:07:14,Boat-2,27.51,17.252,-157.927,208.995,5.9,63.714,-25.494,none,4
2026-05-20 01:07:16,Boat-2,27.371,14.951,-144.428,210.19,7.731,63.32,-22.264,none,4
2026-05-20 01:07:18,Boat-2,27.256,14.303,-156.56,209.074,6.872,67.114,-25.006,none,4
2026-05-20 01:07:20,Boat-2,28.585,12.622,-148.318,209.666,7.642,65.387,-24.325,none,4
2026-05-20 01:07:22,Boat-2,27.625,16.305,-148.745,210.675,6.731,65.885,-23.616,none,4
2026-05-20 01:07:24,Boat-2,28.696,14.382,-145.8,210.587,6.006,66.892,-23.734,none,4
2026-05-20 01:07:26,Boat-2,28.324,13.895,-146.31,210.543,7.087,62.065,-23.567,none,4
2026-05-20 01:07:28,Boat-2,28.295,14.885,-151.977,211.0,5.435,68.354,-24.978,none,4
2026-05-20 01:07:30,Boat-2,28.07,13.486,-146.217,211.39,7.598,65.082,-23.33,none,4
2026-05-20 01:07:32,Boat-2,28.568,14.427,-153.257,211.994,5.826,66.845,-25.512,none,4
2026-05-20 01:07:34,Boat-2,28.327,12.349,-147.924,212.58,8.052,67.021,-24.003,none,4
2026-05-20 01:07:36,Boat-2,28.233,15.625,-145.834,211.776,6.544,68.522,-23.361,none,4
2026-05-20 01:07:38,Boat-2,28.779,14.064,-148.438,212.747,8.225,65.57,-24.522,none,4
2026-05-20 01:07:40,Boat-2,20.626,15.451,-39.085,18.849,9.246,76.97,16.01,none,5
2026-05-20 01:07:42,Boat-2,21.093,13.939,-27.634,17.793,11.752,81.795,18.687,none,5
2026-05-20 01:07:44,Boat-2,20.845,14.008,-34.721,17.449,11.798,78.762,17.133,none,5
2026-05-20 01:07:46,Boat-2,20.929,12.504,-34.965,17.254,12.537,79.532,17.151,none,5
2026-05-20 01:07:48,Boat-2,20.958,13.982,-36.195,16.316,13.585,78.075,16.913,none,5
2026-05-20 01:07:50,Boat-2,20.128,12.619,-30.172,15.363,9.012,79.928,17.402,none,5
2026-05-20 01:07:52,Boat-2,20.418,11.869,-36.65,16.64,10.577,81.768,16.381,none,5
2026-05-20 01:07:54,Boat-2,20.782,12.872,-40.527,15.68,10.152,78.348,15.796,none,5
2026-05-20 01:07:56,Boat-2,20.607,16.256,-37.235,16.571,11.25,82.07,16.407,none,5
2026-05-20 01:07:58,Boat-2,20.512,13.954,-29.614,16.098,11.059,77.387,17.833,none,5
2026-05-20 01:08:00,Boat-2,20.205,14.603,-31.494,15.995,10.762,80.139,17.229,none,5
2026-05-20 01:08:02,Boat-2,20.495,13.661,-35.625,16.42,12.276,79.589,16.659,none,5
2026-05-20 01:08:04,Boat-2,21.037,12.012,-29.437,15.802,9.721,76.473,18.321,none,5
2026-05-20 01:08:06,Boat-2,21.17,15.568,-31.813,16.233,9.794,79.038,17.989,none,5
2026-05-20 01:08:08,Boat-2,20.89,11.539,-35.669,14.311,9.814,78.625,16.971,none,5
2026-05-20 01:08:10,Boat-2,21.326,13.652,-35.286,14.627,10.611,76.904,17.408,none,5
2026-05-20 01:08:12,Boat-2,21.136,14.313,-33.404,12.325,9.569,79.327,17.644,none,5
2026-05-20 01:08:14,Boat-2,21.859,14.695,-37.817,12.041,10.985,78.903,17.268,none,5
2026-05-20 01:08:16,Boat-2,21.33,13.461,-34.639,12.73,10.844,78.465,17.55,none,5
2026-05-20 01:08:18,Boat-2,21.748,12.027,-33.483,13.21,10.099,78.473,18.139,none,5
2026-05-20 01:08:20,Boat-2,21.554,13.385,-41.066,11.961,12.092,78.43,16.251,none,5
2026-05-20 01:08:22,Boat-2,20.856,13.464,-35.375,10.828,10.972,77.875,17.006,none,5
2026-05-20 01:08:24,Boat-2,21.468,13.442,-35.807,10.129,12.318,78.89,17.41,none,5
2026-05-20 01:08:26,Boat-2,20.97,15.718,-30.749,10.216,10.809,77.323,18.022,none,5
2026-05-20 01:08:28,Boat-2,21.492,12.889,-41.665,8.307,11.014,83.924,16.056,none,5
2026-05-20 01:08:30,Boat-2,21.216,14.867,-36.105,8.216,10.368,75.792,17.141,none,5
2026-05-20 01:08:32,Boat-2,21.731,14.691,-36.486,8.416,11.035,77.441,17.471,none,5
2026-05-20 01:08:34,Boat-2,20.958,15.743,-31.007,8.081,11.898,77.599,17.963,none,5
2026-05-20 01:08:36,Boat-2,21.569,14.33,-34.821,8.474,10.549,82.692,17.707,none,5
2026-05-20 01:08:38,Boat-2,21.816,15.54,-27.83,8.595,11.665,75.97,19.293,none,5
2026-05-20 01:08:40,Boat-2,21.96,14.296,-32.139,8.028,10.068,79.462,18.594,none,5
2026-05-20 01:08:42,Boat-2,21.196,15.093,-36.214,6.205,11.954,79.107,17.101,none,5
2026-05-20 01:08:44,Boat-2,21.534,12.583,-33.745,6.245,10.347,79.278,17.906,none,5
2026-05-20 01:08:46,Boat-2,21.591,11.115,-36.001,5.307,12.065,81.083,17.467,none,5
2026-05-20 01:08:48,Boat-2,22.183,15.043,-31.39,4.707,11.116,81.042,18.936,none,5
2026-05-20 01:08:50,Boat-2,20.795,15.12,-39.718,5.058,12.868,77.709,15.995,none,5
2026-05-20 01:08:52,Boat-2,21.023,15.184,-37.786,6.254,9.658,78.999,16.615,none,5
2026-05-20 01:08:54,Boat-2,22.664,13.891,-32.924,6.14,9.272,74.882,19.024,none,5
2026-05-20 01:08:56,Boat-2,21.244,16.516,-29.998,6.558,10.304,78.809,18.399,none,5
2026-05-20 01:08:58,Boat-2,20.479,13.988,-43.023,5.178,9.381,77.023,14.971,none,5
2026-05-20 01:09:00,Boat-2,21.027,15.139,-29.433,5.319,9.384,78.238,18.313,none,5
2026-05-20 01:09:02,Boat-2,19.999,15.37,-35.188,5.185,11.789,75.24,16.345,none,5
2026-05-20 01:09:04,Boat-2,21.307,16.837,-41.814,6.212,11.038,79.42,15.88,none,5
2026-05-20 01:09:06,Boat-2,21.512,14.196,-46.062,5.645,10.468,75.218,14.927,none,5
2026-05-20 01:09:08,Boat-2,20.681,13.764,-40.467,5.348,10.582,78.909,15.734,none,5
2026-05-20 01:09:10,Boat-2,20.812,12.67,-34.731,6.221,10.335,76.163,17.104,none,5
2026-05-20 01:09:12,Boat-2,21.351,16.64,-34.906,6.058,13.046,76.926,17.51,none,5
2026-05-20 01:09:14,Boat-2,20.017,15.174,-32.249,4.98,10.213,80.954,16.929,none,5
2026-05-20 01:09:16,Boat-2,20.005,15.218,-36.744,7.196,9.569,79.859,16.031,none,5
2026-05-20 01:09:18,Boat-2,20.174,18.685,-38.866,6.146,12.219,81.052,15.708,none,5
2026-05-20 01:09:20,Boat-2,19.452,15.058,-36.225,6.007,11.18,81.987,15.692,none,5
2026-05-20 01:09:22,Boat-2,18.981,12.946,-34.528,6.239,14.139,77.487,15.638,none,5
2026-05-20 01:09:24,Boat-2,17.696,14.387,-33.779,6.4,11.385,82.241,14.709,none,5
2026-05-20 01:09:26,Boat-2,17.423,13.376,-31.956,6.149,13.392,76.547,14.783,none,5
2026-05-20 01:09:28,Boat-2,16.379,14.131,-16.107,5.903,14.012,81.189,15.736,none,5
2026-05-20 01:09:30,Boat-2,16.042,14.123,-9.475,5.612,12.329,78.867,15.823,none,5
2026-05-20 01:09:32,Boat-2,15.604,13.885,1.271,4.527,12.152,78.05,15.6,tack,5
2026-05-20 01:09:34,Boat-2,15.751,12.838,10.808,6.383,13.845,81.082,15.472,none,5
2026-05-20 01:09:36,Boat-2,15.522,16.72,23.432,6.105,13.403,81.586,14.242,none,5
2026-05-20 01:09:38,Boat-2,17.139,15.038,35.701,6.562,10.684,81.308,13.918,none,5
2026-05-20 01:09:40,Boat-2,17.572,14.357,37.295,6.181,10.662,79.673,13.979,none,5
2026-05-20 01:09:42,Boat-2,18.361,15.635,31.136,5.781,8.649,79.296,15.716,none,5
2026-05-20 01:09:44,Boat-2,19.454,15.261,26.513,5.291,12.153,79.922,17.408,none,5
2026-05-20 01:09:46,Boat-2,19.016,15.006,33.859,3.817,10.949,79.361,15.791,none,5
2026-05-20 01:09:48,Boat-2,20.144,15.537,29.967,3.592,10.961,79.766,17.451,none,5
2026-05-20 01:09:50,Boat-2,20.268,14.819,30.719,3.146,9.066,79.052,17.424,none,5
2026-05-20 01:09:52,Boat-2,19.967,15.515,36.957,4.12,9.748,80.311,15.955,none,5
2026-05-20 01:09:54,Boat-2,19.159,15.62,34.554,2.963,10.478,75.362,15.779,none,5
2026-05-20 01:09:56,Boat-2,18.571,14.85,39.529,2.364,10.239,78.35,14.324,none,5
2026-05-20 01:09:58,Boat-2,19.989,14.349,35.434,1.475,11.185,75.843,16.286,none,5
2026-05-20 01:10:00,Boat-2,19.5,16.622,37.035,2.693,11.743,79.164,15.567,none,5
2026-05-20 01:10:02,Boat-2,19.063,14.008,36.187,1.831,13.767,81.894,15.386,none,5
2026-05-20 01:10:04,Boat-2,19.877,15.134,37.505,2.257,11.019,77.662,15.768,none,5
2026-05-20 01:10:06,Boat-2,18.913,15.16,35.747,3.05,12.382,78.865,15.35,none,5
2026-05-20 01:10:08,Boat-2,19.065,13.825,32.633,2.838,10.047,80.123,16.056,none,5
2026-05-20 01:10:10,Boat-2,19.45,13.563,35.11,1.519,9.033,74.475,15.911,none,5
2026-05-20 01:10:12,Boat-2,18.674,14.148,41.74,0.212,10.62,77.566,13.934,none,5
2026-05-20 01:10:14,Boat-2,19.09,13.963,37.491,0.905,9.126,79.34,15.147,none,5
2026-05-20 01:10:16,Boat-2,19.596,12.702,40.429,359.691,11.061,72.817,14.917,none,5
2026-05-20 01:10:18,Boat-2,19.171,13.745,33.728,359.964,10.106,76.657,15.944,none,5
2026-05-20 01:10:20,Boat-2,19.611,14.932,32.743,359.987,8.698,80.812,16.495,none,5
2026-05-20 01:10:22,Boat-2,19.537,16.225,33.681,0.246,13.126,80.617,16.258,none,5
2026-05-20 01:10:24,Boat-2,19.011,15.294,37.648,0.59,10.398,79.359,15.052,none,5
2026-05-20 01:10:26,Boat-2,17.94,11.187,33.718,359.67,9.078,80.375,14.922,none,5
2026-05-20 01:10:28,Boat-2,18.481,15.393,36.442,358.712,12.121,79.041,14.867,none,5
2026-05-20 01:10:30,Boat-2,19.313,13.826,38.981,359.276,10.169,79.721,15.013,none,5
2026-05-20 01:10:32,Boat-2,18.267,15.133,31.836,358.629,12.351,77.979,15.519,none,5
2026-05-20 01:10:34,Boat-2,18.816,14.518,31.547,356.074,10.163,78.842,16.035,none,5
2026-05-20 01:10:36,Boat-2,19.117,14.278,31.05,356.578,10.394,77.346,16.378,none,5
2026-05-20 01:10:38,Boat-2,19.631,14.387,36.967,355.565,11.457,81.137,15.685,none,5
2026-05-20 01:10:40,Boat-2,18.72,14.483,30.174,355.906,11.755,81.654,16.184,none,5
2026-05-20 01:10:42,Boat-2,18.702,16.251,36.531,357.079,11.965,81.37,15.028,none,5
2026-05-20 01:10:44,Boat-2,18.984,14.469,32.172,357.014,10.935,77.794,16.069,none,5
2026-05-20 01:10:46,Boat-2,19.186,15.896,36.597,357.831,11.677,76.703,15.403,none,5
2026-05-20 01:10:48,Boat-2,18.982,15.698,35.507,357.889,11.938,81.164,15.452,none,5
2026-05-20 01:10:50,Boat-2,19.55,15.334,43.856,359.238,11.284,79.698,14.097,none,5
2026-05-20 01:10:52,Boat-2,18.748,12.134,35.803,358.202,10.872,79.268,15.205,none,5
2026-05-20 01:10:54,Boat-2,19.195,15.899,34.31,358.114,9.309,77.343,15.855,none,5
2026-05-20 01:10:56,Boat-2,19.377,13.842,36.214,358.64,11.762,79.462,15.634,none,5
2026-05-20 01:10:58,Boat-2,19.036,15.357,27.982,358.389,11.094,76.44,16.81,none,5
2026-05-20 01:11:00,Boat-2,19.636,13.152,39.073,359.346,10.547,79.879,15.244,none,5
2026-05-20 01:11:02,Boat-2,19.37,12.865,36.797,358.877,12.576,81.368,15.511,none,5
2026-05-20 01:11:04,Boat-2,19.706,16.965,38.094,0.659,9.33,81.873,15.508,none,5
2026-05-20 01:11:06,Boat-2,19.488,13.14,36.798,2.489,13.016,80.028,15.605,none,5
2026-05-20 01:11:08,Boat-2,19.623,15.864,30.736,2.663,11.016,75.846,16.866,none,5
2026-05-20 01:11:10,Boat-2,19.223,14.517,29.039,3.081,11.424,79.005,16.807,none,5
2026-05-20 01:11:12,Boat-2,19.281,13.805,37.319,4.073,10.569,82.89,15.334,none,5
2026-05-20 01:11:14,Boat-2,20.175,14.282,37.403,2.925,9.043,76.873,16.027,none,5
2026-05-20 01:11:16,Boat-2,19.97,12.637,39.053,1.664,10.875,78.492,15.508,none,5
2026-05-20 01:11:18,Boat-2,19.286,14.3,29.692,2.715,11.445,81.438,16.754,none,5
2026-05-20 01:11:20,Boat-2,19.892,12.898,30.396,2.881,11.854,79.845,17.158,none,5
2026-05-20 01:11:22,Boat-2,18.807,13.78,35.058,2.597,10.805,83.571,15.395,none,5
2026-05-20 01:11:24,Boat-2,19.683,15.486,39.961,2.527,8.412,77.145,15.087,none,5
2026-05-20 01:11:26,Boat-2,20.441,14.601,39.621,0.3,9.193,76.631,15.745,none,5
2026-05-20 01:11:28,Boat-2,20.02,12.332,34.007,0.048,13.505,81.059,16.596,none,5
2026-05-20 01:11:30,Boat-2,20.197,15.354,32.568,359.291,9.732,76.219,17.021,none,5
2026-05-20 01:11:32,Boat-2,18.855,14.226,42.507,0.037,12.755,78.217,13.9,none,5
2026-05-20 01:11:34,Boat-2,20.105,13.519,35.877,0.852,9.922,78.479,16.29,none,5
2026-05-20 01:11:36,Boat-2,20.502,15.183,28.506,1.291,10.824,80.682,18.017,none,5
2026-05-20 01:11:38,Boat-2,20.628,13.983,35.482,1.567,11.793,79.839,16.797,none,5
2026-05-20 01:11:40,Boat-2,26.086,16.509,133.835,320.854,9.388,62.299,-18.067,none,6
2026-05-20 01:11:42,Boat-2,25.53,15.39,129.142,321.48,10.998,62.55,-16.116,none,6
2026-05-20 01:11:44,Boat-2,24.843,13.677,139.654,320.85,10.244,63.072,-18.934,none,6
2026-05-20 01:11:46,Boat-2,26.009,14.985,129.97,319.879,8.666,64.649,-16.708,none,6
2026-05-20 01:11:48,Boat-2,26.218,12.484,137.153,319.973,10.37,62.548,-19.223,none,6
2026-05-20 01:11:50,Boat-2,24.734,13.385,132.857,320.558,6.832,62.437,-16.823,none,6
2026-05-20 01:11:52,Boat-2,25.523,14.407,130.641,321.002,8.62,60.813,-16.623,none,6
2026-05-20 01:11:54,Boat-2,25.912,14.871,136.968,320.622,8.535,62.36,-18.941,none,6
2026-05-20 01:11:56,Boat-2,26.36,14.168,134.794,320.97,9.618,65.859,-18.572,none,6
2026-05-20 01:11:58,Boat-2,25.863,14.628,139.248,322.402,9.281,63.685,-19.593,none,6
2026-05-20 01:12:00,Boat-2,25.786,14.419,131.246,322.666,9.354,62.024,-17.001,none,6
2026-05-20 01:12:02,Boat-2,26.552,14.116,133.185,321.276,9.314,65.976,-18.171,none,6
2026-05-20 01:12:04,Boat-2,26.077,13.955,126.99,321.539,9.551,62.333,-15.69,none,6
2026-05-20 01:12:06,Boat-2,26.593,13.797,127.762,323.459,10.172,66.343,-16.285,none,6
2026-05-20 01:12:08,Boat-2,25.909,14.664,142.896,322.38,9.703,66.311,-20.663,none,6
2026-05-20 01:12:10,Boat-2,25.858,14.908,143.98,322.487,9.183,63.616,-20.915,none,6
2026-05-20 01:12:12,Boat-2,26.863,14.642,136.415,322.363,10.006,60.506,-19.458,none,6
2026-05-20 01:12:14,Boat-2,26.69,12.863,132.932,322.53,10.515,68.083,-18.179,none,6
2026-05-20 01:12:16,Boat-2,27.043,13.107,134.929,322.784,8.857,64.278,-19.098,none,6
2026-05-20 01:12:18,Boat-2,26.437,14.935,139.382,323.89,9.453,62.856,-20.067,none,6
2026-05-20 01:12:20,Boat-2,26.365,16.34,134.108,324.047,10.918,65.416,-18.35,none,6
2026-05-20 01:12:22,Boat-2,27.378,14.635,136.966,325.276,8.201,64.908,-20.012,none,6
2026-05-20 01:12:24,Boat-2,26.121,13.912,136.014,325.25,11.69,66.125,-18.795,none,6
2026-05-20 01:12:26,Boat-2,27.407,14.748,133.901,325.015,7.917,62.179,-19.005,none,6
2026-05-20 01:12:28,Boat-2,27.473,12.989,134.063,324.493,9.11,64.141,-19.106,none,6
2026-05-20 01:12:30,Boat-2,27.297,16.178,137.177,322.938,8.384,61.132,-20.021,none,6
2026-05-20 01:12:32,Boat-2,26.629,14.728,132.35,323.266,12.149,64.836,-17.939,none,6
2026-05-20 01:12:34,Boat-2,26.595,13.624,137.779,325.194,8.92,63.458,-19.695,none,6
2026-05-20 01:12:36,Boat-2,26.89,14.286,134.271,325.687,8.923,64.066,-18.77,none,6
2026-05-20 01:12:38,Boat-2,26.419,13.827,136.547,326.385,9.079,63.211,-19.179,none,6
2026-05-20 01:12:40,Boat-2,26.583,16.225,141.322,326.093,9.639,63.002,-20.753,none,6
2026-05-20 01:12:42,Boat-2,27.317,14.266,135.423,325.953,9.13,61.767,-19.458,none,6
2026-05-20 01:12:44,Boat-2,27.326,14.739,139.558,326.919,9.364,65.084,-20.797,none,6
2026-05-20 01:12:46,Boat-2,26.565,15.29,129.253,328.807,5.289,66.483,-16.809,none,6
2026-05-20 01:12:48,Boat-2,27.342,13.589,134.275,330.226,9.593,62.39,-19.087,none,6
2026-05-20 01:12:50,Boat-2,27.238,14.811,136.168,331.031,9.545,64.611,-19.649,none,6
2026-05-20 01:12:52,Boat-2,27.706,14.923,143.371,331.143,10.77,64.368,-22.234,none,6
2026-05-20 01:12:54,Boat-2,27.272,12.553,128.615,331.412,11.095,63.52,-17.02,none,6
2026-05-20 01:12:56,Boat-2,27.477,14.908,135.697,330.813,9.299,60.45,-19.664,none,6
2026-05-20 01:12:58,Boat-2,27.198,14.526,141.598,329.59,10.503,60.9,-21.314,none,6
2026-05-20 01:13:00,Boat-2,27.402,14.761,133.08,328.656,8.202,61.942,-18.716,none,6
2026-05-20 01:13:02,Boat-2,26.357,14.644,135.254,328.781,10.445,59.226,-18.72,none,6
2026-05-20 01:13:04,Boat-2,26.854,14.94,137.323,328.598,8.837,66.32,-19.742,none,6
2026-05-20 01:13:06,Boat-2,26.859,16.347,136.764,327.355,8.102,64.239,-19.568,none,6
2026-05-20 01:13:08,Boat-2,26.732,13.079,142.013,327.402,9.301,63.444,-21.068,none,6
2026-05-20 01:13:10,Boat-2,27.001,14.173,137.767,327.195,11.205,59.124,-19.992,none,6
2026-05-20 01:13:12,Boat-2,27.04,15.488,141.108,326.22,9.743,59.858,-21.046,none,6
2026-05-20 01:13:14,Boat-2,26.872,15.251,134.695,325.967,11.325,63.505,-18.9,none,6
2026-05-20 01:13:16,Boat-2,26.53,15.227,133.249,325.758,8.639,67.459,-18.177,none,6
2026-05-20 01:13:18,Boat-2,26.142,18.212,135.205,325.283,10.813,62.14,-18.551,none,6
2026-05-20 01:13:20,Boat-2,26.741,15.434,131.658,326.197,8.809,65.304,-17.774,none,6
2026-05-20 01:13:22,Boat-2,26.035,16.109,137.9,324.564,9.927,62.687,-19.318,none,6
2026-05-20 01:13:24,Boat-2,24.853,14.242,134.596,322.857,10.021,63.871,-17.45,none,6
2026-05-20 01:13:26,Boat-2,24.429,13.353,133.51,322.94,10.707,66.355,-16.819,none,6
2026-05-20 01:13:28,Boat-2,22.728,14.237,137.958,323.106,10.409,63.444,-16.879,none,6
2026-05-20 01:13:30,Boat-2,22.418,15.572,138.264,323.55,9.437,62.99,-16.728,none,6
2026-05-20 01:13:32,Boat-2,21.27,15.177,93.798,323.145,11.583,67.426,-1.409,none,6
2026-05-20 01:13:34,Boat-2,20.333,15.173,44.866,322.399,12.749,64.837,14.411,none,6
2026-05-20 01:13:36,Boat-2,20.983,14.371,3.358,322.472,10.023,66.986,20.947,gybe,6
2026-05-20 01:13:38,Boat-2,19.939,14.164,-45.39,322.155,8.469,63.376,14.003,none,6
2026-05-20 01:13:40,Boat-2,21.413,14.416,-88.264,323.631,11.125,67.403,0.649,none,6
2026-05-20 01:13:42,Boat-2,22.991,15.591,-135.042,323.419,9.927,64.918,-16.269,none,6
2026-05-20 01:13:44,Boat-2,23.473,15.742,-138.889,323.451,9.951,65.006,-17.685,none,6
2026-05-20 01:13:46,Boat-2,23.849,13.34,-136.48,325.759,10.581,64.189,-17.294,none,6
2026-05-20 01:13:48,Boat-2,24.022,15.638,-129.742,325.664,9.214,62.75,-15.358,none,6
2026-05-20 01:13:50,Boat-2,24.361,13.799,-139.896,326.244,9.334,63.644,-18.633,none,6
2026-05-20 01:13:52,Boat-2,25.036,15.253,-135.729,326.906,9.471,62.691,-17.927,none,6
2026-05-20 01:13:54,Boat-2,25.019,14.392,-139.063,327.644,11.319,65.457,-18.9,none,6
2026-05-20 01:13:56,Boat-2,25.025,16.674,-138.686,327.985,9.573,63.112,-18.796,none,6
2026-05-20 01:13:58,Boat-2,25.176,14.092,-133.124,328.239,8.046,60.516,-17.21,none,6
2026-05-20 01:14:00,Boat-2,25.228,14.865,-132.586,328.41,8.091,60.147,-17.072,none,6
2026-05-20 01:14:02,Boat-2,25.434,15.418,-138.553,327.971,9.692,60.051,-19.065,none,6
2026-05-20 01:14:04,Boat-2,24.599,13.49,-134.91,328.344,8.169,64.74,-17.367,none,6
2026-05-20 01:14:06,Boat-2,24.789,14.527,-139.621,330.25,7.649,61.201,-18.884,none,6
2026-05-20 01:14:08,Boat-2,24.966,14.271,-135.385,331.42,10.287,64.104,-17.772,none,6
2026-05-20 01:14:10,Boat-2,24.893,13.945,-139.952,331.773,10.345,63.777,-19.055,none,6
2026-05-20 01:14:12,Boat-2,25.752,14.036,-137.671,332.623,9.082,63.374,-19.039,none,6
2026-05-20 01:14:14,Boat-2,24.978,16.048,-137.157,331.921,9.876,64.38,-18.314,none,6
2026-05-20 01:14:16,Boat-2,24.097,13.819,-134.641,331.767,9.75,63.82,-16.932,none,6
2026-05-20 01:14:18,Boat-2,24.964,15.328,-136.946,332.7,10.247,58.084,-18.242,none,6
2026-05-20 01:14:20,Boat-2,24.977,14.995,-140.595,334.118,10.25,62.856,-19.299,none,6
2026-05-20 01:14:22,Boat-2,24.633,12.763,-135.857,333.504,6.397,64.354,-17.677,none,6
2026-05-20 01:14:24,Boat-2,24.104,15.248,-138.081,333.149,9.235,66.784,-17.936,none,6
2026-05-20 01:14:26,Boat-2,25.405,12.729,-136.239,335.192,10.145,66.877,-18.348,none,6
2026-05-20 01:14:28,Boat-2,24.1,15.376,-136.536,335.359,9.031,60.777,-17.492,none,6
2026-05-20 01:14:30,Boat-2,24.849,13.892,-142.612,337.08,9.567,62.804,-19.743,none,6
2026-05-20 01:14:32,Boat-2,24.615,14.555,-140.629,337.346,10.425,60.371,-19.029,none,6
2026-05-20 01:14:34,Boat-2,24.772,12.854,-136.364,337.648,9.621,66.543,-17.929,none,6
2026-05-20 01:14:36,Boat-2,25.251,14.688,-136.878,337.453,11.333,65.529,-18.43,none,6
2026-05-20 01:14:38,Boat-2,24.719,15.725,-133.396,338.381,10.876,64.205,-16.983,none,6
2026-05-20 01:14:40,Boat-2,24.203,13.463,-135.405,339.683,9.382,63.836,-17.234,none,6
2026-05-20 01:14:42,Boat-2,24.943,13.714,-137.238,338.832,9.286,66.265,-18.313,none,6
2026-05-20 01:14:44,Boat-2,24.156,15.085,-139.295,338.594,6.104,65.926,-18.312,none,6
2026-05-20 01:14:46,Boat-2,24.512,15.109,-138.91,339.498,9.132,65.82,-18.474,none,6
2026-05-20 01:14:48,Boat-2,23.858,11.311,-131.847,339.461,7.9,64.417,-15.917,none,6
2026-05-20 01:14:50,Boat-2,23.98,17.086,-139.775,339.097,9.789,62.805,-18.309,none,6
2026-05-20 01:14:52,Boat-2,24.478,15.144,-135.725,340.086,9.707,65.038,-17.526,none,6
2026-05-20 01:14:54,Boat-2,24.633,15.353,-132.312,341.159,10.359,65.136,-16.582,none,6
2026-05-20 01:14:56,Boat-2,23.717,14.25,-141.141,340.834,11.2,63.122,-18.469,none,6
2026-05-20 01:14:58,Boat-2,24.727,12.015,-141.623,341.105,9.492,62.801,-19.385,none,6
2026-05-20 01:15:00,Boat-2,24.158,15.294,-137.065,340.098,12.26,65.77,-17.686,none,6
2026-05-20 01:15:02,Boat-2,25.129,13.671,-138.756,339.372,9.803,66.832,-18.895,none,6
2026-05-20 01:15:04,Boat-2,24.424,15.102,-138.979,339.564,7.952,62.005,-18.427,none,6
2026-05-20 01:15:06,Boat-2,24.11,14.1,-141.367,339.672,8.849,62.977,-18.834,none,6
2026-05-20 01:15:08,Boat-2,24.686,14.683,-138.829,338.882,9.077,64.205,-18.583,none,6
2026-05-20 01:15:10,Boat-2,24.279,13.355,-131.017,338.317,10.235,64.477,-15.934,none,6
2026-05-20 01:15:12,Boat-2,25.305,15.475,-143.7,337.439,8.387,62.459,-20.394,none,6
2026-05-20 01:15:14,Boat-2,24.779,12.795,-140.112,337.928,9.166,67.271,-19.013,none,6
2026-05-20 01:15:16,Boat-2,24.758,17.248,-134.126,336.237,9.331,64.348,-17.237,none,6
2026-05-20 01:15:18,Boat-2,25.143,17.227,-132.15,335.407,8.986,64.566,-16.873,none,6
2026-05-20 01:15:20,Boat-2,24.477,16.428,-137.981,333.81,10.498,67.021,-18.184,none,6
2026-05-20 01:15:22,Boat-2,24.404,15.952,-135.005,334.268,10.294,62.605,-17.257,none,6
2026-05-20 01:15:24,Boat-2,25.224,14.173,-137.317,332.725,10.924,63.327,-18.543,none,6
2026-05-20 01:15:26,Boat-2,24.605,15.787,-138.888,332.834,9.127,60.997,-18.538,none,6
2026-05-20 01:15:28,Boat-2,24.665,14.134,-133.91,334.389,10.967,63.159,-17.106,none,6
2026-05-20 01:15:30,Boat-2,25.599,12.228,-131.821,335.975,7.887,60.526,-17.07,none,6
2026-05-20 01:15:32,Boat-2,25.522,16.19,-137.529,334.43,7.858,64.999,-18.826,none,6
2026-05-20 01:15:34,Boat-2,24.787,15.691,-134.036,334.779,8.067,64.344,-17.229,none,6
2026-05-20 01:15:36,Boat-2,25.138,14.171,-136.618,333.968,9.535,62.949,-18.27,none,6
2026-05-20 01:15:38,Boat-2,25.077,12.607,-130.958,332.975,10.967,63.303,-16.438,none,6
2026-05-20 00:51:40,Boat-3,19.64,14.673,-38.208,264.899,15.255,70.43,15.433,none,1
2026-05-20 00:51:42,Boat-3,19.914,14.104,-38.254,266.442,16.337,70.159,15.638,none,1
2026-05-20 00:51:44,Boat-3,20.601,12.206,-30.056,265.942,19.558,75.33,17.831,none,1
2026-05-20 00:51:46,Boat-3,20.89,16.687,-38.676,265.604,18.967,73.777,16.309,none,1
2026-05-20 00:51:48,Boat-3,20.872,15.553,-35.87,264.676,17.801,70.993,16.914,none,1
2026-05-20 00:51:50,Boat-3,20.375,13.823,-39.37,265.628,17.381,71.587,15.751,none,1
2026-05-20 00:51:52,Boat-3,19.421,13.887,-39.418,262.611,14.719,71.065,15.003,none,1
2026-05-20 00:51:54,Boat-3,20.757,14.75,-43.654,262.132,17.142,70.944,15.018,none,1
2026-05-20 00:51:56,Boat-3,21.311,12.826,-43.149,262.011,16.295,73.636,15.548,none,1
2026-05-20 00:51:58,Boat-3,21.273,14.725,-41.764,261.336,15.974,72.141,15.867,none,1
2026-05-20 00:52:00,Boat-3,20.993,12.587,-36.48,262.033,17.139,76.878,16.88,none,1
2026-05-20 00:52:02,Boat-3,20.315,14.237,-33.088,263.035,16.388,75.217,17.021,none,1
2026-05-20 00:52:04,Boat-3,20.679,12.821,-43.967,261.684,17.997,75.335,14.884,none,1
2026-05-20 00:52:06,Boat-3,21.85,12.898,-39.264,263.488,14.63,74.059,16.917,none,1
2026-05-20 00:52:08,Boat-3,20.405,16.502,-42.372,262.127,17.044,71.871,15.075,none,1
2026-05-20 00:52:10,Boat-3,20.587,14.451,-38.182,263.207,15.899,73.911,16.182,none,1
2026-05-20 00:52:12,Boat-3,21.586,14.654,-33.09,263.262,16.462,72.018,18.086,none,1
2026-05-20 00:52:14,Boat-3,21.026,11.78,-38.876,262.729,17.319,75.976,16.369,none,1
2026-05-20 00:52:16,Boat-3,20.743,13.63,-37.358,262.28,15.613,73.524,16.488,none,1
2026-05-20 00:52:18,Boat-3,22.015,15.016,-31.648,262.17,17.151,73.241,18.741,none,1
2026-05-20 00:52:20,Boat-3,21.586,14.679,-35.438,262.278,16.699,72.97,17.587,none,1
2026-05-20 00:52:22,Boat-3,21.255,11.637,-40.066,261.369,16.161,76.196,16.266,none,1
2026-05-20 00:52:24,Boat-3,20.956,14.716,-36.574,261.079,16.389,69.848,16.83,none,1
2026-05-20 00:52:26,Boat-3,22.436,14.933,-40.322,260.305,16.768,76.392,17.105,none,1
2026-05-20 00:52:28,Boat-3,21.543,16.135,-35.58,259.132,16.032,72.344,17.521,none,1
2026-05-20 00:52:30,Boat-3,22.22,13.624,-35.219,258.316,16.962,69.904,18.152,none,1
2026-05-20 00:52:32,Boat-3,22.027,11.571,-42.373,257.201,16.62,71.211,16.273,none,1
2026-05-20 00:52:34,Boat-3,21.421,13.198,-36.512,256.743,16.22,69.414,17.216,none,1
2026-05-20 00:52:36,Boat-3,21.451,13.077,-37.624,257.052,18.861,74.023,16.99,none,1
2026-05-20 00:52:38,Boat-3,22.357,15.47,-35.108,257.081,17.452,70.639,18.289,none,1
2026-05-20 00:52:40,Boat-3,22.384,10.989,-34.019,258.778,16.494,73.053,18.553,none,1
2026-05-20 00:52:42,Boat-3,20.898,13.946,-35.363,256.708,17.129,74.984,17.043,none,1
2026-05-20 00:52:44,Boat-3,22.004,16.39,-38.33,257.051,15.721,71.372,17.261,none,1
2026-05-20 00:52:46,Boat-3,21.712,14.554,-33.631,256.977,16.43,72.18,18.077,none,1
2026-05-20 00:52:48,Boat-3,21.307,15.717,-40.495,257.631,16.57,70.109,16.203,none,1
2026-05-20 00:52:50,Boat-3,21.892,12.425,-42.196,258.196,15.458,71.939,16.219,none,1
2026-05-20 00:52:52,Boat-3,21.163,12.484,-49.32,257.967,17.419,77.865,13.795,none,1
2026-05-20 00:52:54,Boat-3,21.55,16.441,-37.444,258.042,16.35,74.274,17.11,none,1
2026-05-20 00:52:56,Boat-3,21.376,14.711,-40.3,257.293,16.536,72.192,16.303,none,1
2026-05-20 00:52:58,Boat-3,21.459,14.72,-35.666,257.765,16.293,71.507,17.434,none,1
2026-05-20 00:53:00,Boat-3,21.549,13.138,-44.668,255.994,20.557,72.665,15.325,none,1
2026-05-20 00:53:02,Boat-3,20.93,14.728,-39.637,256.613,16.271,73.049,16.118,none,1
2026-05-20 00:53:04,Boat-3,21.758,13.113,-35.391,256.512,14.692,72.021,17.737,none,1
2026-05-20 00:53:06,Boat-3,20.735,16.151,-41.091,255.994,15.429,74.033,15.628,none,1
2026-05-20 00:53:08,Boat-3,20.553,18.159,-35.623,255.705,18.514,71.231,16.707,none,1
2026-05-20 00:53:10,Boat-3,18.697,15.247,-39.294,255.481,19.531,71.432,14.47,none,1
2026-05-20 00:53:12,Boat-3,17.437,13.796,-41.177,256.569,17.469,74.323,13.125,none,1
2026-05-20 00:53:14,Boat-3,17.457,11.332,-26.714,259.399,20.159,71.464,15.593,none,1
2026-05-20 00:53:16,Boat-3,15.66,12.44,-16.496,260.417,19.756,75.417,15.016,none,1
2026-05-20 00:53:18,Boat-3,15.54,16.654,-2.208,259.828,18.726,73.987,15.528,tack,1
2026-05-20 00:53:20,Boat-3,16.153,13.298,13.53,260.315,18.553,70.303,15.705,none,1
2026-05-20 00:53:22,Boat-3,15.926,14.157,25.173,260.841,18.841,74.021,14.413,none,1
2026-05-20 00:53:24,Boat-3,17.731,15.493,39.896,259.928,19.341,70.213,13.603,none,1
2026-05-20 00:53:26,Boat-3,18.669,16.57,41.058,258.714,18.404,74.735,14.077,none,1
2026-05-20 00:53:28,Boat-3,19.865,14.386,37.854,258.577,16.791,72.64,15.685,none,1
2026-05-20 00:53:30,Boat-3,20.374,14.121,38.644,259.224,17.14,76.675,15.913,none,1
2026-05-20 00:53:32,Boat-3,21.009,14.741,37.57,257.693,19.552,75.002,16.652,none,1
2026-05-20 00:53:34,Boat-3,20.628,13.833,41.013,256.964,17.367,70.667,15.565,none,1
2026-05-20 00:53:36,Boat-3,20.401,13.904,44.215,257.4,18.049,68.708,14.622,none,1
2026-05-20 00:53:38,Boat-3,21.761,15.185,35.199,257.357,17.624,71.22,17.782,none,1
2026-05-20 00:53:40,Boat-3,20.098,14.891,33.514,258.552,17.29,70.279,16.757,none,1
2026-05-20 00:53:42,Boat-3,20.093,17.421,43.988,257.202,17.087,76.369,14.457,none,1
2026-05-20 00:53:44,Boat-3,20.928,15.22,35.776,259.239,18.031,72.696,16.979,none,1
2026-05-20 00:53:46,Boat-3,21.339,16.145,33.062,257.774,17.816,74.583,17.884,none,1
2026-05-20 00:53:48,Boat-3,20.625,13.254,34.913,255.868,17.27,72.146,16.913,none,1
2026-05-20 00:53:50,Boat-3,20.921,15.328,38.761,255.735,16.121,72.357,16.313,none,1
2026-05-20 00:53:52,Boat-3,19.504,13.704,40.763,254.634,17.416,72.651,14.773,none,1
2026-05-20 00:53:54,Boat-3,20.109,15.155,36.87,254.519,16.873,74.929,16.087,none,1
2026-05-20 00:53:56,Boat-3,19.423,15.534,36.236,254.373,16.584,73.339,15.666,none,1
2026-05-20 00:53:58,Boat-3,20.55,14.701,36.814,254.117,20.168,70.601,16.452,none,1
2026-05-20 00:54:00,Boat-3,19.436,17.762,37.862,253.278,15.107,75.961,15.344,none,1
2026-05-20 00:54:02,Boat-3,19.491,16.486,41.292,253.588,18.104,72.13,14.645,none,1
2026-05-20 00:54:04,Boat-3,20.233,16.156,35.571,253.222,15.918,71.805,16.457,none,1
2026-05-20 00:54:06,Boat-3,20.416,15.615,35.388,254.136,17.111,67.057,16.644,none,1
2026-05-20 00:54:08,Boat-3,19.805,16.91,36.415,253.893,20.036,73.985,15.938,none,1
2026-05-20 00:54:10,Boat-3,20.073,12.745,36.756,252.945,15.799,72.918,16.083,none,1
2026-05-20 00:54:12,Boat-3,20.0,16.389,30.797,251.346,16.085,72.916,17.18,none,1
2026-05-20 00:54:14,Boat-3,19.605,13.314,39.55,251.111,16.933,71.91,15.117,none,1
2026-05-20 00:54:16,Boat-3,19.156,13.864,32.308,249.889,15.937,71.565,16.19,none,1
2026-05-20 00:54:18,Boat-3,19.851,15.321,39.967,248.594,18.014,71.977,15.214,none,1
2026-05-20 00:54:20,Boat-3,19.823,16.189,32.964,248.989,16.312,73.642,16.632,none,1
2026-05-20 00:54:22,Boat-3,19.903,13.08,32.491,247.309,17.738,73.994,16.787,none,1
2026-05-20 00:54:24,Boat-3,19.597,13.907,38.291,248.5,15.359,72.254,15.381,none,1
2026-05-20 00:54:26,Boat-3,18.889,14.693,30.866,248.564,14.785,74.614,16.214,none,1
2026-05-20 00:54:28,Boat-3,19.687,14.317,35.395,248.444,16.679,72.558,16.049,none,1
2026-05-20 00:54:30,Boat-3,19.341,15.662,40.511,247.433,15.071,71.707,14.704,none,1
2026-05-20 00:54:32,Boat-3,19.092,19.011,38.599,248.041,18.776,73.113,14.921,none,1
2026-05-20 00:54:34,Boat-3,19.148,15.082,32.873,247.958,15.118,69.997,16.082,none,1
2026-05-20 00:54:36,Boat-3,18.945,13.573,33.67,247.261,15.708,73.181,15.767,none,1
2026-05-20 00:54:38,Boat-3,19.633,12.835,41.198,247.36,17.45,69.631,14.773,none,1
2026-05-20 00:54:40,Boat-3,18.576,14.089,37.707,245.766,16.25,70.66,14.697,none,1
2026-05-20 00:54:42,Boat-3,18.752,13.281,36.404,244.214,15.132,68.678,15.093,none,1
2026-05-20 00:54:44,Boat-3,19.04,15.102,39.107,243.126,19.402,72.366,14.775,none,1
2026-05-20 00:54:46,Boat-3,19.906,15.073,28.218,243.361,15.752,75.935,17.54,none,1
2026-05-20 00:54:48,Boat-3,19.65,13.874,36.29,243.278,16.718,72.482,15.839,none,1
2026-05-20 00:54:50,Boat-3,18.437,17.047,37.413,244.142,16.703,74.003,14.644,none,1
2026-05-20 00:54:52,Boat-3,19.786,13.501,32.652,243.234,17.806,77.42,16.659,none,1
2026-05-20 00:54:54,Boat-3,19.792,14.292,38.566,243.671,17.508,73.524,15.475,none,1
2026-05-20 00:54:56,Boat-3,18.666,15.268,33.349,243.488,15.961,71.185,15.593,none,1
2026-05-20 00:54:58,Boat-3,18.074,15.586,43.515,242.56,16.563,71.461,13.107,none,1
2026-05-20 00:55:00,Boat-3,19.193,16.077,38.902,242.826,16.681,72.717,14.936,none,1
2026-05-20 00:55:02,Boat-3,19.751,14.963,33.191,242.687,17.852,71.45,16.529,none,1
2026-05-20 00:55:04,Boat-3,19.986,15.761,31.211,242.041,15.552,71.6,17.094,none,1
2026-05-20 00:55:06,Boat-3,18.906,13.52,40.116,241.999,19.375,74.686,14.458,none,1
2026-05-20 00:55:08,Boat-3,20.117,15.567,40.559,241.802,16.043,74.768,15.284,none,1
2026-05-20 00:55:10,Boat-3,18.36,15.539,35.021,241.584,16.943,69.422,15.036,none,1
2026-05-20 00:55:12,Boat-3,19.234,16.318,39.545,241.132,15.562,71.08,14.832,none,1
2026-05-20 00:55:14,Boat-3,19.252,12.171,38.198,239.878,15.396,71.788,15.13,none,1
2026-05-20 00:55:16,Boat-3,20.001,13.15,33.847,239.865,15.904,73.914,16.611,none,1
2026-05-20 00:55:18,Boat-3,20.113,15.388,39.245,239.063,15.789,75.002,15.576,none,1
2026-05-20 00:55:20,Boat-3,20.006,10.859,44.646,238.064,16.457,78.12,14.233,none,1
2026-05-20 00:55:22,Boat-3,19.02,14.934,42.122,237.768,15.779,71.784,14.107,none,1
2026-05-20 00:55:24,Boat-3,20.069,15.66,37.14,238.348,17.788,71.884,15.998,none,1
2026-05-20 00:55:26,Boat-3,19.965,13.522,44.259,238.436,16.014,73.893,14.299,none,1
2026-05-20 00:55:28,Boat-3,19.042,13.7,38.307,237.878,15.881,71.351,14.942,none,1
2026-05-20 00:55:30,Boat-3,18.923,12.851,42.468,237.283,16.482,72.434,13.959,none,1
2026-05-20 00:55:32,Boat-3,20.381,13.558,30.946,237.776,18.145,71.886,17.48,none,1
2026-05-20 00:55:34,Boat-3,19.896,13.583,28.95,235.538,17.211,67.473,17.41,none,1
2026-05-20 00:55:36,Boat-3,19.463,13.324,41.199,236.176,16.834,72.962,14.644,none,1
2026-05-20 00:55:38,Boat-3,20.012,13.241,36.202,234.409,15.234,72.351,16.149,none,1
2026-05-20 00:55:40,Boat-3,24.284,15.444,136.414,114.348,5.319,64.489,-17.59,none,2
2026-05-20 00:55:42,Boat-3,23.491,14.132,135.42,113.119,6.762,60.743,-16.732,none,2
2026-05-20 00:55:44,Boat-3,24.324,16.458,132.381,113.711,6.703,62.652,-16.396,none,2
2026-05-20 00:55:46,Boat-3,23.321,13.546,134.787,113.063,5.33,63.447,-16.429,none,2
2026-05-20 00:55:48,Boat-3,23.372,16.077,131.438,111.951,3.638,65.791,-15.468,none,2
2026-05-20 00:55:50,Boat-3,24.266,15.03,133.247,111.111,6.795,64.316,-16.626,none,2
2026-05-20 00:55:52,Boat-3,23.318,14.229,136.797,111.446,5.214,61.284,-16.997,none,2
2026-05-20 00:55:54,Boat-3,24.322,14.988,136.011,111.439,7.118,62.676,-17.499,none,2
2026-05-20 00:55:56,Boat-3,24.178,14.634,148.105,109.599,5.384,65.423,-20.528,none,2
2026-05-20 00:55:58,Boat-3,24.683,14.769,131.345,109.334,5.105,61.25,-16.305,none,2
2026-05-20 00:56:00,Boat-3,24.241,14.048,135.984,110.466,6.475,63.494,-17.433,none,2
2026-05-20 00:56:02,Boat-3,24.36,13.417,131.049,110.14,9.12,63.633,-15.997,none,2
2026-05-20 00:56:04,Boat-3,24.63,13.905,134.985,110.071,7.19,62.88,-17.411,none,2
2026-05-20 00:56:06,Boat-3,24.167,12.163,135.14,111.09,6.454,69.043,-17.13,none,2
2026-05-20 00:56:08,Boat-3,24.211,15.457,139.669,111.886,6.721,62.826,-18.456,none,2
2026-05-20 00:56:10,Boat-3,24.804,12.768,134.75,112.886,4.189,64.551,-17.462,none,2
2026-05-20 00:56:12,Boat-3,24.637,14.102,135.732,110.47,4.944,62.119,-17.642,none,2
2026-05-20 00:56:14,Boat-3,24.525,15.238,134.824,112.11,3.278,64.707,-17.289,none,2
2026-05-20 00:56:16,Boat-3,24.728,15.497,131.135,112.763,8.367,65.393,-16.267,none,2
2026-05-20 00:56:18,Boat-3,25.537,12.109,133.981,115.059,8.124,62.475,-17.733,none,2
2026-05-20 00:56:20,Boat-3,24.672,14.307,135.008,114.434,6.762,63.542,-17.448,none,2
2026-05-20 00:56:22,Boat-3,24.708,15.035,136.739,112.927,6.453,61.861,-17.994,none,2
2026-05-20 00:56:24,Boat-3,24.199,14.515,138.583,113.014,4.429,61.362,-18.147,none,2
2026-05-20 00:56:26,Boat-3,24.992,16.204,135.567,112.846,6.028,65.725,-17.846,none,2
2026-05-20 00:56:28,Boat-3,25.348,13.398,135.501,113.514,8.442,62.543,-18.08,none,2
2026-05-20 00:56:30,Boat-3,25.467,11.812,129.92,114.562,6.449,58.824,-16.343,none,2
2026-05-20 00:56:32,Boat-3,25.175,15.539,138.51,114.563,5.613,67.182,-18.858,none,2
2026-05-20 00:56:34,Boat-3,25.589,13.796,133.814,114.427,4.181,62.047,-17.716,none,2
2026-05-20 00:56:36,Boat-3,25.517,12.217,139.298,114.977,7.947,63.158,-19.344,none,2
2026-05-20 00:56:38,Boat-3,25.714,14.306,141.461,114.826,6.207,66.933,-20.113,none,2
2026-05-20 00:56:40,Boat-3,25.678,16.12,135.745,114.6,4.183,63.368,-18.392,none,2
2026-05-20 00:56:42,Boat-3,25.96,12.886,132.57,115.614,5.182,63.325,-17.562,none,2
2026-05-20 00:56:44,Boat-3,25.193,17.573,136.395,116.828,4.758,61.195,-18.242,none,2
2026-05-20 00:56:46,Boat-3,24.683,13.455,137.784,117.883,6.133,60.382,-18.281,none,2
2026-05-20 00:56:48,Boat-3,25.585,14.665,135.26,117.812,6.54,63.319,-18.173,none,2
2026-05-20 00:56:50,Boat-3,25.638,12.974,134.316,115.966,5.689,64.379,-17.911,none,2
2026-05-20 00:56:52,Boat-3,25.981,14.62,138.6,115.912,7.228,64.268,-19.489,none,2
2026-05-20 00:56:54,Boat-3,25.817,14.399,138.35,115.31,6.399,62.703,-19.29,none,2
2026-05-20 00:56:56,Boat-3,26.039,12.643,135.143,115.274,7.597,63.726,-18.458,none,2
2026-05-20 00:56:58,Boat-3,25.293,18.259,130.173,114.75,5.93,60.05,-16.317,none,2
2026-05-20 00:57:00,Boat-3,24.853,13.948,138.193,114.811,10.078,64.715,-18.525,none,2
2026-05-20 00:57:02,Boat-3,23.702,13.955,133.543,113.956,5.851,64.231,-16.329,none,2
2026-05-20 00:57:04,Boat-3,23.855,15.863,137.273,112.883,5.596,68.021,-17.524,none,2
2026-05-20 00:57:06,Boat-3,22.691,16.967,137.033,114.063,5.643,64.299,-16.604,none,2
2026-05-20 00:57:08,Boat-3,22.171,16.077,138.027,113.271,6.838,62.633,-16.483,none,2
2026-05-20 00:57:10,Boat-3,21.288,13.056,92.247,113.351,5.23,64.636,-0.835,none,2
2026-05-20 00:57:12,Boat-3,20.882,14.9,41.649,114.29,7.792,64.238,15.603,none,2
2026-05-20 00:57:14,Boat-3,20.384,12.18,-3.888,115.193,5.204,65.821,20.337,gybe,2
2026-05-20 00:57:16,Boat-3,21.013,15.802,-50.204,115.988,7.632,64.948,13.45,none,2
2026-05-20 00:57:18,Boat-3,19.885,12.507,-95.15,116.341,5.672,62.217,-1.785,none,2
2026-05-20 00:57:20,Boat-3,21.931,13.592,-143.81,117.072,6.634,61.247,-17.7,none,2
2026-05-20 00:57:22,Boat-3,23.176,14.635,-138.021,118.388,7.6,64.81,-17.228,none,2
2026-05-20 00:57:24,Boat-3,24.178,15.22,-131.886,118.851,9.445,66.84,-16.142,none,2
2026-05-20 00:57:26,Boat-3,24.201,14.304,-133.465,117.277,5.235,64.067,-16.648,none,2
2026-05-20 00:57:28,Boat-3,24.982,16.62,-137.338,116.882,6.243,65.421,-18.37,none,2
2026-05-20 00:57:30,Boat-3,24.493,15.587,-139.042,117.588,5.49,65.75,-18.497,none,2
2026-05-20 00:57:32,Boat-3,24.499,15.486,-134.605,117.104,5.278,64.219,-17.203,none,2
2026-05-20 00:57:34,Boat-3,24.744,13.051,-139.596,118.642,5.446,62.037,-18.843,none,2
2026-05-20 00:57:36,Boat-3,24.473,16.859,-129.646,118.665,7.285,64.047,-15.615,none,2
2026-05-20 00:57:38,Boat-3,24.072,13.606,-132.498,118.822,5.707,66.067,-16.262,none,2
2026-05-20 00:57:40,Boat-3,24.131,16.909,-128.614,119.914,8.991,64.712,-15.06,none,2
2026-05-20 00:57:42,Boat-3,23.798,17.279,-133.049,119.83,6.79,65.148,-16.245,none,2
2026-05-20 00:57:44,Boat-3,24.47,15.315,-142.19,120.068,5.079,62.726,-19.332,none,2
2026-05-20 00:57:46,Boat-3,24.17,15.99,-144.279,120.957,5.851,63.247,-19.622,none,2
2026-05-20 00:57:48,Boat-3,23.934,10.639,-137.35,119.712,5.329,63.414,-17.604,none,2
2026-05-20 00:57:50,Boat-3,23.773,14.392,-134.033,119.536,7.251,63.549,-16.524,none,2
2026-05-20 00:57:52,Boat-3,24.186,16.076,-135.617,120.362,4.324,65.987,-17.285,none,2
2026-05-20 00:57:54,Boat-3,24.242,15.843,-138.258,120.501,4.682,58.957,-18.088,none,2
2026-05-20 00:57:56,Boat-3,23.314,13.053,-130.52,121.901,5.581,63.712,-15.147,none,2
2026-05-20 00:57:58,Boat-3,23.175,14.254,-134.283,120.563,7.11,63.492,-16.181,none,2
2026-05-20 00:58:00,Boat-3,24.117,11.336,-141.911,119.122,7.771,60.908,-18.981,none,2
2026-05-20 00:58:02,Boat-3,23.002,15.166,-132.485,119.895,7.947,64.995,-15.536,none,2
2026-05-20 00:58:04,Boat-3,23.802,12.177,-133.613,120.754,6.927,62.202,-16.418,none,2
2026-05-20 00:58:06,Boat-3,24.22,16.091,-136.509,120.66,6.191,62.937,-17.571,none,2
2026-05-20 00:58:08,Boat-3,24.158,16.155,-137.535,121.101,7.244,67.349,-17.821,none,2
2026-05-20 00:58:10,Boat-3,23.7,13.996,-134.084,121.851,4.917,65.671,-16.489,none,2
2026-05-20 00:58:12,Boat-3,23.628,15.286,-136.751,121.199,4.077,64.8,-17.21,none,2
2026-05-20 00:58:14,Boat-3,24.265,14.321,-138.769,120.643,6.815,64.413,-18.249,none,2
2026-05-20 00:58:16,Boat-3,22.146,14.912,-143.912,120.893,5.084,63.322,-17.897,none,2
2026-05-20 00:58:18,Boat-3,22.935,13.1,-135.979,121.787,6.212,67.65,-16.492,none,2
2026-05-20 00:58:20,Boat-3,23.475,15.395,-136.302,120.818,6.434,65.256,-16.972,none,2
2026-05-20 00:58:22,Boat-3,22.893,12.446,-142.263,120.719,6.589,62.152,-18.104,none,2
2026-05-20 00:58:24,Boat-3,23.557,12.194,-134.372,120.58,7.416,60.851,-16.474,none,2
2026-05-20 00:58:26,Boat-3,22.939,14.408,-131.426,121.036,7.289,64.785,-15.178,none,2
2026-05-20 00:58:28,Boat-3,22.976,14.284,-137.41,121.108,6.525,63.539,-16.915,none,2
2026-05-20 00:58:30,Boat-3,22.756,14.906,-140.548,120.697,5.76,60.793,-17.571,none,2
2026-05-20 00:58:32,Boat-3,22.611,13.7,-137.831,121.9,6.42,64.508,-16.758,none,2
2026-05-20 00:58:34,Boat-3,22.569,16.988,-136.09,121.495,5.575,63.113,-16.26,none,2
2026-05-20 00:58:36,Boat-3,22.91,14.737,-130.955,121.312,6.055,64.713,-15.017,none,2
2026-05-20 00:58:38,Boat-3,22.416,14.823,-136.237,119.96,9.433,64.535,-16.189,none,2
2026-05-20 00:58:40,Boat-3,23.173,14.768,-141.145,119.398,6.509,62.435,-18.045,none,2
2026-05-20 00:58:42,Boat-3,23.021,15.807,-131.769,119.942,6.831,64.917,-15.335,none,2
2026-05-20 00:58:44,Boat-3,23.208,15.243,-135.529,120.311,5.444,62.655,-16.561,none,2
2026-05-20 00:58:46,Boat-3,22.195,15.06,-134.986,120.93,7.515,62.785,-15.691,none,2
2026-05-20 00:58:48,Boat-3,21.932,15.433,-133.808,121.506,7.203,62.587,-15.182,none,2
2026-05-20 00:58:50,Boat-3,22.693,12.094,-137.401,123.465,7.212,65.913,-16.704,none,2
2026-05-20 00:58:52,Boat-3,24.0,12.134,-138.143,122.872,6.549,63.09,-17.876,none,2
2026-05-20 00:58:54,Boat-3,23.27,14.348,-138.104,121.494,7.532,66.396,-17.321,none,2
2026-05-20 00:58:56,Boat-3,22.459,14.18,-132.747,120.629,7.817,67.218,-15.244,none,2
2026-05-20 00:58:58,Boat-3,22.911,15.18,-130.204,120.076,6.631,62.174,-14.789,none,2
2026-05-20 00:59:00,Boat-3,23.063,14.442,-137.456,119.279,6.153,57.809,-16.992,none,2
2026-05-20 00:59:02,Boat-3,22.138,15.162,-134.536,119.443,7.364,65.74,-15.527,none,2
2026-05-20 00:59:04,Boat-3,23.393,12.776,-143.444,120.65,5.206,62.967,-18.791,none,2
2026-05-20 00:59:06,Boat-3,22.727,14.371,-143.62,122.116,5.429,61.919,-18.297,none,2
2026-05-20 00:59:08,Boat-3,22.79,12.63,-144.024,122.65,6.227,62.474,-18.443,none,2
2026-05-20 00:59:10,Boat-3,22.874,14.865,-132.886,124.657,4.201,62.822,-15.567,none,2
2026-05-20 00:59:12,Boat-3,23.414,11.91,-138.622,124.416,7.284,66.246,-17.569,none,2
2026-05-20 00:59:14,Boat-3,22.597,14.793,-139.769,123.027,5.135,63.971,-17.252,none,2
2026-05-20 00:59:16,Boat-3,22.211,12.419,-139.341,124.055,5.725,66.218,-16.849,none,2
2026-05-20 00:59:18,Boat-3,23.168,13.819,-135.112,122.48,6.035,64.64,-16.414,none,2
2026-05-20 00:59:20,Boat-3,22.15,15.469,-141.32,121.881,6.338,63.033,-17.291,none,2
2026-05-20 00:59:22,Boat-3,22.984,14.59,-136.461,122.429,5.878,62.871,-16.661,none,2
2026-05-20 00:59:24,Boat-3,23.705,12.143,-136.946,122.417,6.21,64.774,-17.322,none,2
2026-05-20 00:59:26,Boat-3,23.486,13.397,-130.615,122.325,6.219,65.292,-15.289,none,2
2026-05-20 00:59:28,Boat-3,23.751,12.307,-138.909,121.342,5.754,65.645,-17.9,none,2
2026-05-20 00:59:30,Boat-3,23.62,12.044,-135.469,121.412,5.363,63.128,-16.838,none,2
2026-05-20 00:59:32,Boat-3,24.485,14.389,-138.225,122.396,7.589,64.002,-18.26,none,2
2026-05-20 00:59:34,Boat-3,23.198,14.952,-137.352,122.494,3.766,64.819,-17.063,none,2
2026-05-20 00:59:36,Boat-3,23.705,14.785,-137.146,121.827,6.044,62.883,-17.378,none,2
2026-05-20 00:59:38,Boat-3,23.393,14.983,-136.285,120.784,5.728,61.381,-16.908,none,2
2026-05-20 00:59:40,Boat-3,19.256,13.328,-42.136,330.644,17.85,81.288,14.28,none,3
2026-05-20 00:59:42,Boat-3,18.366,11.845,-46.377,328.795,14.132,76.618,12.671,none,3
2026-05-20 00:59:44,Boat-3,18.508,13.351,-48.652,328.805,15.157,78.782,12.227,none,3
2026-05-20 00:59:46,Boat-3,19.518,13.187,-41.646,329.12,14.501,81.478,14.585,none,3
2026-05-20 00:59:48,Boat-3,19.057,13.426,-47.241,329.907,14.374,77.261,12.938,none,3
2026-05-20 00:59:50,Boat-3,19.392,13.012,-44.429,329.761,16.968,80.966,13.848,none,3
2026-05-20 00:59:52,Boat-3,19.339,13.672,-51.028,329.346,15.647,80.503,12.163,none,3
2026-05-20 00:59:54,Boat-3,19.208,15.089,-47.303,331.053,14.949,79.585,13.025,none,3
2026-05-20 00:59:56,Boat-3,19.132,16.524,-41.302,330.979,14.994,78.379,14.373,none,3
2026-05-20 00:59:58,Boat-3,19.727,12.063,-47.86,331.547,14.939,77.063,13.236,none,3
2026-05-20 01:00:00,Boat-3,19.939,12.643,-42.043,330.981,15.047,82.587,14.807,none,3
2026-05-20 01:00:02,Boat-3,19.964,13.3,-53.996,331.522,14.098,80.3,11.736,none,3
2026-05-20 01:00:04,Boat-3,19.002,15.336,-47.264,330.132,15.305,79.717,12.895,none,3
2026-05-20 01:00:06,Boat-3,20.18,14.085,-45.789,329.636,15.184,78.21,14.071,none,3
2026-05-20 01:00:08,Boat-3,19.487,13.421,-38.516,328.469,14.706,79.112,15.247,none,3
2026-05-20 01:00:10,Boat-3,19.361,15.305,-49.58,327.844,15.801,79.365,12.553,none,3
2026-05-20 01:00:12,Boat-3,19.675,15.628,-42.588,328.89,15.903,79.836,14.485,none,3
2026-05-20 01:00:14,Boat-3,20.173,14.371,-41.122,328.259,14.947,80.505,15.197,none,3
2026-05-20 01:00:16,Boat-3,20.088,13.345,-47.88,328.825,15.442,77.471,13.473,none,3
2026-05-20 01:00:18,Boat-3,19.772,14.768,-46.557,330.111,18.206,76.103,13.596,none,3
2026-05-20 01:00:20,Boat-3,20.304,14.123,-44.6,330.006,18.16,79.205,14.457,none,3
2026-05-20 01:00:22,Boat-3,20.026,14.124,-50.768,330.82,14.35,75.542,12.666,none,3
2026-05-20 01:00:24,Boat-3,19.739,13.781,-46.867,331.218,14.518,78.389,13.495,none,3
2026-05-20 01:00:26,Boat-3,19.708,15.659,-40.289,331.243,14.344,78.018,15.033,none,3
2026-05-20 01:00:28,Boat-3,20.239,14.791,-43.152,331.838,16.884,80.02,14.765,none,3
2026-05-20 01:00:30,Boat-3,20.04,15.822,-45.734,333.414,15.137,83.001,13.988,none,3
2026-05-20 01:00:32,Boat-3,19.479,16.222,-44.708,332.761,15.903,75.147,13.844,none,3
2026-05-20 01:00:34,Boat-3,20.496,15.091,-42.93,331.818,18.012,83.584,15.007,none,3
2026-05-20 01:00:36,Boat-3,19.911,13.845,-42.203,330.821,15.603,78.57,14.75,none,3
2026-05-20 01:00:38,Boat-3,20.854,15.864,-47.252,331.636,16.463,79.732,14.155,none,3
2026-05-20 01:00:40,Boat-3,19.512,15.126,-39.306,332.573,16.24,76.206,15.098,none,3
2026-05-20 01:00:42,Boat-3,20.064,17.913,-40.136,332.009,14.909,81.03,15.339,none,3
2026-05-20 01:00:44,Boat-3,19.829,14.94,-42.564,330.007,16.886,79.119,14.605,none,3
2026-05-20 01:00:46,Boat-3,19.7,15.451,-48.341,329.32,14.596,78.913,13.095,none,3
2026-05-20 01:00:48,Boat-3,19.912,14.929,-49.015,329.733,17.223,75.161,13.06,none,3
2026-05-20 01:00:50,Boat-3,20.916,14.43,-46.379,329.593,14.91,79.184,14.429,none,3
2026-05-20 01:00:52,Boat-3,20.168,14.23,-44.907,329.675,15.042,80.728,14.284,none,3
2026-05-20 01:00:54,Boat-3,19.728,14.955,-51.858,329.124,14.309,78.563,12.184,none,3
2026-05-20 01:00:56,Boat-3,19.239,15.257,-43.258,329.957,14.506,81.384,14.011,none,3
2026-05-20 01:00:58,Boat-3,19.261,16.086,-40.246,330.186,15.103,81.302,14.702,none,3
2026-05-20 01:01:00,Boat-3,19.765,14.993,-42.947,330.633,12.698,77.754,14.468,none,3
2026-05-20 01:01:02,Boat-3,19.689,13.996,-47.707,330.697,15.335,82.226,13.249,none,3
2026-05-20 01:01:04,Boat-3,19.837,14.178,-48.157,331.089,15.006,79.127,13.233,none,3
2026-05-20 01:01:06,Boat-3,18.877,12.888,-43.998,331.421,16.563,79.136,13.579,none,3
2026-05-20 01:01:08,Boat-3,19.817,16.772,-45.72,330.506,16.123,79.234,13.835,none,3
2026-05-20 01:01:10,Boat-3,20.276,13.914,-43.454,330.762,14.766,79.175,14.719,none,3
2026-05-20 01:01:12,Boat-3,20.497,15.879,-42.851,331.394,15.065,73.776,15.026,none,3
2026-05-20 01:01:14,Boat-3,18.864,14.985,-40.989,332.354,15.334,78.665,14.239,none,3
2026-05-20 01:01:16,Boat-3,19.304,15.024,-49.44,332.648,17.398,76.308,12.552,none,3
2026-05-20 01:01:18,Boat-3,19.226,14.48,-44.296,331.7,14.628,82.289,13.761,none,3
2026-05-20 01:01:20,Boat-3,19.619,13.612,-46.519,330.889,14.752,82.208,13.5,none,3
2026-05-20 01:01:22,Boat-3,18.946,13.38,-45.513,330.418,14.261,80.74,13.276,none,3
2026-05-20 01:01:24,Boat-3,20.192,16.888,-41.853,330.508,13.837,78.559,15.04,none,3
2026-05-20 01:01:26,Boat-3,19.392,14.792,-41.44,330.318,15.984,77.02,14.537,none,3
2026-05-20 01:01:28,Boat-3,19.254,16.108,-39.824,329.227,15.859,77.721,14.787,none,3
2026-05-20 01:01:30,Boat-3,19.961,16.447,-43.521,328.13,17.155,82.921,14.474,none,3
2026-05-20 01:01:32,Boat-3,19.171,14.114,-45.556,326.161,16.865,77.652,13.424,none,3
2026-05-20 01:01:34,Boat-3,19.292,15.2,-46.099,323.274,18.492,74.325,13.377,none,3
2026-05-20 01:01:36,Boat-3,18.705,14.708,-51.73,323.075,15.527,81.097,11.586,none,3
2026-05-20 01:01:38,Boat-3,18.356,13.146,-40.047,325.084,15.304,82.038,14.052,none,3
2026-05-20 01:01:40,Boat-3,18.623,14.409,-46.361,326.621,14.058,82.356,12.852,none,3
2026-05-20 01:01:42,Boat-3,19.796,15.413,-43.215,325.66,16.46,81.118,14.427,none,3
2026-05-20 01:01:44,Boat-3,18.985,14.0,-42.558,325.715,15.78,81.453,13.984,none,3
2026-05-20 01:01:46,Boat-3,18.66,14.226,-49.87,324.317,16.449,79.176,12.027,none,3
2026-05-20 01:01:48,Boat-3,17.84,14.421,-48.647,323.056,14.361,74.956,11.787,none,3
2026-05-20 01:01:50,Boat-3,18.279,17.39,-39.259,321.898,16.258,79.235,14.153,none,3
2026-05-20 01:01:52,Boat-3,16.637,12.259,-44.034,321.615,16.257,80.536,11.961,none,3
2026-05-20 01:01:54,Boat-3,15.675,15.293,-47.344,321.371,16.431,79.188,10.622,none,3
2026-05-20 01:01:56,Boat-3,15.039,14.309,-45.618,321.519,15.769,79.307,10.519,none,3
2026-05-20 01:01:58,Boat-3,14.967,13.803,-45.592,322.036,18.376,77.975,10.473,none,3
2026-05-20 01:02:00,Boat-3,13.815,14.272,-31.995,321.652,19.746,78.118,11.717,none,3
2026-05-20 01:02:02,Boat-3,11.934,15.497,-14.828,321.605,16.195,83.955,11.537,none,3
2026-05-20 01:02:04,Boat-3,11.497,15.568,0.84,320.541,18.48,84.085,11.496,tack,3
2026-05-20 01:02:06,Boat-3,11.285,14.864,14.733,319.25,14.074,80.274,10.914,none,3
2026-05-20 01:02:08,Boat-3,12.768,16.038,32.275,317.821,18.088,80.685,10.795,none,3
2026-05-20 01:02:10,Boat-3,13.819,16.262,48.728,318.326,14.705,77.941,9.115,none,3
2026-05-20 01:02:12,Boat-3,15.192,15.669,41.133,317.942,15.959,80.954,11.442,none,3
2026-05-20 01:02:14,Boat-3,16.225,13.893,43.327,316.178,14.689,82.977,11.803,none,3
2026-05-20 01:02:16,Boat-3,16.484,15.24,50.678,316.041,15.752,76.235,10.446,none,3
2026-05-20 01:02:18,Boat-3,17.337,15.241,46.02,314.837,16.842,80.107,12.039,none,3
2026-05-20 01:02:20,Boat-3,17.076,13.525,33.258,316.251,13.499,80.187,14.279,none,3
2026-05-20 01:02:22,Boat-3,17.787,12.539,45.075,315.65,15.236,80.125,12.561,none,3
2026-05-20 01:02:24,Boat-3,17.38,11.943,47.957,316.184,15.021,82.336,11.639,none,3
2026-05-20 01:02:26,Boat-3,17.83,14.657,48.97,317.084,17.521,83.114,11.704,none,3
2026-05-20 01:02:28,Boat-3,17.786,14.947,38.404,316.144,16.136,78.571,13.938,none,3
2026-05-20 01:02:30,Boat-3,17.631,13.016,41.916,316.133,14.204,80.383,13.12,none,3
2026-05-20 01:02:32,Boat-3,17.941,15.904,39.79,316.551,15.05,79.205,13.786,none,3
2026-05-20 01:02:34,Boat-3,16.863,14.734,44.195,316.575,17.483,77.772,12.09,none,3
2026-05-20 01:02:36,Boat-3,17.079,16.283,40.373,316.82,16.472,79.578,13.012,none,3
2026-05-20 01:02:38,Boat-3,17.429,15.002,48.362,315.543,14.513,80.379,11.58,none,3
2026-05-20 01:02:40,Boat-3,16.897,13.126,44.52,315.962,15.295,79.47,12.048,none,3
2026-05-20 01:02:42,Boat-3,17.363,15.099,44.047,315.444,15.333,77.274,12.48,none,3
2026-05-20 01:02:44,Boat-3,17.38,15.365,39.885,315.679,14.97,78.109,13.337,none,3
2026-05-20 01:02:46,Boat-3,18.145,13.773,43.926,316.427,13.563,78.124,13.069,none,3
2026-05-20 01:02:48,Boat-3,17.63,12.601,47.515,316.949,14.802,77.351,11.907,none,3
2026-05-20 01:02:50,Boat-3,18.043,14.597,44.894,317.182,17.282,79.663,12.782,none,3
2026-05-20 01:02:52,Boat-3,17.733,13.156,51.508,317.68,15.158,79.872,11.037,none,3
2026-05-20 01:02:54,Boat-3,17.377,15.904,53.958,318.22,15.491,80.995,10.224,none,3
2026-05-20 01:02:56,Boat-3,17.702,13.908,41.979,319.486,15.784,77.321,13.16,none,3
2026-05-20 01:02:58,Boat-3,17.998,16.669,46.562,319.375,18.277,77.881,12.375,none,3
2026-05-20 01:03:00,Boat-3,18.238,11.655,46.131,319.443,15.626,82.145,12.639,none,3
2026-05-20 01:03:02,Boat-3,17.675,14.581,41.98,320.202,16.928,78.707,13.139,none,3
2026-05-20 01:03:04,Boat-3,17.031,16.253,39.829,319.68,14.897,79.096,13.079,none,3
2026-05-20 01:03:06,Boat-3,17.039,13.227,43.107,318.399,15.304,78.686,12.44,none,3
2026-05-20 01:03:08,Boat-3,17.708,14.167,37.811,318.763,15.63,81.302,13.99,none,3
2026-05-20 01:03:10,Boat-3,16.849,13.839,43.228,318.497,14.686,81.38,12.277,none,3
2026-05-20 01:03:12,Boat-3,18.757,13.463,43.989,317.33,15.371,81.262,13.495,none,3
2026-05-20 01:03:14,Boat-3,18.269,14.658,44.224,317.701,16.681,79.089,13.092,none,3
2026-05-20 01:03:16,Boat-3,17.768,12.645,50.023,318.909,14.655,77.291,11.415,none,3
2026-05-20 01:03:18,Boat-3,17.61,14.173,41.505,317.362,15.615,82.886,13.188,none,3
2026-05-20 01:03:20,Boat-3,18.629,14.977,54.431,318.202,16.466,80.749,10.837,none,3
2026-05-20 01:03:22,Boat-3,17.725,14.015,47.366,315.839,14.626,78.123,12.006,none,3
2026-05-20 01:03:24,Boat-3,17.829,12.982,45.051,315.399,16.93,81.884,12.596,none,3
2026-05-20 01:03:26,Boat-3,18.006,15.61,48.139,316.975,15.703,77.965,12.016,none,3
2026-05-20 01:03:28,Boat-3,18.466,15.209,46.855,316.6,15.417,81.857,12.628,none,3
2026-05-20 01:03:30,Boat-3,18.759,12.894,38.148,316.6,13.205,81.993,14.752,none,3
2026-05-20 01:03:32,Boat-3,19.083,12.553,40.943,317.207,15.167,77.193,14.414,none,3
2026-05-20 01:03:34,Boat-3,19.083,12.986,47.744,315.582,16.061,80.2,12.833,none,3
2026-05-20 01:03:36,Boat-3,18.681,14.921,46.922,315.567,17.71,80.6,12.759,none,3
2026-05-20 01:03:38,Boat-3,19.208,14.558,49.991,315.545,16.297,84.266,12.349,none,3
2026-05-20 01:03:40,Boat-3,23.689,13.8,144.825,181.103,10.833,55.659,-19.363,none,4
2026-05-20 01:03:42,Boat-3,23.003,15.632,158.243,181.5,9.705,59.193,-21.364,none,4
2026-05-20 01:03:44,Boat-3,23.449,13.487,145.041,181.077,11.977,57.329,-19.218,none,4
2026-05-20 01:03:46,Boat-3,23.846,14.661,146.463,180.37,11.073,56.897,-19.876,none,4
2026-05-20 01:03:48,Boat-3,24.346,15.314,148.657,179.419,9.307,56.635,-20.793,none,4
2026-05-20 01:03:50,Boat-3,24.492,12.331,155.986,180.399,12.637,58.678,-22.372,none,4
2026-05-20 01:03:52,Boat-3,24.775,13.298,151.874,178.71,10.494,58.237,-21.849,none,4
2026-05-20 01:03:54,Boat-3,24.103,14.353,150.09,178.037,9.064,58.555,-20.893,none,4
2026-05-20 01:03:56,Boat-3,24.455,15.114,148.005,178.225,9.381,58.512,-20.74,none,4
2026-05-20 01:03:58,Boat-3,23.523,16.154,145.788,179.725,12.163,58.007,-19.453,none,4
2026-05-20 01:04:00,Boat-3,24.437,14.037,155.321,180.304,12.567,56.085,-22.205,none,4
2026-05-20 01:04:02,Boat-3,23.824,13.917,154.051,179.622,11.589,56.691,-21.422,none,4
2026-05-20 01:04:04,Boat-3,24.342,13.206,156.156,181.079,11.96,57.362,-22.264,none,4
2026-05-20 01:04:06,Boat-3,25.795,14.78,152.524,179.939,11.837,62.282,-22.885,none,4
2026-05-20 01:04:08,Boat-3,24.627,13.976,140.977,180.258,11.045,55.454,-19.133,none,4
2026-05-20 01:04:10,Boat-3,24.16,14.017,146.287,180.777,10.772,57.313,-20.097,none,4
2026-05-20 01:04:12,Boat-3,24.788,14.262,152.783,180.064,11.025,58.348,-22.043,none,4
2026-05-20 01:04:14,Boat-3,24.425,15.112,149.612,180.772,11.26,57.545,-21.069,none,4
2026-05-20 01:04:16,Boat-3,24.276,13.673,148.893,180.389,9.487,60.299,-20.785,none,4
2026-05-20 01:04:18,Boat-3,25.703,13.413,146.824,181.095,11.256,57.534,-21.514,none,4
2026-05-20 01:04:20,Boat-3,25.283,14.988,154.617,179.519,12.128,57.682,-22.842,none,4
2026-05-20 01:04:22,Boat-3,25.001,10.503,152.75,179.901,10.13,59.781,-22.227,none,4
2026-05-20 01:04:24,Boat-3,24.71,13.662,152.921,179.61,10.001,61.773,-22.001,none,4
2026-05-20 01:04:26,Boat-3,24.783,12.96,148.609,180.725,10.949,60.966,-21.156,none,4
2026-05-20 01:04:28,Boat-3,25.652,16.031,151.686,180.765,9.598,57.878,-22.583,none,4
2026-05-20 01:04:30,Boat-3,25.126,13.903,145.933,181.969,8.797,58.052,-20.814,none,4
2026-05-20 01:04:32,Boat-3,23.629,13.756,150.523,182.506,11.754,58.245,-20.57,none,4
2026-05-20 01:04:34,Boat-3,26.13,14.431,141.41,182.471,9.836,58.445,-20.424,none,4
2026-05-20 01:04:36,Boat-3,25.144,13.729,145.058,183.26,10.399,56.457,-20.611,none,4
2026-05-20 01:04:38,Boat-3,25.233,13.988,149.792,184.055,9.645,60.025,-21.807,none,4
2026-05-20 01:04:40,Boat-3,25.582,14.647,160.042,184.56,11.909,58.565,-24.045,none,4
2026-05-20 01:04:42,Boat-3,25.312,13.98,144.174,182.577,11.401,58.062,-20.523,none,4
2026-05-20 01:04:44,Boat-3,25.446,13.979,146.291,181.772,10.088,55.609,-21.167,none,4
2026-05-20 01:04:46,Boat-3,24.922,13.231,151.84,183.098,8.961,58.276,-21.972,none,4
2026-05-20 01:04:48,Boat-3,24.557,13.052,157.74,182.048,9.961,54.366,-22.727,none,4
2026-05-20 01:04:50,Boat-3,25.228,14.638,151.785,182.922,11.063,56.99,-22.23,none,4
2026-05-20 01:04:52,Boat-3,25.726,14.965,153.685,183.638,10.609,57.031,-23.06,none,4
2026-05-20 01:04:54,Boat-3,24.749,12.716,149.734,183.064,10.521,58.74,-21.376,none,4
2026-05-20 01:04:56,Boat-3,24.633,15.567,149.076,181.349,10.663,61.945,-21.132,none,4
2026-05-20 01:04:58,Boat-3,25.361,15.579,151.329,180.917,11.355,59.368,-22.252,none,4
2026-05-20 01:05:00,Boat-3,24.349,15.859,148.515,182.867,10.459,61.192,-20.764,none,4
2026-05-20 01:05:02,Boat-3,23.963,14.987,153.769,182.17,11.155,59.699,-21.496,none,4
2026-05-20 01:05:04,Boat-3,23.4,15.431,144.913,181.535,9.582,60.824,-19.148,none,4
2026-05-20 01:05:06,Boat-3,22.802,17.449,154.398,180.717,14.026,62.498,-20.563,none,4
2026-05-20 01:05:08,Boat-3,21.304,14.221,153.481,181.891,10.837,57.555,-19.063,none,4
2026-05-20 01:05:10,Boat-3,21.0,13.258,103.76,181.752,11.624,57.643,-4.995,none,4
2026-05-20 01:05:12,Boat-3,20.78,12.627,53.578,181.269,12.204,60.732,12.338,none,4
2026-05-20 01:05:14,Boat-3,20.541,16.908,3.365,182.621,11.084,59.444,20.506,gybe,4
2026-05-20 01:05:16,Boat-3,21.107,16.929,-43.911,183.222,11.534,59.835,15.206,none,4
2026-05-20 01:05:18,Boat-3,21.889,13.431,-94.683,182.475,11.374,58.74,-1.787,none,4
2026-05-20 01:05:20,Boat-3,22.423,13.69,-144.174,181.454,10.081,57.826,-18.18,none,4
2026-05-20 01:05:22,Boat-3,22.884,14.218,-147.674,182.576,11.488,62.026,-19.337,none,4
2026-05-20 01:05:24,Boat-3,23.054,16.233,-150.906,182.671,8.788,56.374,-20.145,none,4
2026-05-20 01:05:26,Boat-3,23.334,12.97,-145.802,181.357,12.718,59.781,-19.299,none,4
2026-05-20 01:05:28,Boat-3,23.943,12.089,-151.396,179.832,11.461,59.343,-21.021,none,4
2026-05-20 01:05:30,Boat-3,24.373,17.465,-152.425,178.908,11.212,55.066,-21.604,none,4
2026-05-20 01:05:32,Boat-3,24.546,15.054,-152.235,177.872,8.325,56.524,-21.72,none,4
2026-05-20 01:05:34,Boat-3,24.458,15.24,-147.583,176.111,9.439,56.84,-20.646,none,4
2026-05-20 01:05:36,Boat-3,24.087,14.383,-149.717,175.201,12.05,59.286,-20.8,none,4
2026-05-20 01:05:38,Boat-3,24.441,15.255,-153.058,174.454,15.361,57.419,-21.788,none,4
2026-05-20 01:05:40,Boat-3,24.591,12.681,-150.213,174.118,11.811,57.981,-21.342,none,4
2026-05-20 01:05:42,Boat-3,24.353,13.556,-149.925,175.721,11.622,55.236,-21.075,none,4
2026-05-20 01:05:44,Boat-3,23.875,14.786,-158.25,175.561,11.007,62.803,-22.175,none,4
2026-05-20 01:05:46,Boat-3,23.446,11.696,-147.403,175.49,9.36,58.294,-19.752,none,4
2026-05-20 01:05:48,Boat-3,23.366,14.254,-155.122,176.029,11.571,59.149,-21.198,none,4
2026-05-20 01:05:50,Boat-3,23.377,14.172,-146.629,175.895,9.056,57.07,-19.523,none,4
2026-05-20 01:05:52,Boat-3,23.731,14.25,-153.505,176.335,8.924,56.846,-21.239,none,4
2026-05-20 01:05:54,Boat-3,23.782,13.925,-153.708,176.668,8.849,61.977,-21.322,none,4
2026-05-20 01:05:56,Boat-3,22.845,13.344,-149.077,176.858,11.548,54.318,-19.598,none,4
2026-05-20 01:05:58,Boat-3,23.189,12.267,-146.39,179.428,10.308,58.709,-19.312,none,4
2026-05-20 01:06:00,Boat-3,23.46,14.821,-143.529,180.328,10.498,55.728,-18.866,none,4
2026-05-20 01:06:02,Boat-3,22.882,14.239,-148.679,179.434,10.359,57.341,-19.548,none,4
2026-05-20 01:06:04,Boat-3,23.421,12.838,-153.016,179.848,9.026,56.875,-20.871,none,4
2026-05-20 01:06:06,Boat-3,23.027,14.703,-146.922,179.215,9.572,56.179,-19.295,none,4
2026-05-20 01:06:08,Boat-3,22.781,14.234,-151.385,179.697,9.633,58.222,-19.998,none,4
2026-05-20 01:06:10,Boat-3,23.074,14.014,-145.406,178.539,8.691,53.015,-18.994,none,4
2026-05-20 01:06:12,Boat-3,23.172,11.804,-150.128,177.622,9.772,57.52,-20.093,none,4
2026-05-20 01:06:14,Boat-3,22.561,15.49,-146.658,178.011,9.08,57.971,-18.848,none,4
2026-05-20 01:06:16,Boat-3,22.784,12.994,-150.72,178.989,11.07,55.433,-19.873,none,4
2026-05-20 01:06:18,Boat-3,23.057,14.674,-149.112,179.522,11.17,61.178,-19.787,none,4
2026-05-20 01:06:20,Boat-3,22.459,13.535,-146.493,180.37,8.825,56.963,-18.727,none,4
2026-05-20 01:06:22,Boat-3,22.014,14.074,-148.513,180.787,10.021,57.676,-18.773,none,4
2026-05-20 01:06:24,Boat-3,22.03,16.071,-147.467,181.022,12.604,56.967,-18.573,none,4
2026-05-20 01:06:26,Boat-3,22.497,15.257,-146.024,180.649,9.2,57.988,-18.656,none,4
2026-05-20 01:06:28,Boat-3,22.06,16.028,-155.131,181.461,10.889,60.768,-20.014,none,4
2026-05-20 01:06:30,Boat-3,22.467,14.981,-149.648,182.463,10.504,63.097,-19.388,none,4
2026-05-20 01:06:32,Boat-3,23.347,15.059,-142.648,182.486,11.689,59.643,-18.559,none,4
2026-05-20 01:06:34,Boat-3,21.955,12.221,-148.648,182.461,10.732,60.327,-18.749,none,4
2026-05-20 01:06:36,Boat-3,22.429,14.116,-154.492,183.973,9.86,61.584,-20.242,none,4
2026-05-20 01:06:38,Boat-3,23.5,14.228,-148.123,184.035,10.457,58.649,-19.956,none,4
2026-05-20 01:06:40,Boat-3,22.712,16.103,-156.708,184.183,10.475,61.292,-20.861,none,4
2026-05-20 01:06:42,Boat-3,22.354,13.845,-147.761,184.699,10.267,59.736,-18.908,none,4
2026-05-20 01:06:44,Boat-3,22.444,14.839,-152.929,184.691,8.794,58.439,-19.985,none,4
2026-05-20 01:06:46,Boat-3,22.706,14.779,-154.956,184.032,11.869,58.852,-20.572,none,4
2026-05-20 01:06:48,Boat-3,23.279,15.981,-152.727,184.453,11.657,54.509,-20.691,none,4
2026-05-20 01:06:50,Boat-3,22.283,14.293,-145.793,184.498,9.124,58.736,-18.428,none,4
2026-05-20 01:06:52,Boat-3,22.19,15.533,-147.435,186.236,10.016,55.064,-18.701,none,4
2026-05-20 01:06:54,Boat-3,21.924,12.231,-155.463,187.025,10.107,54.901,-19.944,none,4
2026-05-20 01:06:56,Boat-3,22.607,12.339,-147.959,186.569,8.989,58.537,-19.163,none,4
2026-05-20 01:06:58,Boat-3,21.948,11.458,-154.724,187.305,8.137,55.923,-19.847,none,4
2026-05-20 01:07:00,Boat-3,22.396,15.438,-149.381,187.663,9.572,58.137,-19.273,none,4
2026-05-20 01:07:02,Boat-3,22.222,15.282,-151.554,188.921,9.95,58.428,-19.539,none,4
2026-05-20 01:07:04,Boat-3,23.145,15.561,-145.749,188.529,8.648,58.518,-19.131,none,4
2026-05-20 01:07:06,Boat-3,22.466,13.504,-148.705,188.779,10.59,56.343,-19.197,none,4
2026-05-20 01:07:08,Boat-3,22.91,13.641,-147.69,188.77,11.773,59.949,-19.363,none,4
2026-05-20 01:07:10,Boat-3,22.049,14.205,-151.874,188.902,11.388,57.973,-19.445,none,4
2026-05-20 01:07:12,Boat-3,22.873,16.228,-151.371,188.186,10.225,59.034,-20.076,none,4
2026-05-20 01:07:14,Boat-3,22.317,16.542,-152.775,188.784,8.169,55.759,-19.845,none,4
2026-05-20 01:07:16,Boat-3,22.715,15.361,-149.153,189.24,11.236,57.795,-19.502,none,4
2026-05-20 01:07:18,Boat-3,23.952,14.748,-147.482,190.477,10.553,60.346,-20.197,none,4
2026-05-20 01:07:20,Boat-3,23.429,16.042,-151.711,190.548,10.886,60.092,-20.631,none,4
2026-05-20 01:07:22,Boat-3,23.007,13.962,-147.104,190.257,12.701,56.557,-19.318,none,4
2026-05-20 01:07:24,Boat-3,24.562,13.774,-155.115,191.047,9.387,57.06,-22.281,none,4
2026-05-20 01:07:26,Boat-3,22.769,14.103,-150.581,190.413,6.927,56.174,-19.833,none,4
2026-05-20 01:07:28,Boat-3,23.766,12.987,-149.777,191.469,9.113,56.839,-20.536,none,4
2026-05-20 01:07:30,Boat-3,22.615,14.02,-152.773,192.524,10.96,55.353,-20.109,none,4
2026-05-20 01:07:32,Boat-3,23.259,12.783,-150.726,193.735,10.41,57.875,-20.288,none,4
2026-05-20 01:07:34,Boat-3,22.827,15.556,-144.716,194.154,8.918,59.418,-18.634,none,4
2026-05-20 01:07:36,Boat-3,23.615,14.919,-146.983,193.796,8.674,56.581,-19.802,none,4
2026-05-20 01:07:38,Boat-3,23.592,16.058,-155.036,193.975,9.952,57.97,-21.388,none,4
2026-05-20 01:07:40,Boat-3,21.823,14.947,-39.579,257.21,15.419,74.271,16.82,none,5
2026-05-20 01:07:42,Boat-3,20.968,13.774,-44.18,255.088,14.68,72.699,15.037,none,5
2026-05-20 01:07:44,Boat-3,22.471,11.89,-32.121,255.168,16.982,75.491,19.031,none,5
2026-05-20 01:07:46,Boat-3,22.113,13.923,-47.48,254.723,15.884,70.491,14.945,none,5
2026-05-20 01:07:48,Boat-3,21.56,13.914,-44.854,254.142,15.492,68.226,15.284,none,5
2026-05-20 01:07:50,Boat-3,21.753,12.189,-39.424,253.398,17.374,73.332,16.804,none,5
2026-05-20 01:07:52,Boat-3,21.317,14.176,-39.988,253.203,13.562,70.359,16.332,none,5
2026-05-20 01:07:54,Boat-3,22.008,11.595,-40.997,252.687,17.293,71.355,16.61,none,5
2026-05-20 01:07:56,Boat-3,21.996,13.842,-40.283,250.935,14.709,68.363,16.78,none,5
2026-05-20 01:07:58,Boat-3,21.68,14.623,-50.766,252.0,16.019,70.104,13.712,none,5
2026-05-20 01:08:00,Boat-3,22.688,14.444,-36.809,251.7,15.06,68.898,18.164,none,5
2026-05-20 01:08:02,Boat-3,22.973,13.794,-43.624,250.962,14.658,71.034,16.63,none,5
2026-05-20 01:08:04,Boat-3,22.444,14.229,-38.114,249.866,17.342,71.113,17.658,none,5
2026-05-20 01:08:06,Boat-3,22.375,13.332,-50.576,250.48,17.993,72.082,14.209,none,5
2026-05-20 01:08:08,Boat-3,22.762,14.377,-41.874,249.231,15.5,74.382,16.949,none,5
2026-05-20 01:08:10,Boat-3,22.609,14.449,-44.99,249.272,16.168,73.256,15.989,none,5
2026-05-20 01:08:12,Boat-3,22.18,13.214,-40.675,248.666,15.834,68.658,16.821,none,5
2026-05-20 01:08:14,Boat-3,22.419,14.743,-41.644,248.114,17.842,73.118,16.754,none,5
2026-05-20 01:08:16,Boat-3,22.623,14.746,-41.458,247.04,13.23,72.126,16.955,none,5
2026-05-20 01:08:18,Boat-3,22.909,14.2,-46.873,246.402,16.218,71.707,15.661,none,5
2026-05-20 01:08:20,Boat-3,22.84,17.574,-43.065,246.33,14.893,71.857,16.686,none,5
2026-05-20 01:08:22,Boat-3,22.965,14.254,-43.533,246.462,12.938,72.311,16.649,none,5
2026-05-20 01:08:24,Boat-3,22.216,14.084,-40.967,245.675,15.333,70.519,16.775,none,5
2026-05-20 01:08:26,Boat-3,23.23,13.908,-39.089,245.513,17.983,71.538,18.03,none,5
2026-05-20 01:08:28,Boat-3,22.957,13.204,-42.277,246.233,14.978,74.27,16.986,none,5
2026-05-20 01:08:30,Boat-3,24.126,15.368,-47.698,244.656,16.714,70.494,16.238,none,5
2026-05-20 01:08:32,Boat-3,22.821,13.593,-42.44,244.571,17.204,69.843,16.842,none,5
2026-05-20 01:08:34,Boat-3,23.156,13.756,-32.927,243.635,15.75,71.779,19.437,none,5
2026-05-20 01:08:36,Boat-3,24.295,13.803,-36.594,242.607,15.91,69.641,19.506,none,5
2026-05-20 01:08:38,Boat-3,23.117,13.231,-54.152,242.762,13.706,68.457,13.538,none,5
2026-05-20 01:08:40,Boat-3,23.003,12.244,-42.608,242.192,14.906,71.213,16.93,none,5
2026-05-20 01:08:42,Boat-3,22.59,13.927,-39.307,241.016,16.854,74.8,17.479,none,5
2026-05-20 01:08:44,Boat-3,23.718,15.672,-43.542,242.128,15.838,71.825,17.193,none,5
2026-05-20 01:08:46,Boat-3,22.502,14.8,-44.597,242.876,16.206,72.259,16.023,none,5
2026-05-20 01:08:48,Boat-3,23.205,16.581,-43.863,241.057,15.925,67.642,16.731,none,5
2026-05-20 01:08:50,Boat-3,22.786,15.535,-40.75,239.65,18.396,72.779,17.262,none,5
2026-05-20 01:08:52,Boat-3,22.896,15.247,-47.213,240.104,15.249,72.089,15.553,none,5
2026-05-20 01:08:54,Boat-3,22.32,17.02,-38.332,239.768,17.692,70.572,17.508,none,5
2026-05-20 01:08:56,Boat-3,23.54,14.453,-43.062,241.039,15.926,72.262,17.199,none,5
2026-05-20 01:08:58,Boat-3,22.783,14.668,-46.402,241.513,17.799,72.243,15.711,none,5
2026-05-20 01:09:00,Boat-3,22.33,14.577,-38.576,241.703,14.295,69.783,17.457,none,5
2026-05-20 01:09:02,Boat-3,23.407,16.604,-48.72,240.703,15.987,72.566,15.442,none,5
2026-05-20 01:09:04,Boat-3,22.579,14.606,-44.959,241.065,15.293,74.297,15.977,none,5
2026-05-20 01:09:06,Boat-3,22.916,13.765,-45.021,239.837,15.933,71.446,16.198,none,5
2026-05-20 01:09:08,Boat-3,23.101,15.377,-34.702,240.932,17.232,70.167,18.992,none,5
2026-05-20 01:09:10,Boat-3,22.889,13.556,-45.452,241.232,16.22,71.547,16.057,none,5
2026-05-20 01:09:12,Boat-3,21.639,15.315,-51.038,240.41,17.23,73.612,13.607,none,5
2026-05-20 01:09:14,Boat-3,22.889,15.164,-45.06,241.054,14.961,69.45,16.168,none,5
2026-05-20 01:09:16,Boat-3,22.477,14.383,-41.118,242.991,14.778,73.059,16.934,none,5
2026-05-20 01:09:18,Boat-3,22.319,15.368,-39.869,242.715,15.785,70.546,17.13,none,5
2026-05-20 01:09:20,Boat-3,22.36,12.702,-34.198,243.131,15.719,72.386,18.494,none,5
2026-05-20 01:09:22,Boat-3,21.624,14.851,-37.503,242.662,15.543,70.774,17.155,none,5
2026-05-20 01:09:24,Boat-3,22.372,14.04,-42.135,242.659,14.616,70.769,16.59,none,5
2026-05-20 01:09:26,Boat-3,21.602,18.364,-46.236,241.222,17.207,74.95,14.942,none,5
2026-05-20 01:09:28,Boat-3,22.006,14.848,-36.678,241.142,15.339,69.09,17.649,none,5
2026-05-20 01:09:30,Boat-3,22.098,13.872,-44.249,241.101,17.499,72.887,15.829,none,5
2026-05-20 01:09:32,Boat-3,22.352,12.856,-45.35,242.64,15.833,75.399,15.709,none,5
2026-05-20 01:09:34,Boat-3,21.248,16.346,-44.434,240.945,16.656,73.346,15.173,none,5
2026-05-20 01:09:36,Boat-3,21.87,14.195,-47.608,240.612,16.655,69.383,14.745,none,5
2026-05-20 01:09:38,Boat-3,21.035,13.621,-44.616,241.691,15.172,69.596,14.974,none,5
2026-05-20 01:09:40,Boat-3,19.568,15.087,-43.735,241.394,16.855,70.821,14.139,none,5
2026-05-20 01:09:42,Boat-3,18.196,15.494,-40.072,241.159,19.053,72.851,13.924,none,5
2026-05-20 01:09:44,Boat-3,16.869,15.473,-40.473,240.329,17.401,73.221,12.832,none,5
2026-05-20 01:09:46,Boat-3,16.537,14.674,-26.92,239.41,18.518,70.445,14.745,none,5
2026-05-20 01:09:48,Boat-3,15.273,14.854,-11.633,237.687,18.509,71.4,14.959,none,5
2026-05-20 01:09:50,Boat-3,15.807,14.947,-0.48,237.041,18.134,71.579,15.806,tack,5
2026-05-20 01:09:52,Boat-3,15.166,15.081,10.363,236.07,17.901,72.784,14.918,none,5
2026-05-20 01:09:54,Boat-3,15.744,15.194,22.435,236.096,18.093,76.958,14.552,none,5
2026-05-20 01:09:56,Boat-3,17.226,16.062,37.217,235.307,18.015,70.903,13.718,none,5
2026-05-20 01:09:58,Boat-3,17.858,14.709,41.373,234.796,15.116,70.581,13.401,none,5
2026-05-20 01:10:00,Boat-3,19.107,13.571,37.565,234.309,16.712,70.058,15.145,none,5
2026-05-20 01:10:02,Boat-3,20.267,14.442,45.813,234.185,15.94,73.431,14.126,none,5
2026-05-20 01:10:04,Boat-3,20.358,15.606,42.511,233.63,15.516,71.963,15.007,none,5
2026-05-20 01:10:06,Boat-3,20.638,12.299,39.207,232.594,17.433,70.183,15.992,none,5
2026-05-20 01:10:08,Boat-3,20.808,12.302,45.798,232.591,14.938,71.211,14.507,none,5
2026-05-20 01:10:10,Boat-3,19.995,15.807,42.908,233.472,14.114,70.334,14.646,none,5
2026-05-20 01:10:12,Boat-3,20.928,16.584,42.993,233.508,16.729,72.5,15.307,none,5
2026-05-20 01:10:14,Boat-3,20.795,12.958,47.832,232.879,14.064,77.273,13.96,none,5
2026-05-20 01:10:16,Boat-3,21.089,14.728,42.209,232.688,13.453,73.005,15.621,none,5
2026-05-20 01:10:18,Boat-3,20.923,14.072,42.729,230.763,16.856,71.717,15.369,none,5
2026-05-20 01:10:20,Boat-3,20.523,14.247,40.739,230.557,15.956,70.572,15.55,none,5
2026-05-20 01:10:22,Boat-3,21.046,14.977,47.359,230.117,16.333,69.216,14.256,none,5
2026-05-20 01:10:24,Boat-3,20.419,12.892,42.811,229.197,15.235,73.37,14.98,none,5
2026-05-20 01:10:26,Boat-3,20.635,13.127,37.598,228.44,14.104,73.261,16.35,none,5
2026-05-20 01:10:28,Boat-3,20.361,14.167,34.954,227.991,14.343,70.97,16.688,none,5
2026-05-20 01:10:30,Boat-3,20.689,14.363,37.984,228.804,15.439,74.329,16.306,none,5
2026-05-20 01:10:32,Boat-3,20.295,13.081,47.322,229.707,14.239,71.945,13.758,none,5
2026-05-20 01:10:34,Boat-3,21.193,15.563,41.135,228.791,16.134,73.452,15.962,none,5
2026-05-20 01:10:36,Boat-3,21.35,13.986,44.685,228.245,15.211,72.495,15.179,none,5
2026-05-20 01:10:38,Boat-3,20.829,13.972,41.77,227.722,15.988,71.548,15.535,none,5
2026-05-20 01:10:40,Boat-3,21.128,14.879,45.783,228.37,15.952,69.993,14.734,none,5
2026-05-20 01:10:42,Boat-3,19.743,14.336,49.36,228.421,16.23,71.611,12.859,none,5
2026-05-20 01:10:44,Boat-3,19.801,15.583,44.158,228.425,16.365,73.586,14.206,none,5
2026-05-20 01:10:46,Boat-3,20.305,13.272,40.103,228.827,15.353,70.886,15.531,none,5
2026-05-20 01:10:48,Boat-3,20.48,12.659,41.754,228.211,15.986,72.782,15.278,none,5
2026-05-20 01:10:50,Boat-3,20.388,14.064,41.318,229.358,16.049,69.737,15.313,none,5
2026-05-20 01:10:52,Boat-3,19.758,14.535,42.027,229.277,12.851,73.462,14.677,none,5
2026-05-20 01:10:54,Boat-3,21.038,12.834,41.312,228.426,16.541,72.528,15.802,none,5
2026-05-20 01:10:56,Boat-3,21.515,12.633,40.837,228.14,15.945,69.498,16.278,none,5
2026-05-20 01:10:58,Boat-3,21.151,14.664,43.893,229.168,16.442,71.454,15.243,none,5
2026-05-20 01:11:00,Boat-3,21.096,13.431,42.534,228.706,14.221,73.765,15.545,none,5
2026-05-20 01:11:02,Boat-3,20.745,12.518,36.224,229.48,15.387,69.384,16.735,none,5
2026-05-20 01:11:04,Boat-3,20.303,15.65,42.309,228.837,14.456,69.76,15.015,none,5
2026-05-20 01:11:06,Boat-3,20.757,13.563,42.687,228.068,16.659,71.763,15.258,none,5
2026-05-20 01:11:08,Boat-3,21.716,15.868,42.458,228.582,14.079,76.169,16.022,none,5
2026-05-20 01:11:10,Boat-3,20.658,14.4,43.677,227.715,14.651,70.557,14.941,none,5
2026-05-20 01:11:12,Boat-3,20.661,14.735,44.503,228.376,16.407,72.893,14.736,none,5
2026-05-20 01:11:14,Boat-3,21.417,14.065,42.056,228.612,15.01,72.423,15.902,none,5
2026-05-20 01:11:16,Boat-3,21.501,10.877,44.771,227.746,14.651,70.723,15.264,none,5
2026-05-20 01:11:18,Boat-3,20.648,12.84,43.402,227.602,16.854,72.225,15.002,none,5
2026-05-20 01:11:20,Boat-3,20.97,14.142,45.853,227.028,16.903,71.007,14.606,none,5
2026-05-20 01:11:22,Boat-3,20.923,14.768,42.438,227.262,16.632,71.187,15.441,none,5
2026-05-20 01:11:24,Boat-3,21.242,11.956,40.629,228.881,16.784,68.58,16.121,none,5
2026-05-20 01:11:26,Boat-3,21.771,14.201,43.654,228.467,15.488,71.853,15.752,none,5
2026-05-20 01:11:28,Boat-3,20.977,12.8,50.481,228.868,15.52,73.7,13.349,none,5
2026-05-20 01:11:30,Boat-3,21.895,14.552,40.605,228.81,14.988,72.017,16.623,none,5
2026-05-20 01:11:32,Boat-3,21.517,14.21,42.392,228.751,15.967,74.083,15.892,none,5
2026-05-20 01:11:34,Boat-3,22.586,15.19,46.623,228.523,15.132,73.063,15.512,none,5
2026-05-20 01:11:36,Boat-3,21.751,15.599,39.91,227.671,15.246,71.783,16.684,none,5
2026-05-20 01:11:38,Boat-3,21.632,14.797,48.163,227.892,16.485,70.646,14.429,none,5
2026-05-20 01:11:40,Boat-3,22.912,12.803,150.455,33.286,8.38,55.499,-19.933,none,6
2026-05-20 01:11:42,Boat-3,21.758,15.184,151.902,33.413,6.652,60.293,-19.194,none,6
2026-05-20 01:11:44,Boat-3,22.685,13.939,153.217,33.909,8.39,62.496,-20.251,none,6
2026-05-20 01:11:46,Boat-3,22.273,13.409,151.26,33.213,8.547,61.191,-19.53,none,6
2026-05-20 01:11:48,Boat-3,22.412,13.824,154.498,32.72,8.141,61.187,-20.228,none,6
2026-05-20 01:11:50,Boat-3,22.424,14.721,154.977,32.158,7.489,60.165,-20.319,none,6
2026-05-20 01:11:52,Boat-3,22.714,14.366,161.495,33.513,8.184,58.777,-21.54,none,6
2026-05-20 01:11:54,Boat-3,22.872,13.371,154.295,35.316,6.255,60.861,-20.608,none,6
2026-05-20 01:11:56,Boat-3,23.208,14.458,145.972,35.499,7.566,60.999,-19.234,none,6
2026-05-20 01:11:58,Boat-3,23.429,14.24,157.658,35.338,7.688,62.125,-21.67,none,6
2026-05-20 01:12:00,Boat-3,23.008,12.836,152.464,34.878,5.732,62.288,-20.401,none,6
2026-05-20 01:12:02,Boat-3,23.691,13.954,160.884,34.96,7.897,61.066,-22.385,none,6
2026-05-20 01:12:04,Boat-3,23.021,15.093,158.828,34.545,5.829,63.085,-21.467,none,6
2026-05-20 01:12:06,Boat-3,23.522,15.095,151.318,34.537,6.814,60.145,-20.636,none,6
2026-05-20 01:12:08,Boat-3,23.286,14.064,155.982,34.989,7.376,58.007,-21.27,none,6
2026-05-20 01:12:10,Boat-3,22.9,15.253,150.981,34.704,6.451,61.849,-20.025,none,6
2026-05-20 01:12:12,Boat-3,23.279,13.111,153.249,34.614,7.427,61.147,-20.788,none,6
2026-05-20 01:12:14,Boat-3,23.473,13.162,155.807,34.527,7.408,61.889,-21.411,none,6
2026-05-20 01:12:16,Boat-3,23.278,14.079,157.468,34.321,6.344,58.366,-21.501,none,6
2026-05-20 01:12:18,Boat-3,23.522,16.363,156.64,34.004,8.009,64.476,-21.594,none,6
2026-05-20 01:12:20,Boat-3,23.766,14.639,153.523,34.77,6.411,62.316,-21.273,none,6
2026-05-20 01:12:22,Boat-3,23.404,14.079,162.675,33.256,10.073,60.319,-22.342,none,6
2026-05-20 01:12:24,Boat-3,22.124,16.454,151.851,34.753,7.196,59.024,-19.507,none,6
2026-05-20 01:12:26,Boat-3,24.235,14.084,147.131,34.955,5.922,63.049,-20.356,none,6
2026-05-20 01:12:28,Boat-3,23.374,17.372,147.863,35.584,6.147,58.691,-19.793,none,6
2026-05-20 01:12:30,Boat-3,23.162,13.811,158.84,36.316,8.705,65.417,-21.6,none,6
2026-05-20 01:12:32,Boat-3,23.048,13.17,152.947,35.759,6.837,59.668,-20.526,none,6
2026-05-20 01:12:34,Boat-3,23.42,14.278,153.843,35.016,5.691,64.336,-21.022,none,6
2026-05-20 01:12:36,Boat-3,23.333,14.179,151.177,34.167,8.352,60.526,-20.442,none,6
2026-05-20 01:12:38,Boat-3,23.265,13.462,151.518,34.025,6.829,64.056,-20.449,none,6
2026-05-20 01:12:40,Boat-3,23.297,17.903,150.247,34.734,8.112,59.425,-20.226,none,6
2026-05-20 01:12:42,Boat-3,23.846,14.943,155.029,34.289,8.451,60.932,-21.617,none,6
2026-05-20 01:12:44,Boat-3,24.521,15.14,152.868,34.916,7.657,62.504,-21.823,none,6
2026-05-20 01:12:46,Boat-3,23.973,13.944,154.891,32.865,10.203,62.219,-21.707,none,6
2026-05-20 01:12:48,Boat-3,24.101,13.801,154.528,32.598,5.258,63.096,-21.758,none,6
2026-05-20 01:12:50,Boat-3,23.415,15.892,151.62,33.728,6.346,59.92,-20.601,none,6
2026-05-20 01:12:52,Boat-3,23.618,12.388,147.695,33.654,7.021,61.064,-19.962,none,6
2026-05-20 01:12:54,Boat-3,23.744,13.087,147.364,32.988,10.041,63.392,-19.996,none,6
2026-05-20 01:12:56,Boat-3,23.234,14.258,164.74,32.477,9.485,59.484,-22.415,none,6
2026-05-20 01:12:58,Boat-3,23.314,16.342,158.855,29.832,8.874,62.04,-21.745,none,6
2026-05-20 01:13:00,Boat-3,23.862,14.105,158.331,29.001,6.375,60.456,-22.176,none,6
2026-05-20 01:13:02,Boat-3,23.937,15.138,150.675,30.033,6.515,61.306,-20.87,none,6
2026-05-20 01:13:04,Boat-3,23.442,14.639,153.274,29.588,6.334,61.064,-20.938,none,6
2026-05-20 01:13:06,Boat-3,22.836,16.293,150.14,29.25,6.388,59.318,-19.804,none,6
2026-05-20 01:13:08,Boat-3,23.2,12.553,148.252,27.232,9.119,60.373,-19.729,none,6
2026-05-20 01:13:10,Boat-3,22.641,15.574,151.001,25.844,7.035,61.185,-19.802,none,6
2026-05-20 01:13:12,Boat-3,23.277,14.363,158.278,26.995,7.194,60.689,-21.624,none,6
2026-05-20 01:13:14,Boat-3,23.309,15.828,156.433,27.63,8.257,64.04,-21.365,none,6
2026-05-20 01:13:16,Boat-3,23.021,13.564,149.552,26.543,5.332,62.915,-19.846,none,6
2026-05-20 01:13:18,Boat-3,23.198,14.665,152.042,26.055,7.391,61.475,-20.49,none,6
2026-05-20 01:13:20,Boat-3,23.221,14.503,156.085,26.109,6.012,59.368,-21.227,none,6
2026-05-20 01:13:22,Boat-3,23.091,13.336,151.069,25.112,6.975,59.247,-20.209,none,6
2026-05-20 01:13:24,Boat-3,22.375,12.977,153.541,23.389,6.624,64.842,-20.031,none,6
2026-05-20 01:13:26,Boat-3,22.74,13.889,154.765,23.325,6.562,58.875,-20.57,none,6
2026-05-20 01:13:28,Boat-3,22.975,14.814,154.724,23.921,7.599,61.122,-20.776,none,6
2026-05-20 01:13:30,Boat-3,23.437,13.663,154.204,24.533,7.593,61.617,-21.101,none,6
2026-05-20 01:13:32,Boat-3,22.538,14.219,150.754,25.401,7.064,60.272,-19.665,none,6
2026-05-20 01:13:34,Boat-3,22.84,12.197,151.145,24.083,7.773,58.891,-20.004,none,6
2026-05-20 01:13:36,Boat-3,22.916,14.168,148.93,24.215,6.287,59.327,-19.628,none,6
2026-05-20 01:13:38,Boat-3,22.353,15.981,147.305,24.053,8.151,59.807,-18.811,none,6
2026-05-20 01:13:40,Boat-3,22.861,15.567,152.802,24.055,7.094,59.49,-20.333,none,6
2026-05-20 01:13:42,Boat-3,22.754,14.537,156.34,23.944,6.779,63.584,-20.841,none,6
2026-05-20 01:13:44,Boat-3,22.64,14.966,147.993,23.43,6.441,60.949,-19.198,none,6
2026-05-20 01:13:46,Boat-3,21.93,13.571,154.276,20.794,7.17,59.99,-19.756,none,6
2026-05-20 01:13:48,Boat-3,22.35,16.759,156.22,21.92,9.81,61.366,-20.453,none,6
2026-05-20 01:13:50,Boat-3,20.413,17.333,146.259,22.297,7.641,62.653,-16.974,none,6
2026-05-20 01:13:52,Boat-3,20.9,14.858,152.21,21.041,6.539,60.838,-18.489,none,6
2026-05-20 01:13:54,Boat-3,19.469,18.009,151.417,21.546,9.231,63.566,-17.096,none,6
2026-05-20 01:13:56,Boat-3,18.957,13.754,103.691,21.224,7.764,59.438,-4.487,none,6
2026-05-20 01:13:58,Boat-3,17.64,13.01,52.08,20.927,8.816,64.48,10.841,none,6
2026-05-20 01:14:00,Boat-3,17.918,13.71,0.81,20.315,7.801,62.177,17.916,gybe,6
2026-05-20 01:14:02,Boat-3,18.304,14.344,-48.931,20.878,10.012,62.042,12.025,none,6
2026-05-20 01:14:04,Boat-3,17.619,17.631,-97.136,20.239,7.621,60.595,-2.189,none,6
2026-05-20 01:14:06,Boat-3,18.683,14.256,-147.838,19.332,9.806,59.306,-15.816,none,6
2026-05-20 01:14:08,Boat-3,18.493,13.5,-153.037,20.43,6.653,58.194,-16.483,none,6
2026-05-20 01:14:10,Boat-3,20.003,13.445,-151.196,20.349,7.366,59.791,-17.528,none,6
2026-05-20 01:14:12,Boat-3,20.197,16.09,-153.25,20.296,9.245,62.327,-18.035,none,6
2026-05-20 01:14:14,Boat-3,20.786,15.899,-151.083,21.0,7.662,59.116,-18.194,none,6
2026-05-20 01:14:16,Boat-3,22.381,13.966,-152.389,20.479,10.121,57.871,-19.832,none,6
2026-05-20 01:14:18,Boat-3,21.922,12.153,-148.771,20.137,7.036,59.111,-18.746,none,6
2026-05-20 01:14:20,Boat-3,20.525,13.119,-155.103,20.493,7.65,60.14,-18.618,none,6
2026-05-20 01:14:22,Boat-3,21.415,16.817,-153.904,19.185,9.619,60.209,-19.232,none,6
2026-05-20 01:14:24,Boat-3,21.504,15.468,-147.096,19.464,5.513,60.639,-18.054,none,6
2026-05-20 01:14:26,Boat-3,20.967,14.651,-157.011,18.864,5.363,62.961,-19.302,none,6
2026-05-20 01:14:28,Boat-3,21.174,16.989,-152.568,19.714,6.373,63.393,-18.793,none,6
2026-05-20 01:14:30,Boat-3,21.196,17.098,-153.853,20.286,8.304,64.906,-19.027,none,6
2026-05-20 01:14:32,Boat-3,20.446,14.498,-156.144,20.739,5.396,57.645,-18.699,none,6
2026-05-20 01:14:34,Boat-3,20.572,14.514,-154.486,19.373,8.044,59.183,-18.566,none,6
2026-05-20 01:14:36,Boat-3,21.101,13.772,-157.666,19.36,7.96,62.292,-19.518,none,6
2026-05-20 01:14:38,Boat-3,21.059,14.15,-152.124,18.38,9.745,59.987,-18.616,none,6
2026-05-20 01:14:40,Boat-3,20.69,12.58,-157.169,18.427,8.582,62.616,-19.069,none,6
2026-05-20 01:14:42,Boat-3,20.65,12.566,-153.705,16.423,7.765,61.309,-18.513,none,6
2026-05-20 01:14:44,Boat-3,20.969,12.255,-155.167,15.117,8.959,64.053,-19.03,none,6
2026-05-20 01:14:46,Boat-3,21.414,15.895,-154.772,16.267,7.975,62.98,-19.371,none,6
2026-05-20 01:14:48,Boat-3,20.99,12.446,-157.953,16.679,6.776,63.017,-19.455,none,6
2026-05-20 01:14:50,Boat-3,21.767,17.001,-155.98,16.44,5.954,60.071,-19.882,none,6
2026-05-20 01:14:52,Boat-3,20.74,13.507,-151.555,15.703,6.645,60.7,-18.236,none,6
2026-05-20 01:14:54,Boat-3,21.16,16.705,-150.802,14.807,7.28,60.284,-18.471,none,6
2026-05-20 01:14:56,Boat-3,20.937,13.962,-153.049,15.067,7.538,57.883,-18.663,none,6
2026-05-20 01:14:58,Boat-3,21.388,12.391,-150.35,14.838,4.766,63.838,-18.587,none,6
2026-05-20 01:15:00,Boat-3,20.801,16.085,-149.24,16.31,7.064,62.386,-17.875,none,6
2026-05-20 01:15:02,Boat-3,22.053,16.228,-145.152,16.223,7.362,60.205,-18.098,none,6
2026-05-20 01:15:04,Boat-3,20.461,13.217,-147.351,16.356,7.985,63.504,-17.228,none,6
2026-05-20 01:15:06,Boat-3,22.033,13.953,-160.783,15.187,9.28,59.634,-20.806,none,6
2026-05-20 01:15:08,Boat-3,21.344,13.196,-150.744,14.942,7.551,57.218,-18.622,none,6
2026-05-20 01:15:10,Boat-3,21.597,14.206,-160.472,15.181,6.236,62.909,-20.355,none,6
2026-05-20 01:15:12,Boat-3,21.997,14.492,-154.77,14.926,5.146,58.338,-19.899,none,6
2026-05-20 01:15:14,Boat-3,21.832,13.883,-153.049,14.569,8.152,60.503,-19.461,none,6
2026-05-20 01:15:16,Boat-3,21.171,11.964,-147.536,14.943,6.285,61.307,-17.862,none,6
2026-05-20 01:15:18,Boat-3,21.824,13.562,-153.256,16.386,8.368,61.666,-19.489,none,6
2026-05-20 01:15:20,Boat-3,22.451,15.22,-160.429,16.597,9.005,62.592,-21.154,none,6
2026-05-20 01:15:22,Boat-3,21.271,14.023,-159.157,17.706,5.475,62.056,-19.879,none,6
2026-05-20 01:15:24,Boat-3,22.684,13.857,-154.28,18.346,7.992,61.995,-20.436,none,6
2026-05-20 01:15:26,Boat-3,21.966,13.061,-148.873,19.402,8.879,59.313,-18.804,none,6
2026-05-20 01:15:28,Boat-3,21.662,13.466,-149.601,18.933,8.551,61.483,-18.684,none,6
2026-05-20 01:15:30,Boat-3,21.519,16.079,-149.999,18.827,4.812,57.884,-18.636,none,6
2026-05-20 01:15:32,Boat-3,21.887,12.754,-158.095,18.724,6.303,64.019,-20.307,none,6
2026-05-20 01:15:34,Boat-3,21.175,15.161,-159.439,19.296,5.792,58.09,-19.826,none,6
2026-05-20 01:15:36,Boat-3,21.935,14.273,-153.983,20.089,7.956,60.202,-19.712,none,6
2026-05-20 01:15:38,Boat-3,22.072,14.518,-152.087,20.282,7.824,58.257,-19.504,none,6
