timestamp,boat_id,team_name,leg_id,leg_mode,speed_knots,vmg,true_wind_speed,true_wind_angle,true_wind_direction,gust_knots,heading,heel_angle,foil_cant,x_position,y_position,maneuver_type,course_side,sea_state
2026-05-21 10:31:56,Boat-1,Apex Wave Racing,1,Upwind,24.655,16.693,13.602,-47.384,219.645,14.625,0.231,15.998,79.474,12.415,-6.184,none,port,1.775
2026-05-21 10:31:56,Boat-2,Harbor Velocity Team,1,Upwind,25.035,17.03,13.659,-47.136,220.206,14.122,359.871,18.378,81.631,28.914,-0.355,none,port,1.792
2026-05-21 10:31:56,Boat-3,Northern Reach Sailing,1,Upwind,21.794,16.565,13.098,40.529,216.88,14.657,11.594,20.986,78.977,48.226,-0.61,none,starboard,1.834
2026-05-21 10:31:56,Boat-4,Blue Horizon GP,1,Upwind,23.126,17.717,13.627,39.996,217.779,14.742,4.254,19.2,80.194,73.733,-2.617,none,starboard,1.893
2026-05-21 10:31:56,Boat-5,Straitline Performance,1,Upwind,22.557,13.615,13.742,52.872,219.496,14.102,10.744,13.595,66.368,-39.851,-2.382,none,starboard,1.836
2026-05-21 10:31:58,Boat-1,Apex Wave Racing,1,Upwind,24.197,16.975,13.923,-45.45,218.117,15.303,0.345,18.011,73.813,12.544,25.852,none,port,1.953
2026-05-21 10:31:58,Boat-2,Harbor Velocity Team,1,Upwind,23.456,17.269,13.73,-42.591,218.228,16.221,359.869,17.496,77.744,28.877,16.193,none,port,1.909
2026-05-21 10:31:58,Boat-3,Northern Reach Sailing,1,Upwind,21.444,15.622,14.346,43.24,220.199,15.628,12.016,20.516,78.281,50.445,10.206,none,starboard,1.822
2026-05-21 10:31:58,Boat-4,Blue Horizon GP,1,Upwind,22.514,16.758,13.57,41.898,217.664,15.684,8.96,18.048,78.953,76.855,39.357,none,starboard,1.869
2026-05-21 10:31:58,Boat-5,Straitline Performance,1,Upwind,22.92,14.827,14.089,49.693,218.808,15.487,10.803,14.953,65.459,-36.703,14.208,none,starboard,1.864
2026-05-21 10:32:00,Boat-1,Apex Wave Racing,1,Upwind,24.367,16.915,12.773,-46.039,219.378,13.503,0.325,14.891,74.7,12.672,36.528,none,port,1.842
2026-05-21 10:32:00,Boat-2,Harbor Velocity Team,1,Upwind,23.198,17.279,13.039,-41.857,217.105,13.14,359.81,17.161,78.299,28.822,40.018,none,port,1.85
2026-05-21 10:32:00,Boat-3,Northern Reach Sailing,1,Upwind,21.873,16.962,12.85,39.153,217.991,14.352,4.55,19.635,80.555,52.669,20.267,none,starboard,1.822
2026-05-21 10:32:00,Boat-4,Blue Horizon GP,1,Upwind,23.019,16.106,13.129,45.599,219.073,13.543,30.863,17.616,78.367,79.959,36.874,none,starboard,1.787
2026-05-21 10:32:00,Boat-5,Straitline Performance,1,Upwind,22.778,16.062,12.807,45.159,219.413,14.106,7.937,15.382,64.141,-33.571,30.529,none,starboard,1.82
2026-05-21 10:32:02,Boat-1,Apex Wave Racing,1,Upwind,24.091,16.34,12.954,-47.292,221.333,15.45,0.348,13.692,77.294,12.792,69.617,none,port,1.903
2026-05-21 10:32:02,Boat-2,Harbor Velocity Team,1,Upwind,23.232,17.146,13.155,-42.437,219.467,15.276,359.599,17.696,77.624,28.747,55.65,none,port,1.83
2026-05-21 10:32:02,Boat-3,Northern Reach Sailing,1,Upwind,21.02,15.008,13.157,44.44,220.47,15.312,4.587,20.575,78.151,54.895,66.125,none,starboard,1.827
2026-05-21 10:32:02,Boat-4,Blue Horizon GP,1,Upwind,23.383,16.291,13.188,45.838,220.274,14.69,10.251,20.367,76.815,83.043,49.711,none,starboard,1.834
2026-05-21 10:32:02,Boat-5,Straitline Performance,1,Upwind,21.917,16.451,13.498,41.359,219.235,14.973,6.199,15.253,68.336,-30.457,59.01,none,starboard,1.874
2026-05-21 10:32:04,Boat-1,Apex Wave Racing,1,Upwind,25.004,15.559,13.492,-51.52,218.174,14.406,0.7,16.597,79.494,12.901,74.274,none,port,1.891
2026-05-21 10:32:04,Boat-2,Harbor Velocity Team,1,Upwind,23.614,16.234,12.93,-46.569,219.421,14.242,359.487,20.284,76.928,28.647,65.13,none,port,1.865
2026-05-21 10:32:04,Boat-3,Northern Reach Sailing,1,Upwind,21.362,15.423,12.877,43.781,218.088,14.28,7.328,22.336,79.485,57.116,75.686,none,starboard,1.841
2026-05-21 10:32:04,Boat-4,Blue Horizon GP,1,Upwind,22.699,16.224,13.558,44.38,219.254,15.007,10.711,19.199,77.747,86.101,70.838,none,starboard,1.957
2026-05-21 10:32:04,Boat-5,Straitline Performance,1,Upwind,22.182,17.16,13.302,39.321,217.551,14.795,7.925,13.679,65.417,-27.363,87.68,none,starboard,1.913
2026-05-21 10:32:06,Boat-1,Apex Wave Racing,1,Upwind,24.927,15.577,14.225,-51.325,218.001,15.723,0.202,14.954,77.311,12.992,85.954,none,port,2.064
2026-05-21 10:32:06,Boat-2,Harbor Velocity Team,1,Upwind,23.302,13.999,14.276,-53.075,220.192,15.72,359.657,19.178,76.858,28.52,80.987,none,port,2.163
2026-05-21 10:32:06,Boat-3,Northern Reach Sailing,1,Upwind,21.744,15.969,14.151,42.744,217.444,15.623,6.035,21.178,79.485,59.329,100.605,none,starboard,2.106
2026-05-21 10:32:06,Boat-4,Blue Horizon GP,1,Upwind,23.017,16.99,14.147,42.428,220.497,15.238,8.8,18.675,76.443,89.132,81.904,none,starboard,2.215
2026-05-21 10:32:06,Boat-5,Straitline Performance,1,Upwind,23.787,17.263,14.181,43.47,219.319,15.361,11.999,14.862,65.715,-24.293,103.288,none,starboard,2.174
2026-05-21 10:32:08,Boat-1,Apex Wave Racing,1,Upwind,24.022,15.956,13.697,-48.377,218.669,16.255,0.13,16.745,77.653,13.06,119.513,none,port,2.223
2026-05-21 10:32:08,Boat-2,Harbor Velocity Team,1,Upwind,24.085,16.578,13.442,-46.503,219.948,16.402,359.656,17.717,77.673,28.362,112.765,none,port,2.2
2026-05-21 10:32:08,Boat-3,Northern Reach Sailing,1,Upwind,22.172,17.479,14.202,37.97,219.99,16.908,7.567,19.04,78.534,61.528,117.425,none,starboard,2.182
2026-05-21 10:32:08,Boat-4,Blue Horizon GP,1,Upwind,23.069,17.204,13.406,41.776,219.149,16.396,5.631,19.755,80.212,92.13,109.785,none,starboard,2.17
2026-05-21 10:32:08,Boat-5,Straitline Performance,1,Upwind,23.157,17.083,13.81,42.464,219.183,16.162,33.165,15.415,68.005,-21.249,116.449,none,starboard,2.236
2026-05-21 10:32:10,Boat-1,Apex Wave Racing,1,Upwind,24.751,17.045,13.894,-46.477,219.644,16.036,0.082,15.011,76.755,13.101,133.827,none,port,1.838
2026-05-21 10:32:10,Boat-2,Harbor Velocity Team,1,Upwind,23.318,15.446,14.233,-48.515,220.698,15.747,359.328,16.841,78.178,28.171,139.094,none,port,1.839
2026-05-21 10:32:10,Boat-3,Northern Reach Sailing,1,Upwind,22.119,17.219,13.953,38.878,218.478,15.806,8.745,21.497,77.625,63.71,133.59,none,starboard,1.8
2026-05-21 10:32:10,Boat-4,Blue Horizon GP,1,Upwind,23.357,17.793,13.49,40.379,219.13,16.38,8.279,18.963,80.343,95.094,142.369,none,starboard,1.821
2026-05-21 10:32:10,Boat-5,Straitline Performance,1,Upwind,23.373,15.638,14.08,48.008,218.429,15.77,18.069,15.639,69.75,-18.233,112.562,none,starboard,1.849
2026-05-21 10:32:12,Boat-1,Apex Wave Racing,1,Upwind,25.306,16.783,13.117,-48.457,217.99,14.214,359.968,14.82,74.864,13.108,152.987,none,port,1.81
2026-05-21 10:32:12,Boat-2,Harbor Velocity Team,1,Upwind,24.111,16.615,13.357,-46.442,219.296,15.399,359.141,16.782,79.123,27.943,148.455,none,port,1.711
2026-05-21 10:32:12,Boat-3,Northern Reach Sailing,1,Upwind,22.261,15.203,13.598,46.925,218.544,14.325,6.758,20.154,78.343,65.87,145.65,none,starboard,1.758
2026-05-21 10:32:12,Boat-4,Blue Horizon GP,1,Upwind,23.769,17.783,13.184,41.566,219.361,14.659,10.837,18.24,78.858,98.019,150.251,none,starboard,1.846
2026-05-21 10:32:12,Boat-5,Straitline Performance,1,Upwind,22.713,15.669,13.611,46.379,218.679,14.833,5.537,15.548,66.615,-15.246,134.847,none,starboard,1.803
2026-05-21 10:32:14,Boat-1,Apex Wave Racing,1,Upwind,24.66,17.623,13.699,-44.387,217.874,14.807,359.783,14.948,75.863,13.078,174.721,none,port,1.778
2026-05-21 10:32:14,Boat-2,Harbor Velocity Team,1,Upwind,23.599,15.721,13.917,-48.228,218.82,14.279,359.242,18.11,77.769,27.676,172.08,none,port,1.833
2026-05-21 10:32:14,Boat-3,Northern Reach Sailing,1,Upwind,22.082,17.199,13.463,38.841,217.159,14.76,4.914,21.142,82.235,68.003,169.815,none,starboard,1.888
2026-05-21 10:32:14,Boat-4,Blue Horizon GP,1,Upwind,23.463,18.201,13.583,39.13,220.206,14.044,11.448,17.116,79.737,100.902,172.71,none,starboard,1.727
2026-05-21 10:32:14,Boat-5,Straitline Performance,1,Upwind,23.261,15.889,13.086,46.914,219.44,14.166,5.467,14.813,65.876,-12.293,173.836,none,starboard,1.716
2026-05-21 10:32:16,Boat-1,Apex Wave Racing,1,Upwind,25.087,16.99,14.049,-47.371,219.894,15.47,359.6,16.123,74.688,13.004,180.304,none,port,2.001
2026-05-21 10:32:16,Boat-2,Harbor Velocity Team,1,Upwind,24.185,16.775,14.298,-46.082,217.207,15.002,358.856,17.841,76.515,27.368,191.964,none,port,1.88
2026-05-21 10:32:16,Boat-3,Northern Reach Sailing,1,Upwind,22.525,16.346,14.295,43.476,218.227,15.069,6.964,21.323,81.066,70.105,194.902,none,starboard,1.838
2026-05-21 10:32:16,Boat-4,Blue Horizon GP,1,Upwind,23.892,16.022,14.354,47.885,220.092,14.821,10.901,18.3,80.592,103.74,178.504,none,starboard,1.931
2026-05-21 10:32:16,Boat-5,Straitline Performance,1,Upwind,23.43,16.932,14.247,43.726,217.906,15.531,9.854,14.349,66.273,-9.374,196.21,none,starboard,2.031
2026-05-21 10:32:18,Boat-1,Apex Wave Racing,1,Upwind,25.101,16.257,13.705,-49.635,219.297,15.662,359.583,15.318,74.523,12.884,202.471,none,port,1.832
2026-05-21 10:32:18,Boat-2,Harbor Velocity Team,1,Upwind,24.529,15.949,13.655,-49.443,219.219,15.792,358.214,18.52,76.65,27.014,205.229,none,port,1.887
2026-05-21 10:32:18,Boat-3,Northern Reach Sailing,1,Upwind,21.789,17.113,13.968,38.243,219.352,15.468,5.805,20.967,80.86,72.171,203.942,none,starboard,1.867
2026-05-21 10:32:18,Boat-4,Blue Horizon GP,1,Upwind,24.88,16.169,13.996,49.467,217.687,15.587,7.042,20.124,79.221,106.531,201.938,none,starboard,1.874
2026-05-21 10:32:18,Boat-5,Straitline Performance,1,Upwind,23.303,15.786,13.938,47.359,220.077,15.342,13.695,15.007,65.462,-6.491,207.237,none,starboard,1.856
2026-05-21 10:32:20,Boat-1,Apex Wave Racing,1,Upwind,24.57,16.641,14.321,-47.368,216.695,15.953,359.201,14.868,77.472,12.711,220.649,none,port,1.965
2026-05-21 10:32:20,Boat-2,Harbor Velocity Team,1,Upwind,25.343,16.209,13.614,-50.24,218.336,15.906,358.664,16.535,74.95,26.614,216.147,none,port,1.99
2026-05-21 10:32:20,Boat-3,Northern Reach Sailing,1,Upwind,22.419,15.939,13.886,44.688,217.515,15.683,8.802,22.72,77.776,74.198,235.161,none,starboard,1.924
2026-05-21 10:32:20,Boat-4,Blue Horizon GP,1,Upwind,23.44,18.716,13.856,37.016,219.825,15.515,9.25,18.606,81.397,109.271,223.276,none,starboard,2.047
2026-05-21 10:32:20,Boat-5,Straitline Performance,1,Upwind,23.049,17.083,14.258,42.17,219.565,15.4,7.558,13.556,65.679,-3.647,219.71,none,starboard,2.015
2026-05-21 10:32:22,Boat-1,Apex Wave Racing,1,Upwind,25.19,17.592,13.748,-45.705,217.787,14.914,359.18,15.033,74.794,12.481,231.301,none,port,1.863
2026-05-21 10:32:22,Boat-2,Harbor Velocity Team,1,Upwind,23.847,17.728,13.7,-41.979,219.367,15.309,358.934,18.055,80.036,26.164,241.703,none,port,1.764
2026-05-21 10:32:22,Boat-3,Northern Reach Sailing,1,Upwind,23.04,17.881,13.902,39.096,218.541,14.756,17.518,19.591,76.671,76.181,229.84,none,starboard,1.821
2026-05-21 10:32:22,Boat-4,Blue Horizon GP,1,Upwind,23.605,16.877,13.692,44.359,219.426,14.639,7.895,18.324,77.263,111.958,235.259,none,starboard,1.928
2026-05-21 10:32:22,Boat-5,Straitline Performance,1,Upwind,23.433,16.11,14.486,46.566,219.137,15.094,7.147,15.783,65.723,-0.843,249.802,none,starboard,1.837
2026-05-21 10:32:24,Boat-1,Apex Wave Racing,1,Upwind,24.353,17.106,13.727,-45.378,220.897,17.095,359.332,13.933,77.244,12.191,256.978,none,port,1.969
2026-05-21 10:32:24,Boat-2,Harbor Velocity Team,1,Upwind,24.328,15.892,13.773,-49.214,219.305,15.825,358.46,19.753,76.303,25.662,267.273,none,port,2.028
2026-05-21 10:32:24,Boat-3,Northern Reach Sailing,1,Upwind,21.72,17.073,14.479,38.182,218.783,15.745,4.017,20.957,81.066,78.117,247.575,none,starboard,2.014
2026-05-21 10:32:24,Boat-4,Blue Horizon GP,1,Upwind,24.455,17.501,14.418,44.304,219.032,16.303,6.404,20.273,78.519,114.588,261.624,none,starboard,1.977
2026-05-21 10:32:24,Boat-5,Straitline Performance,1,Upwind,24.664,15.986,13.95,49.597,220.93,15.7,8.783,13.383,67.786,1.919,264.099,none,starboard,2.002
2026-05-21 10:32:26,Boat-1,Apex Wave Racing,1,Upwind,24.889,18.995,14.318,-40.251,219.639,15.232,358.896,15.192,74.576,11.836,286.666,none,port,2.015
2026-05-21 10:32:26,Boat-2,Harbor Velocity Team,1,Upwind,24.276,16.86,14.52,-46.013,219.716,15.364,358.021,20.092,78.98,25.107,281.02,none,port,2.024
2026-05-21 10:32:26,Boat-3,Northern Reach Sailing,1,Upwind,22.699,17.638,14.187,39.01,219.27,14.884,4.993,21.672,80.696,80.0,284.227,none,starboard,1.949
2026-05-21 10:32:26,Boat-4,Blue Horizon GP,1,Upwind,24.496,17.593,13.735,44.093,217.246,14.846,7.626,18.332,78.215,117.161,281.619,none,starboard,2.006
2026-05-21 10:32:26,Boat-5,Straitline Performance,1,Upwind,23.6,16.497,13.757,45.651,217.773,15.361,16.081,14.094,66.059,4.637,285.273,none,starboard,1.986
2026-05-21 10:32:28,Boat-1,Apex Wave Racing,1,Upwind,25.674,16.959,14.172,-48.657,218.456,16.948,357.1,13.681,77.271,11.411,297.46,none,port,2.167
2026-05-21 10:32:28,Boat-2,Harbor Velocity Team,1,Upwind,24.187,17.728,14.304,-42.864,219.188,16.307,357.56,16.323,77.773,24.496,301.036,none,port,2.118
2026-05-21 10:32:28,Boat-3,Northern Reach Sailing,1,Upwind,22.856,17.628,14.278,39.533,220.922,17.046,4.637,19.811,79.405,81.829,290.067,none,starboard,2.115
2026-05-21 10:32:28,Boat-4,Blue Horizon GP,1,Upwind,24.556,18.406,14.832,41.448,217.601,17.059,8.921,19.266,80.275,119.673,299.598,none,starboard,2.057
2026-05-21 10:32:28,Boat-5,Straitline Performance,1,Upwind,24.316,16.169,14.355,48.321,218.789,16.976,9.577,14.775,68.61,7.31,282.802,none,starboard,2.024
2026-05-21 10:32:30,Boat-1,Apex Wave Racing,1,Upwind,25.394,17.418,14.241,-46.692,219.046,15.574,357.489,14.866,75.947,10.914,304.863,none,port,2.072
2026-05-21 10:32:30,Boat-2,Harbor Velocity Team,1,Upwind,24.35,17.81,14.577,-42.997,220.262,15.964,357.364,17.427,77.86,23.827,311.048,none,port,2.102
2026-05-21 10:32:30,Boat-3,Northern Reach Sailing,1,Upwind,23.415,17.209,14.907,42.696,218.903,15.771,3.821,19.961,78.636,83.599,328.589,none,starboard,2.164
2026-05-21 10:32:30,Boat-4,Blue Horizon GP,1,Upwind,25.252,17.293,14.813,46.778,218.832,15.428,6.756,18.924,76.733,122.123,313.228,none,starboard,2.082
2026-05-21 10:32:30,Boat-5,Straitline Performance,1,Upwind,23.927,18.239,14.432,40.333,218.483,16.035,4.77,14.642,66.113,9.937,316.689,none,starboard,1.972
2026-05-21 10:32:32,Boat-1,Apex Wave Racing,1,Upwind,24.951,17.629,13.531,-45.044,219.406,15.914,358.789,15.938,79.062,10.34,321.882,none,port,1.943
2026-05-21 10:32:32,Boat-2,Harbor Velocity Team,1,Upwind,24.811,18.03,13.449,-43.391,216.396,15.312,357.796,17.405,76.975,23.1,331.357,none,port,1.824
2026-05-21 10:32:32,Boat-3,Northern Reach Sailing,1,Upwind,22.857,17.095,13.81,41.59,218.632,15.595,5.663,20.332,76.613,85.307,342.134,none,starboard,1.965
2026-05-21 10:32:32,Boat-4,Blue Horizon GP,1,Upwind,24.44,17.355,14.054,44.759,217.781,15.827,7.398,20.476,81.519,124.508,340.409,none,starboard,1.954
2026-05-21 10:32:32,Boat-5,Straitline Performance,1,Upwind,23.75,18.175,13.739,40.069,219.786,15.515,7.608,14.809,65.583,12.517,345.195,none,starboard,1.981
2026-05-21 10:32:34,Boat-1,Apex Wave Racing,1,Upwind,25.344,17.437,13.613,-46.527,220.248,15.075,358.314,15.6,77.234,9.686,362.914,none,port,1.665
2026-05-21 10:32:34,Boat-2,Harbor Velocity Team,1,Upwind,24.187,17.099,13.283,-45.014,219.647,14.583,357.534,18.535,75.81,22.311,350.429,none,port,1.866
2026-05-21 10:32:34,Boat-3,Northern Reach Sailing,1,Upwind,22.543,17.825,13.532,37.747,222.459,14.476,5.435,20.636,80.534,86.949,362.374,none,starboard,1.853
2026-05-21 10:32:34,Boat-4,Blue Horizon GP,1,Upwind,23.288,15.937,13.423,46.817,219.06,14.798,9.644,19.461,79.918,126.827,349.457,none,starboard,1.785
2026-05-21 10:32:34,Boat-5,Straitline Performance,1,Upwind,23.51,15.751,13.193,47.937,220.739,14.579,9.13,16.27,68.297,15.048,354.953,none,starboard,1.829
2026-05-21 10:32:36,Boat-1,Apex Wave Racing,1,Upwind,25.348,16.927,14.496,-48.102,217.974,16.286,355.713,16.014,78.916,8.95,369.116,none,port,2.256
2026-05-21 10:32:36,Boat-2,Harbor Velocity Team,1,Upwind,25.751,18.64,14.483,-43.625,220.791,16.32,357.805,17.059,75.683,21.462,369.389,none,port,2.278
2026-05-21 10:32:36,Boat-3,Northern Reach Sailing,1,Upwind,22.982,17.274,14.57,41.268,218.992,16.239,9.007,19.183,81.232,88.523,375.939,none,starboard,2.189
2026-05-21 10:32:36,Boat-4,Blue Horizon GP,1,Upwind,24.531,18.522,14.406,40.97,220.254,16.669,5.185,18.286,82.086,129.079,367.306,none,starboard,2.267
2026-05-21 10:32:36,Boat-5,Straitline Performance,1,Upwind,24.721,15.787,14.283,50.312,218.387,16.518,8.334,15.049,66.325,17.529,376.386,none,starboard,2.212
2026-05-21 10:32:38,Boat-1,Apex Wave Racing,1,Upwind,25.351,15.76,14.282,-51.563,218.513,16.017,357.22,15.635,75.499,8.128,383.703,none,port,2.111
2026-05-21 10:32:38,Boat-2,Harbor Velocity Team,1,Upwind,25.01,18.737,14.859,-41.483,221.495,15.617,354.835,19.789,80.324,20.549,396.411,none,port,2.067
2026-05-21 10:32:38,Boat-3,Northern Reach Sailing,1,Upwind,22.527,17.851,14.765,37.587,219.228,15.819,8.695,20.85,78.09,90.026,381.784,none,starboard,2.115
2026-05-21 10:32:38,Boat-4,Blue Horizon GP,1,Upwind,24.337,18.956,14.671,38.84,218.799,15.556,7.724,17.891,79.081,131.261,398.326,none,starboard,2.175
2026-05-21 10:32:38,Boat-5,Straitline Performance,1,Upwind,24.287,16.85,14.199,46.071,223.074,15.907,8.801,13.914,66.061,19.961,388.49,none,starboard,2.149
2026-05-21 10:32:40,Boat-1,Apex Wave Racing,1,Upwind,25.591,17.079,13.971,-48.136,219.936,14.738,356.489,16.596,76.832,7.217,404.805,none,port,1.754
2026-05-21 10:32:40,Boat-2,Harbor Velocity Team,1,Upwind,24.136,17.182,13.913,-44.611,220.441,14.588,356.022,18.401,77.438,19.572,390.292,none,port,1.755
2026-05-21 10:32:40,Boat-3,Northern Reach Sailing,1,Upwind,22.542,16.355,14.026,43.484,219.242,14.415,2.954,19.362,77.838,91.454,395.107,none,starboard,1.818
2026-05-21 10:32:40,Boat-4,Blue Horizon GP,1,Upwind,25.138,17.825,14.063,44.839,219.728,14.486,15.515,18.534,78.123,133.374,398.974,none,starboard,1.871
2026-05-21 10:32:40,Boat-5,Straitline Performance,1,Upwind,23.614,13.901,13.494,53.936,218.907,14.488,5.779,15.116,66.227,22.341,407.465,none,starboard,1.836
2026-05-21 10:32:42,Boat-1,Apex Wave Racing,1,Upwind,24.843,15.971,13.446,-49.993,219.558,15.202,357.543,16.499,74.99,6.216,414.869,none,port,1.859
2026-05-21 10:32:42,Boat-2,Harbor Velocity Team,1,Upwind,24.292,14.93,13.303,-52.077,221.521,15.576,357.673,18.831,79.065,18.531,425.424,none,port,1.816
2026-05-21 10:32:42,Boat-3,Northern Reach Sailing,1,Upwind,21.893,15.725,13.022,44.089,219.363,14.922,3.945,22.112,81.093,92.807,435.677,none,starboard,1.848
2026-05-21 10:32:42,Boat-4,Blue Horizon GP,1,Upwind,24.832,18.959,13.405,40.226,218.491,15.228,5.925,17.455,80.077,135.415,413.289,none,starboard,1.819
2026-05-21 10:32:42,Boat-5,Straitline Performance,1,Upwind,23.816,17.673,13.464,42.094,220.065,14.75,8.308,13.994,68.659,24.67,435.028,none,starboard,1.77
2026-05-21 10:32:44,Boat-1,Apex Wave Racing,1,Upwind,25.52,15.66,14.751,-52.148,220.296,15.85,357.066,16.193,76.151,5.121,453.659,none,port,1.886
2026-05-21 10:32:44,Boat-2,Harbor Velocity Team,1,Upwind,24.425,16.42,14.685,-47.758,219.852,16.34,355.205,20.202,79.714,17.425,443.141,none,port,1.936
2026-05-21 10:32:44,Boat-3,Northern Reach Sailing,1,Upwind,23.542,17.691,14.378,41.282,219.752,15.766,3.755,21.108,78.096,94.081,433.201,none,starboard,1.99
2026-05-21 10:32:44,Boat-4,Blue Horizon GP,1,Upwind,23.843,16.296,14.004,46.884,219.995,16.766,4.285,17.346,80.802,137.385,437.623,none,starboard,1.908
2026-05-21 10:32:44,Boat-5,Straitline Performance,1,Upwind,24.705,17.587,14.25,44.613,219.67,16.028,11.679,15.035,66.804,26.948,439.009,none,starboard,1.923
2026-05-21 10:32:46,Boat-1,Apex Wave Racing,1,Upwind,25.328,16.591,14.596,-49.076,218.322,16.044,356.129,16.429,76.385,3.932,459.434,none,port,2.104
2026-05-21 10:32:46,Boat-2,Harbor Velocity Team,1,Upwind,25.121,18.157,14.523,-43.716,219.677,16.112,356.735,18.27,76.637,16.253,452.584,none,port,2.088
2026-05-21 10:32:46,Boat-3,Northern Reach Sailing,1,Upwind,23.129,17.119,14.556,42.257,220.687,15.808,2.53,22.585,82.238,95.275,473.279,none,starboard,2.166
2026-05-21 10:32:46,Boat-4,Blue Horizon GP,1,Upwind,25.36,20.415,14.525,36.386,220.233,16.14,4.092,18.182,77.914,139.282,464.896,none,starboard,2.057
2026-05-21 10:32:46,Boat-5,Straitline Performance,1,Upwind,23.132,15.682,15.112,47.319,219.725,15.614,6.549,13.664,68.537,29.173,456.811,none,starboard,2.163
2026-05-21 10:32:48,Boat-1,Apex Wave Racing,1,Upwind,24.69,15.902,14.366,-49.905,220.18,15.477,356.189,16.318,75.562,2.645,490.244,none,port,2.155
2026-05-21 10:32:48,Boat-2,Harbor Velocity Team,1,Upwind,24.063,16.075,14.811,-48.083,220.369,15.149,356.497,19.035,78.099,15.015,485.375,none,port,2.215
2026-05-21 10:32:48,Boat-3,Northern Reach Sailing,1,Upwind,22.578,15.357,14.8,47.143,220.231,15.619,4.823,21.732,79.065,96.386,485.36,none,starboard,2.219
2026-05-21 10:32:48,Boat-4,Blue Horizon GP,1,Upwind,25.256,18.811,14.732,41.858,218.222,15.5,6.881,17.777,75.763,141.107,489.657,none,starboard,2.253
2026-05-21 10:32:48,Boat-5,Straitline Performance,1,Upwind,24.452,16.237,14.502,48.39,218.915,15.637,5.769,14.642,65.922,31.346,477.325,none,starboard,2.102
2026-05-21 10:32:50,Boat-1,Apex Wave Racing,1,Upwind,25.05,17.86,14.591,-44.524,221.08,14.871,355.617,14.697,74.764,1.261,499.521,none,port,1.957
2026-05-21 10:32:50,Boat-2,Harbor Velocity Team,1,Upwind,23.947,18.164,13.794,-40.668,219.876,15.564,354.871,17.291,77.303,13.712,494.088,none,port,1.963
2026-05-21 10:32:50,Boat-3,Northern Reach Sailing,1,Upwind,23.055,17.442,14.453,40.841,221.064,15.688,3.187,20.254,78.541,97.414,498.626,none,starboard,2.185
2026-05-21 10:32:50,Boat-4,Blue Horizon GP,1,Upwind,24.727,18.556,14.812,41.372,219.052,14.812,4.82,17.736,76.067,142.859,494.536,none,starboard,2.078
2026-05-21 10:32:50,Boat-5,Straitline Performance,1,Upwind,24.59,17.409,14.586,44.93,221.054,14.73,8.209,16.163,68.186,33.468,499.324,none,starboard,2.08
2026-05-21 10:32:52,Boat-1,Apex Wave Racing,1,Upwind,26.218,18.711,14.702,-44.466,220.513,14.702,355.436,13.788,74.444,-0.222,527.654,none,port,2.132
2026-05-21 10:32:52,Boat-2,Harbor Velocity Team,1,Upwind,24.419,16.894,14.375,-46.222,219.117,14.49,357.082,17.116,75.346,12.343,515.148,none,port,2.136
2026-05-21 10:32:52,Boat-3,Northern Reach Sailing,1,Upwind,23.325,18.319,13.827,38.245,221.126,14.797,2.526,19.552,79.181,98.356,520.741,none,starboard,2.193
2026-05-21 10:32:52,Boat-4,Blue Horizon GP,1,Upwind,24.69,18.26,14.062,42.307,218.583,14.546,4.496,18.258,79.503,144.538,530.351,none,starboard,2.195
2026-05-21 10:32:52,Boat-5,Straitline Performance,1,Upwind,23.876,17.358,14.035,43.362,219.038,15.023,5.569,14.595,66.655,35.537,506.376,none,starboard,2.207
2026-05-21 10:32:54,Boat-1,Apex Wave Racing,1,Upwind,25.607,16.653,14.453,-49.433,220.23,15.188,354.337,15.95,72.832,-1.805,537.931,none,port,2.085
2026-05-21 10:32:54,Boat-2,Harbor Velocity Team,1,Upwind,24.919,17.394,14.084,-45.733,219.51,14.908,356.394,17.837,76.954,10.909,549.076,none,port,1.934
2026-05-21 10:32:54,Boat-3,Northern Reach Sailing,1,Upwind,23.203,16.894,13.608,43.272,220.306,14.371,2.866,20.992,78.414,99.212,539.391,none,starboard,2.022
2026-05-21 10:32:54,Boat-4,Blue Horizon GP,1,Upwind,25.398,18.188,14.083,44.266,220.637,14.591,7.627,18.556,81.68,146.145,536.325,none,starboard,2.041
2026-05-21 10:32:54,Boat-5,Straitline Performance,1,Upwind,24.317,15.984,14.115,48.904,218.131,14.451,4.837,13.805,67.763,37.556,541.252,none,starboard,2.131
2026-05-21 10:32:56,Boat-1,Apex Wave Racing,1,Upwind,24.907,16.888,14.858,-47.309,220.275,15.682,355.071,15.906,75.074,-3.488,560.594,none,port,2.021
2026-05-21 10:32:56,Boat-2,Harbor Velocity Team,1,Upwind,25.235,18.664,14.425,-42.302,219.157,16.367,353.771,20.359,78.32,9.41,561.692,none,port,2.081
2026-05-21 10:32:56,Boat-3,Northern Reach Sailing,1,Upwind,22.588,17.891,14.712,37.623,220.795,16.02,1.901,20.271,81.151,99.981,553.205,none,starboard,2.135
2026-05-21 10:32:56,Boat-4,Blue Horizon GP,1,Upwind,24.009,17.062,14.646,44.712,220.561,15.495,5.554,18.546,76.935,147.68,553.813,none,starboard,2.144
2026-05-21 10:32:56,Boat-5,Straitline Performance,1,Upwind,24.516,16.627,14.262,47.297,219.147,16.062,5.862,14.39,67.928,39.523,553.472,none,starboard,2.154
2026-05-21 10:32:58,Boat-1,Apex Wave Racing,1,Upwind,24.602,14.949,14.062,-52.582,219.46,15.798,354.077,16.872,77.817,-5.272,578.143,none,port,1.937
2026-05-21 10:32:58,Boat-2,Harbor Velocity Team,1,Upwind,25.229,17.329,14.216,-46.617,220.96,16.389,354.408,19.151,76.441,7.847,577.131,none,port,2.051
2026-05-21 10:32:58,Boat-3,Northern Reach Sailing,1,Upwind,21.507,16.313,14.432,40.666,221.598,16.444,1.518,21.731,80.701,100.663,583.089,none,starboard,1.929
2026-05-21 10:32:58,Boat-4,Blue Horizon GP,1,Upwind,25.138,17.615,14.636,45.515,220.324,16.236,3.178,20.342,78.682,149.143,567.16,none,starboard,2.014
2026-05-21 10:32:58,Boat-5,Straitline Performance,1,Upwind,23.793,16.611,14.575,45.72,221.969,15.508,9.23,12.371,64.731,41.44,579.085,none,starboard,1.955
2026-05-21 10:33:00,Boat-1,Apex Wave Racing,1,Upwind,25.303,16.904,14.319,-48.081,220.284,15.174,353.577,14.485,74.072,-7.157,595.96,none,port,1.9
2026-05-21 10:33:00,Boat-2,Harbor Velocity Team,1,Upwind,24.747,17.366,13.947,-45.432,220.376,15.693,354.05,18.697,76.697,6.22,594.262,none,port,2.023
2026-05-21 10:33:00,Boat-3,Northern Reach Sailing,1,Upwind,22.9,17.7,13.487,39.384,219.141,15.21,2.241,19.514,80.903,101.256,601.336,none,starboard,1.923
2026-05-21 10:33:00,Boat-4,Blue Horizon GP,1,Upwind,25.334,17.632,14.143,45.896,220.222,15.815,3.712,19.296,78.478,150.536,605.256,none,starboard,1.965
2026-05-21 10:33:00,Boat-5,Straitline Performance,1,Upwind,24.688,16.357,14.348,48.503,221.739,14.856,5.69,14.767,66.42,43.308,576.763,none,starboard,1.905
2026-05-21 10:33:02,Boat-1,Apex Wave Racing,1,Upwind,26.216,18.494,15.007,-45.133,221.697,15.472,352.516,14.279,74.566,-9.142,612.52,none,port,2.331
2026-05-21 10:33:02,Boat-2,Harbor Velocity Team,1,Upwind,24.711,18.059,15.095,-43.047,219.915,15.095,355.93,17.256,77.126,4.532,608.931,none,port,2.256
2026-05-21 10:33:02,Boat-3,Northern Reach Sailing,1,Upwind,22.677,17.612,15.043,39.045,223.059,16.178,2.295,22.436,79.6,101.762,611.174,none,starboard,2.158
2026-05-21 10:33:02,Boat-4,Blue Horizon GP,1,Upwind,25.077,18.388,15.283,42.838,220.666,15.533,10.445,20.497,82.507,151.86,609.032,none,starboard,2.325
2026-05-21 10:33:02,Boat-5,Straitline Performance,1,Upwind,24.624,16.979,15.159,46.407,218.103,15.875,3.36,16.306,68.047,45.127,616.087,none,starboard,2.345
2026-05-21 10:33:04,Boat-1,Apex Wave Racing,1,Upwind,25.428,18.375,15.175,-43.728,220.299,16.478,354.912,15.533,79.962,-11.227,626.941,none,port,2.279
2026-05-21 10:33:04,Boat-2,Harbor Velocity Team,1,Upwind,25.115,15.849,15.235,-50.872,219.807,16.256,355.35,19.769,81.032,2.783,642.567,none,port,2.208
2026-05-21 10:33:04,Boat-3,Northern Reach Sailing,1,Upwind,23.432,17.808,15.34,40.535,219.867,16.307,0.951,21.809,78.555,102.179,624.371,none,starboard,2.214
2026-05-21 10:33:04,Boat-4,Blue Horizon GP,1,Upwind,25.324,16.155,14.865,50.363,220.807,15.991,2.534,18.552,83.019,153.116,619.248,none,starboard,2.252
2026-05-21 10:33:04,Boat-5,Straitline Performance,1,Upwind,24.482,16.884,15.479,46.396,221.325,16.099,5.866,13.471,68.366,46.899,637.93,none,starboard,2.222
2026-05-21 10:33:06,Boat-1,Apex Wave Racing,1,Upwind,25.948,17.091,14.598,-48.803,219.632,16.293,352.118,15.408,75.749,-13.411,660.467,none,port,2.005
2026-05-21 10:33:06,Boat-2,Harbor Velocity Team,1,Upwind,24.148,16.483,15.076,-46.955,221.166,16.457,348.291,17.187,74.301,0.974,652.674,none,port,2.022
2026-05-21 10:33:06,Boat-3,Northern Reach Sailing,1,Upwind,23.45,16.774,14.846,44.33,220.224,16.198,1.215,20.634,79.242,102.51,656.201,none,starboard,2.027
2026-05-21 10:33:06,Boat-4,Blue Horizon GP,1,Upwind,25.153,16.837,15.172,47.982,220.065,16.78,2.699,19.584,79.947,154.304,664.263,none,starboard,2.121
2026-05-21 10:33:06,Boat-5,Straitline Performance,1,Upwind,24.496,16.932,15.106,46.274,218.43,15.687,6.978,13.192,68.542,48.624,650.129,none,starboard,2.062
2026-05-21 10:33:08,Boat-1,Apex Wave Racing,1,Upwind,25.348,18.545,14.059,-42.979,220.099,16.876,348.829,13.128,77.296,-15.693,659.198,none,port,2.079
2026-05-21 10:33:08,Boat-2,Harbor Velocity Team,1,Upwind,23.566,17.157,14.163,-43.278,221.499,16.95,350.032,16.684,78.135,-0.892,660.299,none,port,2.038
2026-05-21 10:33:08,Boat-3,Northern Reach Sailing,1,Upwind,23.432,16.566,14.532,45.009,219.308,16.838,0.741,22.69,78.486,102.753,651.388,none,starboard,2.062
2026-05-21 10:33:08,Boat-4,Blue Horizon GP,1,Upwind,24.594,18.169,14.536,42.375,219.942,17.202,4.922,17.969,80.656,155.428,668.302,none,starboard,2.067
2026-05-21 10:33:08,Boat-5,Straitline Performance,1,Upwind,24.625,17.67,14.568,44.148,220.611,16.612,4.746,13.824,66.509,50.305,665.756,none,starboard,2.002
2026-05-21 10:33:10,Boat-1,Apex Wave Racing,1,Upwind,25.521,15.904,14.696,-51.452,220.804,15.171,353.626,16.066,77.938,-18.071,684.064,none,port,2.135
2026-05-21 10:33:10,Boat-2,Harbor Velocity Team,1,Upwind,24.793,17.285,15.103,-45.797,219.34,15.103,355.174,17.896,76.994,-2.815,674.233,none,port,2.093
2026-05-21 10:33:10,Boat-3,Northern Reach Sailing,1,Upwind,23.844,17.031,15.128,44.417,219.283,15.468,0.233,20.062,81.792,102.91,687.141,none,starboard,2.227
2026-05-21 10:33:10,Boat-4,Blue Horizon GP,1,Upwind,24.548,17.967,14.398,42.952,220.519,15.514,2.564,17.837,80.588,156.489,689.625,none,starboard,2.169
2026-05-21 10:33:10,Boat-5,Straitline Performance,1,Upwind,25.412,18.338,14.855,43.812,219.255,15.437,4.049,15.372,68.992,51.942,690.09,none,starboard,2.226
2026-05-21 10:33:12,Boat-1,Apex Wave Racing,1,Upwind,24.734,15.71,15.038,-50.567,220.117,16.001,352.778,13.768,78.023,-20.544,702.625,none,port,2.192
2026-05-21 10:33:12,Boat-2,Harbor Velocity Team,1,Upwind,23.994,18.061,14.794,-41.172,219.111,15.811,355.064,20.045,76.293,-4.792,706.489,none,port,2.113
2026-05-21 10:33:12,Boat-3,Northern Reach Sailing,1,Upwind,23.429,17.282,14.474,42.471,221.599,16.356,0.124,20.895,80.905,102.982,707.698,none,starboard,2.094
2026-05-21 10:33:12,Boat-4,Blue Horizon GP,1,Upwind,25.447,18.82,15.254,42.305,220.319,16.281,3.111,20.492,77.061,157.488,714.292,none,starboard,2.058
2026-05-21 10:33:12,Boat-5,Straitline Performance,1,Upwind,24.649,17.392,15.052,45.122,221.507,15.851,5.205,16.26,65.286,53.537,711.421,none,starboard,2.198
2026-05-21 10:33:14,Boat-1,Apex Wave Racing,1,Upwind,25.721,18.468,14.968,-44.108,221.182,16.743,351.234,14.159,74.299,-23.109,723.825,none,port,2.016
2026-05-21 10:33:14,Boat-2,Harbor Velocity Team,1,Upwind,24.302,15.223,14.642,-51.214,221.698,16.245,349.874,20.806,76.895,-6.821,720.617,none,port,2.156
2026-05-21 10:33:14,Boat-3,Northern Reach Sailing,1,Upwind,23.699,18.018,14.732,40.51,223.145,16.829,359.845,19.256,79.084,102.971,715.21,none,starboard,2.188
2026-05-21 10:33:14,Boat-4,Blue Horizon GP,1,Upwind,24.66,17.557,14.593,44.603,222.915,16.926,3.259,17.762,80.326,158.428,725.31,none,starboard,2.088
2026-05-21 10:33:14,Boat-5,Straitline Performance,1,Upwind,24.599,16.788,14.576,46.963,221.258,17.147,5.439,15.151,63.791,55.092,724.669,none,starboard,2.083
2026-05-21 10:33:16,Boat-1,Apex Wave Racing,1,Upwind,25.129,18.984,15.143,-40.935,221.354,16.435,351.552,16.205,76.522,-25.766,736.489,none,port,2.227
2026-05-21 10:33:16,Boat-2,Harbor Velocity Team,1,Upwind,24.362,15.136,15.123,-51.591,219.267,16.745,354.051,18.517,78.594,-8.9,729.493,none,port,2.121
2026-05-21 10:33:16,Boat-3,Northern Reach Sailing,1,Upwind,23.553,19.622,14.961,33.58,220.155,16.856,359.641,21.825,77.699,102.877,746.312,none,starboard,2.18
2026-05-21 10:33:16,Boat-4,Blue Horizon GP,1,Upwind,24.389,18.629,15.222,40.197,220.357,16.838,2.966,15.946,77.499,159.312,746.32,none,starboard,2.251
2026-05-21 10:33:16,Boat-5,Straitline Performance,1,Upwind,24.35,18.466,14.856,40.682,221.857,16.721,3.817,12.915,65.902,56.609,743.679,none,starboard,2.153
2026-05-21 10:33:18,Boat-1,Apex Wave Racing,1,Upwind,25.479,18.072,14.544,-44.822,221.864,16.216,351.824,16.994,74.077,-28.51,760.186,none,port,2.139
2026-05-21 10:33:18,Boat-2,Harbor Velocity Team,1,Upwind,24.05,17.453,14.541,-43.474,221.488,15.926,354.554,17.704,78.643,-11.027,760.983,none,port,2.122
2026-05-21 10:33:18,Boat-3,Northern Reach Sailing,1,Upwind,23.456,17.273,14.534,42.574,221.268,16.541,359.075,19.05,81.83,102.704,757.798,none,starboard,2.172
2026-05-21 10:33:18,Boat-4,Blue Horizon GP,1,Upwind,25.054,18.966,14.901,40.799,221.205,16.364,2.607,17.518,78.893,160.141,758.363,none,starboard,2.121
2026-05-21 10:33:18,Boat-5,Straitline Performance,1,Upwind,25.237,16.231,15.426,49.975,220.561,16.575,4.389,14.922,68.493,58.089,769.582,none,starboard,2.138
2026-05-21 10:33:20,Boat-1,Apex Wave Racing,1,Upwind,24.707,16.981,14.863,-46.583,222.413,15.947,346.379,14.108,81.044,-31.34,775.289,none,port,2.143
2026-05-21 10:33:20,Boat-2,Harbor Velocity Team,1,Upwind,24.098,17.579,14.999,-43.157,222.626,16.643,353.36,16.821,77.866,-13.2,774.587,none,port,2.195
2026-05-21 10:33:20,Boat-3,Northern Reach Sailing,1,Upwind,22.735,18.884,14.577,33.839,221.089,16.598,359.244,18.558,79.449,102.452,772.651,none,starboard,2.113
2026-05-21 10:33:20,Boat-4,Blue Horizon GP,1,Upwind,24.748,19.957,14.925,36.252,221.359,15.897,2.372,15.854,81.126,160.918,781.607,none,starboard,2.198
2026-05-21 10:33:20,Boat-5,Straitline Performance,1,Upwind,23.468,16.03,14.669,46.918,220.637,16.708,8.226,16.489,64.499,59.534,781.799,none,starboard,2.108
2026-05-21 10:33:22,Boat-1,Apex Wave Racing,1,Upwind,25.019,14.814,14.74,-53.694,222.011,16.728,351.219,15.593,74.175,-34.252,783.884,none,port,2.221
2026-05-21 10:33:22,Boat-2,Harbor Velocity Team,1,Upwind,23.358,16.034,14.541,-46.652,222.696,16.763,353.918,18.994,79.453,-15.415,798.673,none,port,2.246
2026-05-21 10:33:22,Boat-3,Northern Reach Sailing,1,Upwind,22.156,18.146,14.725,35.014,222.015,16.344,358.743,19.458,79.018,102.125,801.701,none,starboard,2.201
2026-05-21 10:33:22,Boat-4,Blue Horizon GP,1,Upwind,24.397,18.105,14.875,42.089,222.456,17.186,2.549,17.378,79.318,161.647,794.719,none,starboard,2.241
2026-05-21 10:33:22,Boat-5,Straitline Performance,1,Upwind,23.338,16.973,14.818,43.342,219.266,16.404,3.948,14.102,63.87,60.947,789.356,none,starboard,2.237
2026-05-21 10:33:24,Boat-1,Apex Wave Racing,1,Upwind,24.998,15.001,15.063,-53.124,219.941,16.78,351.458,15.98,75.192,-37.244,813.512,none,port,2.266
2026-05-21 10:33:24,Boat-2,Harbor Velocity Team,1,Upwind,22.259,15.824,14.589,-44.693,221.781,16.431,351.089,19.175,79.924,-17.67,816.538,none,port,2.221
2026-05-21 10:33:24,Boat-3,Northern Reach Sailing,1,Upwind,23.838,18.038,14.685,40.827,223.41,16.468,358.624,21.88,81.867,101.724,805.846,none,starboard,2.305
2026-05-21 10:33:24,Boat-4,Blue Horizon GP,1,Upwind,24.888,17.0,14.597,46.918,220.077,16.151,1.991,17.857,81.013,162.33,813.304,none,starboard,2.3
2026-05-21 10:33:24,Boat-5,Straitline Performance,1,Upwind,24.056,14.747,14.371,52.192,219.835,16.56,3.755,15.262,63.376,62.33,822.312,none,starboard,2.256
2026-05-21 10:33:26,Boat-1,Apex Wave Racing,1,Upwind,24.328,16.893,14.418,-46.023,220.041,15.272,345.928,17.259,75.178,-40.312,824.229,none,port,1.959
2026-05-21 10:33:26,Boat-2,Harbor Velocity Team,1,Upwind,20.703,15.004,13.619,-43.555,221.814,15.135,353.126,20.036,79.22,-19.962,827.675,none,port,1.988
2026-05-21 10:33:26,Boat-3,Northern Reach Sailing,1,Upwind,22.562,16.705,14.195,42.234,222.708,15.198,358.114,21.625,78.292,101.252,838.017,none,starboard,1.992
2026-05-21 10:33:26,Boat-4,Blue Horizon GP,1,Upwind,25.096,18.383,14.255,42.902,222.508,15.068,2.068,18.43,81.297,162.97,832.771,none,starboard,1.964
2026-05-21 10:33:26,Boat-5,Straitline Performance,1,Upwind,24.133,16.46,13.912,46.995,222.078,15.219,5.41,14.946,67.484,63.685,831.067,none,starboard,1.943
2026-05-21 10:33:28,Boat-1,Apex Wave Racing,1,Upwind,24.315,16.386,15.063,-47.632,221.094,16.594,352.08,15.289,74.614,-43.452,838.279,none,port,2.147
2026-05-21 10:33:28,Boat-2,Harbor Velocity Team,1,Upwind,20.087,14.182,14.755,-45.088,223.655,16.517,352.926,20.64,77.309,-22.289,854.85,none,port,2.15
2026-05-21 10:33:28,Boat-3,Northern Reach Sailing,1,Upwind,23.257,17.849,15.06,39.872,220.915,16.689,358.008,20.603,78.747,100.713,836.544,none,starboard,2.125
2026-05-21 10:33:28,Boat-4,Blue Horizon GP,1,Upwind,24.831,18.134,14.728,43.087,221.016,16.668,1.68,16.361,76.172,163.57,847.642,none,starboard,2.076
2026-05-21 10:33:28,Boat-5,Straitline Performance,1,Upwind,22.749,16.785,14.551,42.451,221.582,16.748,3.907,12.796,63.867,65.014,850.653,none,starboard,2.028
2026-05-21 10:33:30,Boat-1,Apex Wave Racing,1,Upwind,23.26,14.92,14.408,-50.099,220.746,15.375,352.965,15.755,79.524,-46.661,869.866,none,port,2.117
2026-05-21 10:33:30,Boat-2,Harbor Velocity Team,1,Upwind,18.751,16.319,14.999,-29.506,218.675,15.214,350.869,18.622,79.333,-24.646,865.422,none,port,2.244
2026-05-21 10:33:30,Boat-3,Northern Reach Sailing,1,Upwind,22.307,15.376,14.725,46.428,221.824,14.895,358.578,22.025,78.846,100.108,870.907,none,starboard,2.158
2026-05-21 10:33:30,Boat-4,Blue Horizon GP,1,Upwind,24.179,17.298,14.269,44.322,223.994,15.296,1.449,19.707,75.39,164.133,872.438,none,starboard,2.175
2026-05-21 10:33:30,Boat-5,Straitline Performance,1,Upwind,23.851,14.669,14.429,52.044,221.358,14.871,3.408,16.107,67.243,66.32,869.656,none,starboard,2.157
2026-05-21 10:33:32,Boat-1,Apex Wave Racing,1,Upwind,22.169,15.335,13.68,-46.234,220.11,15.317,350.552,17.796,81.444,-49.935,890.81,none,port,2.14
2026-05-21 10:33:32,Boat-2,Harbor Velocity Team,1,Upwind,17.988,17.384,14.335,-14.893,220.851,15.501,352.56,18.448,79.399,-27.032,884.365,none,port,2.103
2026-05-21 10:33:32,Boat-3,Northern Reach Sailing,1,Upwind,22.909,16.786,14.552,42.886,222.053,16.249,357.449,20.607,76.975,99.442,887.702,none,starboard,2.037
2026-05-21 10:33:32,Boat-4,Blue Horizon GP,1,Upwind,24.798,18.969,14.106,40.097,221.761,15.818,1.508,16.303,81.046,164.664,890.908,none,starboard,2.072
2026-05-21 10:33:32,Boat-5,Straitline Performance,1,Upwind,23.718,14.82,14.44,51.328,222.75,15.818,3.015,15.906,65.754,67.606,894.177,none,starboard,2.126
2026-05-21 10:33:34,Boat-1,Apex Wave Racing,1,Upwind,22.702,15.622,14.98,-46.518,220.921,17.079,349.843,16.256,76.947,-53.269,909.569,none,port,2.28
2026-05-21 10:33:34,Boat-2,Harbor Velocity Team,1,Upwind,19.253,19.246,15.583,-1.539,222.34,17.007,352.9,16.211,77.408,-29.443,902.156,tack,port,2.256
2026-05-21 10:33:34,Boat-3,Northern Reach Sailing,1,Upwind,21.478,16.323,15.355,40.538,221.385,17.04,357.816,20.957,79.87,98.718,902.104,none,starboard,2.253
2026-05-21 10:33:34,Boat-4,Blue Horizon GP,1,Upwind,25.212,18.292,15.099,43.488,220.055,16.797,1.473,18.336,81.273,165.165,911.615,none,starboard,2.166
2026-05-21 10:33:34,Boat-5,Straitline Performance,1,Upwind,24.355,17.561,15.557,43.858,219.977,16.952,4.743,12.461,65.169,68.873,918.124,none,starboard,2.278
2026-05-21 10:33:36,Boat-1,Apex Wave Racing,1,Upwind,21.878,18.555,15.815,-31.995,220.956,16.474,340.928,16.527,75.855,-56.659,928.34,none,port,2.361
2026-05-21 10:33:36,Boat-2,Harbor Velocity Team,1,Upwind,18.44,17.877,16.047,14.203,221.107,16.047,349.565,18.374,76.139,-33.001,932.287,none,starboard,2.441
2026-05-21 10:33:36,Boat-3,Northern Reach Sailing,1,Upwind,22.417,15.59,15.61,45.935,220.273,16.398,357.709,22.618,78.076,97.94,927.097,none,starboard,2.435
2026-05-21 10:33:36,Boat-4,Blue Horizon GP,1,Upwind,25.683,17.73,15.328,46.342,221.261,16.462,1.174,18.398,79.719,165.639,928.847,none,starboard,2.456
2026-05-21 10:33:36,Boat-5,Straitline Performance,1,Upwind,24.068,16.782,15.208,45.791,222.27,16.244,3.867,13.279,64.729,70.125,924.541,none,starboard,2.315
2026-05-21 10:33:38,Boat-1,Apex Wave Racing,1,Upwind,20.339,19.552,15.25,-15.992,220.851,16.826,343.554,13.289,74.369,-60.1,929.329,none,port,2.333
2026-05-21 10:33:38,Boat-2,Harbor Velocity Team,1,Upwind,19.076,16.909,15.451,27.572,222.954,16.089,349.498,18.157,75.122,-36.577,940.893,none,starboard,2.328
2026-05-21 10:33:38,Boat-3,Northern Reach Sailing,1,Upwind,22.43,15.432,15.313,46.526,220.711,16.497,357.653,20.767,78.357,97.11,942.3,none,starboard,2.41
2026-05-21 10:33:38,Boat-4,Blue Horizon GP,1,Upwind,25.153,17.967,15.472,44.416,223.06,16.782,1.273,19.453,80.01,166.092,956.857,none,starboard,2.402
2026-05-21 10:33:38,Boat-5,Straitline Performance,1,Upwind,22.965,16.14,15.153,45.347,220.293,16.476,3.72,13.604,66.769,71.364,954.976,none,starboard,2.375
2026-05-21 10:33:40,Boat-1,Apex Wave Racing,1,Upwind,20.592,20.591,14.796,0.509,221.103,16.056,352.944,13.445,77.746,-63.589,951.817,tack,starboard,2.307
2026-05-21 10:33:40,Boat-2,Harbor Velocity Team,1,Upwind,19.325,14.143,14.793,42.958,221.407,15.905,352.036,20.018,78.362,-40.168,970.952,none,starboard,2.234
2026-05-21 10:33:40,Boat-3,Northern Reach Sailing,1,Upwind,22.521,16.457,14.874,43.052,222.713,16.051,357.519,19.969,78.064,96.234,968.727,none,starboard,2.294
2026-05-21 10:33:40,Boat-4,Blue Horizon GP,1,Upwind,23.526,16.155,14.806,46.632,221.54,15.941,2.267,19.265,80.832,166.525,968.713,none,starboard,2.394
2026-05-21 10:33:40,Boat-5,Straitline Performance,1,Upwind,23.263,17.657,15.255,40.622,223.076,15.524,4.042,14.944,65.152,72.593,962.497,none,starboard,2.291
2026-05-21 10:33:42,Boat-1,Apex Wave Racing,1,Upwind,20.346,19.474,15.798,16.831,222.743,15.802,347.085,13.174,77.716,-68.061,993.647,none,starboard,2.455
2026-05-21 10:33:42,Boat-2,Harbor Velocity Team,1,Upwind,21.234,15.11,15.231,44.635,221.592,16.035,341.996,19.711,78.581,-43.771,992.316,none,starboard,2.44
2026-05-21 10:33:42,Boat-3,Northern Reach Sailing,1,Upwind,22.976,17.905,15.862,38.802,222.823,16.296,356.719,20.866,78.411,95.314,983.753,none,starboard,2.506
2026-05-21 10:33:42,Boat-4,Blue Horizon GP,1,Upwind,24.056,16.229,15.631,47.576,221.381,16.078,1.443,20.351,81.038,166.944,978.381,none,starboard,2.471
2026-05-21 10:33:42,Boat-5,Straitline Performance,1,Upwind,23.46,15.719,15.814,47.929,222.046,15.814,3.748,14.029,66.509,73.814,989.647,none,starboard,2.471
2026-05-21 10:33:44,Boat-1,Apex Wave Racing,1,Upwind,20.449,16.96,15.255,33.964,221.644,15.595,341.74,14.907,76.908,-72.571,990.989,none,starboard,2.22
2026-05-21 10:33:44,Boat-2,Harbor Velocity Team,1,Upwind,21.946,15.233,14.939,46.043,221.123,16.126,299.226,19.19,75.811,-47.382,993.148,none,starboard,2.171
2026-05-21 10:33:44,Boat-3,Northern Reach Sailing,1,Upwind,21.554,16.621,14.356,39.545,221.196,15.566,356.818,21.195,77.757,94.356,1001.488,none,starboard,2.054
2026-05-21 10:33:44,Boat-4,Blue Horizon GP,1,Upwind,22.868,16.003,14.909,45.591,222.216,15.648,0.957,18.897,79.091,167.351,1001.491,none,starboard,2.151
2026-05-21 10:33:44,Boat-5,Straitline Performance,1,Upwind,23.971,15.522,15.253,49.646,222.486,15.932,5.853,15.319,67.116,75.03,999.708,none,starboard,2.068
2026-05-21 10:33:46,Boat-1,Apex Wave Racing,1,Upwind,22.051,14.79,15.031,47.879,224.101,15.504,347.009,17.579,78.139,-77.114,1021.083,none,starboard,2.254
2026-05-21 10:33:46,Boat-2,Harbor Velocity Team,1,Upwind,22.622,15.191,14.866,47.815,220.807,15.523,351.679,19.804,79.422,-50.998,996.36,none,starboard,2.225
2026-05-21 10:33:46,Boat-3,Northern Reach Sailing,1,Upwind,22.343,17.941,14.556,36.586,221.669,15.83,356.218,20.329,79.634,93.363,1018.85,none,starboard,2.158
2026-05-21 10:33:46,Boat-4,Blue Horizon GP,1,Upwind,21.3,16.063,14.952,41.05,221.002,16.322,1.679,18.755,81.45,167.751,1026.696,none,starboard,2.225
2026-05-21 10:33:46,Boat-5,Straitline Performance,1,Upwind,23.585,15.465,14.613,49.025,220.61,15.756,2.836,14.686,67.379,76.245,1013.36,none,starboard,2.264
2026-05-21 10:33:48,Boat-1,Apex Wave Racing,1,Upwind,21.354,13.817,14.517,49.679,221.569,16.237,344.599,16.473,78.123,-81.683,1030.486,none,starboard,2.16
2026-05-21 10:33:48,Boat-2,Harbor Velocity Team,1,Upwind,22.725,16.916,14.451,41.894,220.78,16.633,352.512,16.79,77.727,-54.616,1042.606,none,starboard,2.106
2026-05-21 10:33:48,Boat-3,Northern Reach Sailing,1,Upwind,22.569,16.976,14.686,41.221,222.699,16.263,356.386,21.593,78.968,92.34,1031.989,none,starboard,2.204
2026-05-21 10:33:48,Boat-4,Blue Horizon GP,1,Upwind,20.844,15.978,14.594,39.956,221.15,16.228,1.103,19.905,79.417,168.147,1028.644,none,starboard,2.101
2026-05-21 10:33:48,Boat-5,Straitline Performance,1,Upwind,23.125,15.782,14.887,46.965,223.782,15.739,3.835,14.775,67.967,77.46,1048.749,none,starboard,2.186
2026-05-21 10:33:50,Boat-1,Apex Wave Racing,1,Upwind,23.313,18.578,15.098,37.162,221.275,16.005,346.162,14.878,77.877,-86.275,1054.339,none,starboard,2.375
2026-05-21 10:33:50,Boat-2,Harbor Velocity Team,1,Upwind,23.58,15.841,15.377,47.793,221.892,15.846,342.979,17.659,79.831,-58.231,1051.388,none,starboard,2.148
2026-05-21 10:33:50,Boat-3,Northern Reach Sailing,1,Upwind,23.107,18.234,15.064,37.896,219.719,15.092,357.111,20.122,79.371,91.29,1051.669,none,starboard,2.25
2026-05-21 10:33:50,Boat-4,Blue Horizon GP,1,Upwind,20.841,18.495,15.479,27.444,220.555,15.861,1.195,19.857,80.771,168.544,1067.881,none,starboard,2.246
2026-05-21 10:33:50,Boat-5,Straitline Performance,1,Upwind,23.577,15.166,15.594,49.966,223.792,16.211,7.352,15.44,66.765,78.678,1049.666,none,starboard,2.227
2026-05-21 10:33:52,Boat-1,Apex Wave Racing,1,Upwind,23.229,16.365,15.088,45.212,221.526,16.312,347.116,14.839,76.624,-90.884,1067.836,none,starboard,2.181
2026-05-21 10:33:52,Boat-2,Harbor Velocity Team,1,Upwind,23.78,16.225,15.288,46.978,220.67,16.793,348.439,18.329,78.114,-61.84,1066.206,none,starboard,2.152
2026-05-21 10:33:52,Boat-3,Northern Reach Sailing,1,Upwind,22.191,16.931,14.672,40.275,221.031,16.782,356.738,20.641,83.232,90.219,1074.006,none,starboard,2.14
2026-05-21 10:33:52,Boat-4,Blue Horizon GP,1,Upwind,19.606,18.982,14.688,14.49,223.423,16.536,1.588,18.858,80.735,168.944,1066.846,none,starboard,2.127
2026-05-21 10:33:52,Boat-5,Straitline Performance,1,Upwind,22.713,16.582,14.607,43.11,221.995,16.409,4.353,14.67,64.554,79.903,1067.685,none,starboard,2.175
2026-05-21 10:33:54,Boat-1,Apex Wave Racing,1,Upwind,23.519,16.574,14.972,45.193,221.951,14.972,347.687,15.19,75.158,-95.504,1094.687,none,starboard,2.011
2026-05-21 10:33:54,Boat-2,Harbor Velocity Team,1,Upwind,23.078,14.44,14.161,51.266,222.718,15.282,349.845,17.469,75.483,-65.441,1086.635,none,starboard,2.049
2026-05-21 10:33:54,Boat-3,Northern Reach Sailing,1,Upwind,21.499,15.921,14.309,42.221,223.889,15.431,357.089,21.044,78.912,89.132,1089.543,none,starboard,1.984
2026-05-21 10:33:54,Boat-4,Blue Horizon GP,1,Upwind,18.36,18.347,14.986,2.142,220.324,14.986,1.96,17.455,79.036,169.353,1097.058,tack,starboard,1.934
2026-05-21 10:33:54,Boat-5,Straitline Performance,1,Upwind,24.115,14.561,14.843,52.857,222.962,15.496,2.814,15.164,67.169,81.137,1081.964,none,starboard,2.026
2026-05-21 10:33:56,Boat-1,Apex Wave Racing,1,Upwind,24.002,17.056,15.134,44.717,221.977,15.8,342.806,15.566,78.116,-100.13,1110.201,none,starboard,2.249
2026-05-21 10:33:56,Boat-2,Harbor Velocity Team,1,Upwind,23.029,15.299,14.824,48.369,222.217,16.318,351.879,18.26,78.165,-69.029,1106.34,none,starboard,2.152
2026-05-21 10:33:56,Boat-3,Northern Reach Sailing,1,Upwind,21.174,17.384,14.797,34.814,221.827,16.191,356.747,20.364,80.278,88.032,1117.024,none,starboard,2.173
2026-05-21 10:33:56,Boat-4,Blue Horizon GP,1,Upwind,19.072,18.738,15.268,-10.749,221.685,16.275,3.968,17.967,79.219,170.397,1109.29,none,port,2.197
2026-05-21 10:33:56,Boat-5,Straitline Performance,1,Upwind,23.386,16.735,15.085,44.309,221.166,16.142,2.548,14.84,67.538,82.382,1118.115,none,starboard,2.162
2026-05-21 10:33:58,Boat-1,Apex Wave Racing,1,Upwind,24.16,18.438,15.217,40.255,223.773,15.885,342.115,15.831,76.979,-104.758,1124.593,none,starboard,2.096
2026-05-21 10:33:58,Boat-2,Harbor Velocity Team,1,Upwind,23.469,16.793,14.92,44.311,222.698,16.165,350.141,17.962,78.536,-72.601,1136.811,none,starboard,2.134
2026-05-21 10:33:58,Boat-3,Northern Reach Sailing,1,Upwind,22.643,18.038,15.259,37.19,220.246,16.233,356.012,21.88,80.541,86.924,1128.385,none,starboard,2.16
2026-05-21 10:33:58,Boat-4,Blue Horizon GP,1,Upwind,19.82,17.57,15.031,-27.568,222.016,15.944,4.395,18.802,84.088,171.456,1127.375,none,port,2.211
2026-05-21 10:33:58,Boat-5,Straitline Performance,1,Upwind,23.296,16.566,14.954,44.676,220.093,16.645,4.72,14.789,66.114,83.642,1138.255,none,starboard,2.122
2026-05-21 10:34:00,Boat-1,Apex Wave Racing,1,Upwind,23.698,17.094,16.003,43.835,220.608,17.331,347.593,12.479,78.566,-109.381,1138.867,none,starboard,2.341
2026-05-21 10:34:00,Boat-2,Harbor Velocity Team,1,Upwind,22.81,16.142,15.86,44.956,220.296,17.872,349.128,19.695,76.606,-76.154,1147.338,none,starboard,2.344
2026-05-21 10:34:00,Boat-3,Northern Reach Sailing,1,Upwind,22.253,17.124,16.013,39.688,221.666,17.641,355.211,20.836,79.325,85.813,1148.85,none,starboard,2.373
2026-05-21 10:34:00,Boat-4,Blue Horizon GP,1,Upwind,19.873,14.874,16.006,-41.544,221.522,17.925,2.856,20.03,78.701,172.534,1137.098,none,port,2.302
2026-05-21 10:34:00,Boat-5,Straitline Performance,1,Upwind,23.513,16.638,15.737,44.959,222.413,17.901,7.491,14.445,66.09,84.918,1148.83,none,starboard,2.372
2026-05-21 10:34:02,Boat-1,Apex Wave Racing,1,Upwind,24.159,14.958,15.119,51.747,222.582,16.466,345.583,14.892,78.258,-113.995,1166.58,none,starboard,2.202
2026-05-21 10:34:02,Boat-2,Harbor Velocity Team,1,Upwind,22.797,16.389,15.697,44.035,219.767,17.114,349.855,18.454,75.06,-79.684,1173.691,none,starboard,2.192
2026-05-21 10:34:02,Boat-3,Northern Reach Sailing,1,Upwind,21.789,16.397,15.821,41.187,222.76,16.581,356.907,20.283,79.869,84.704,1154.887,none,starboard,2.228
2026-05-21 10:34:02,Boat-4,Blue Horizon GP,1,Upwind,20.63,14.976,15.331,-43.453,220.258,16.487,3.44,21.447,80.511,173.635,1171.058,none,port,2.166
2026-05-21 10:34:02,Boat-5,Straitline Performance,1,Upwind,22.912,16.281,15.522,44.718,220.626,16.459,4.356,14.313,70.825,86.214,1157.819,none,starboard,2.328
2026-05-21 10:34:04,Boat-1,Apex Wave Racing,1,Upwind,23.874,17.793,15.308,41.819,221.979,16.056,346.454,15.083,74.522,-118.594,1174.704,none,starboard,2.171
2026-05-21 10:34:04,Boat-2,Harbor Velocity Team,1,Upwind,23.067,16.539,15.794,44.196,221.746,15.794,344.875,19.353,77.697,-83.189,1186.653,none,starboard,2.151
2026-05-21 10:34:04,Boat-3,Northern Reach Sailing,1,Upwind,20.72,15.935,14.722,39.731,218.949,15.763,357.059,20.999,79.274,83.601,1189.796,none,starboard,2.08
2026-05-21 10:34:04,Boat-4,Blue Horizon GP,1,Upwind,22.253,16.618,15.19,-41.69,220.652,16.766,6.355,18.704,80.636,174.763,1174.175,none,port,2.168
2026-05-21 10:34:04,Boat-5,Straitline Performance,1,Upwind,21.854,15.12,15.408,46.221,223.192,16.619,3.647,16.92,64.516,87.532,1183.146,none,starboard,2.078
2026-05-21 10:34:06,Boat-1,Apex Wave Racing,1,Upwind,23.148,15.616,15.145,47.575,220.146,16.819,351.86,15.283,74.475,-123.172,1204.673,none,starboard,2.258
2026-05-21 10:34:06,Boat-2,Harbor Velocity Team,1,Upwind,22.067,17.119,15.102,39.124,225.062,16.257,347.331,18.22,75.721,-86.665,1199.516,none,starboard,2.289
2026-05-21 10:34:06,Boat-3,Northern Reach Sailing,1,Upwind,21.001,15.977,14.877,40.468,222.068,17.12,354.63,21.541,79.608,82.509,1197.612,none,starboard,2.28
2026-05-21 10:34:06,Boat-4,Blue Horizon GP,1,Upwind,22.848,16.857,15.083,-42.456,222.448,17.063,2.486,18.39,79.377,175.921,1191.581,none,port,2.246
2026-05-21 10:34:06,Boat-5,Straitline Performance,1,Upwind,20.971,14.543,15.495,46.093,223.026,17.302,5.198,14.84,67.731,88.875,1199.562,none,starboard,2.349
2026-05-21 10:34:08,Boat-1,Apex Wave Racing,1,Upwind,23.441,16.255,14.534,46.096,222.707,15.109,348.197,15.666,75.537,-127.726,1238.553,none,starboard,2.255
2026-05-21 10:34:08,Boat-2,Harbor Velocity Team,1,Upwind,23.183,15.367,15.059,48.482,223.252,15.44,350.96,18.131,79.321,-90.108,1217.436,none,starboard,2.27
2026-05-21 10:34:08,Boat-3,Northern Reach Sailing,1,Upwind,21.621,16.795,14.804,39.03,221.45,15.674,357.676,21.197,78.259,81.432,1212.869,none,starboard,2.221
2026-05-21 10:34:08,Boat-4,Blue Horizon GP,1,Upwind,22.406,15.184,15.404,-47.337,221.001,15.438,2.325,18.529,80.545,177.112,1228.286,none,port,2.272
2026-05-21 10:34:08,Boat-5,Straitline Performance,1,Upwind,20.469,13.885,14.786,47.285,222.118,14.931,4.437,17.069,68.775,90.244,1212.955,none,starboard,2.238
2026-05-21 10:34:10,Boat-1,Apex Wave Racing,1,Upwind,24.103,15.276,14.56,50.672,223.225,16.334,339.117,15.896,75.03,-132.249,1248.107,none,starboard,2.321
2026-05-21 10:34:10,Boat-2,Harbor Velocity Team,1,Upwind,22.348,13.956,15.239,51.358,221.22,16.309,351.516,19.031,76.751,-93.517,1242.587,none,starboard,2.218
2026-05-21 10:34:10,Boat-3,Northern Reach Sailing,1,Upwind,21.537,17.295,15.414,36.578,220.024,16.719,357.567,20.959,78.516,80.375,1250.179,none,starboard,2.217
2026-05-21 10:34:10,Boat-4,Blue Horizon GP,1,Upwind,23.536,16.465,14.915,-45.608,219.551,16.509,5.893,19.112,79.819,178.34,1251.183,none,port,2.316
2026-05-21 10:34:10,Boat-5,Straitline Performance,1,Upwind,18.809,12.675,14.93,47.631,222.028,16.56,3.391,15.405,66.672,91.642,1235.233,none,starboard,2.265
2026-05-21 10:34:12,Boat-1,Apex Wave Racing,1,Upwind,24.178,17.182,14.545,44.714,221.017,17.516,341.642,14.847,78.107,-136.736,1262.171,none,starboard,2.374
2026-05-21 10:34:12,Boat-2,Harbor Velocity Team,1,Upwind,22.377,14.538,14.629,49.481,222.426,17.372,350.494,19.476,80.283,-96.888,1262.886,none,starboard,2.248
2026-05-21 10:34:12,Boat-3,Northern Reach Sailing,1,Upwind,20.209,15.573,14.904,39.596,222.05,16.981,356.393,19.013,79.328,79.343,1262.026,none,starboard,2.394
2026-05-21 10:34:12,Boat-4,Blue Horizon GP,1,Upwind,23.921,16.865,14.787,-45.166,222.385,17.421,4.687,16.506,77.722,179.609,1252.472,none,port,2.354
2026-05-21 10:34:12,Boat-5,Straitline Performance,1,Upwind,17.383,14.611,14.823,32.808,223.048,17.456,4.574,16.051,67.169,93.072,1260.683,none,starboard,2.392
2026-05-21 10:34:14,Boat-1,Apex Wave Racing,1,Upwind,23.857,15.777,15.273,48.6,221.952,16.123,334.285,14.936,77.53,-141.183,1275.031,none,starboard,2.245
2026-05-21 10:34:14,Boat-2,Harbor Velocity Team,1,Upwind,22.561,14.998,15.105,48.336,222.762,16.519,347.316,19.849,73.812,-100.219,1282.608,none,starboard,2.266
2026-05-21 10:34:14,Boat-3,Northern Reach Sailing,1,Upwind,21.228,16.104,15.161,40.657,221.812,16.755,356.798,18.164,76.025,78.34,1282.47,none,starboard,2.362
2026-05-21 10:34:14,Boat-4,Blue Horizon GP,1,Upwind,23.459,16.629,15.31,-44.859,221.002,16.112,3.236,18.438,80.173,180.92,1282.652,none,port,2.222
2026-05-21 10:34:14,Boat-5,Straitline Performance,1,Upwind,18.038,17.403,15.534,15.245,222.264,16.45,4.773,15.861,67.036,94.535,1271.394,none,starboard,2.354
2026-05-21 10:34:16,Boat-1,Apex Wave Racing,1,Upwind,22.856,15.843,14.976,46.119,219.936,16.223,342.821,15.019,78.756,-145.586,1280.546,none,starboard,2.194
2026-05-21 10:34:16,Boat-2,Harbor Velocity Team,1,Upwind,22.568,14.738,14.843,49.229,220.329,16.459,348.191,18.594,77.613,-103.506,1292.287,none,starboard,2.202
2026-05-21 10:34:16,Boat-3,Northern Reach Sailing,1,Upwind,19.817,15.106,15.005,40.336,221.807,15.834,356.308,22.014,81.967,77.369,1297.299,none,starboard,2.324
2026-05-21 10:34:16,Boat-4,Blue Horizon GP,1,Upwind,23.532,18.158,15.209,-39.5,222.528,16.788,5.389,19.011,78.31,182.278,1299.693,none,port,2.291
2026-05-21 10:34:16,Boat-5,Straitline Performance,1,Upwind,16.082,16.06,14.265,-2.984,221.389,15.558,9.097,12.847,67.586,96.034,1296.16,tack,port,2.248
2026-05-21 10:34:18,Boat-1,Apex Wave Racing,1,Upwind,23.544,15.94,14.831,47.388,220.337,16.694,351.732,16.515,77.54,-149.938,1303.349,none,starboard,2.123
2026-05-21 10:34:18,Boat-2,Harbor Velocity Team,1,Upwind,22.177,15.487,14.13,45.705,223.229,16.013,351.469,16.797,79.706,-106.747,1313.831,none,starboard,2.158
2026-05-21 10:34:18,Boat-3,Northern Reach Sailing,1,Upwind,20.56,15.344,14.771,41.73,221.339,16.126,356.722,21.465,83.176,76.437,1311.953,none,starboard,2.099
2026-05-21 10:34:18,Boat-4,Blue Horizon GP,1,Upwind,23.565,16.864,14.58,-44.303,221.5,16.532,4.024,17.983,82.097,183.686,1311.964,none,port,2.104
2026-05-21 10:34:18,Boat-5,Straitline Performance,1,Upwind,16.001,15.447,14.632,-15.111,220.056,16.298,7.633,13.399,69.112,99.143,1300.171,none,port,2.125
2026-05-21 10:34:20,Boat-1,Apex Wave Racing,1,Upwind,23.92,18.297,15.903,40.097,222.788,17.083,348.155,14.051,77.381,-154.236,1340.072,none,starboard,2.227
2026-05-21 10:34:20,Boat-2,Harbor Velocity Team,1,Upwind,22.579,16.811,15.447,41.88,221.451,17.205,349.152,16.421,75.96,-109.939,1335.181,none,starboard,2.283
2026-05-21 10:34:20,Boat-3,Northern Reach Sailing,1,Upwind,19.36,14.218,15.135,42.743,220.512,17.246,357.693,21.339,80.012,75.546,1329.135,none,starboard,2.175
2026-05-21 10:34:20,Boat-4,Blue Horizon GP,1,Upwind,23.69,16.178,15.604,-46.929,221.361,16.997,4.66,18.904,80.02,185.145,1340.443,none,port,2.19
2026-05-21 10:34:20,Boat-5,Straitline Performance,1,Upwind,17.998,15.486,15.034,-30.632,222.69,17.034,7.733,14.638,67.15,102.291,1342.847,none,port,2.142
2026-05-21 10:34:22,Boat-1,Apex Wave Racing,1,Upwind,23.617,18.116,15.07,39.909,221.205,15.515,339.984,14.705,78.941,-158.475,1344.052,none,starboard,2.332
2026-05-21 10:34:22,Boat-2,Harbor Velocity Team,1,Upwind,22.52,17.013,15.342,40.933,221.619,15.342,345.972,17.737,77.188,-113.082,1346.892,none,starboard,2.511
2026-05-21 10:34:22,Boat-3,Northern Reach Sailing,1,Upwind,18.188,13.169,15.516,43.61,220.118,15.886,357.995,22.448,81.121,74.701,1355.034,none,starboard,2.408
2026-05-21 10:34:22,Boat-4,Blue Horizon GP,1,Upwind,22.547,16.612,15.142,-42.543,221.776,15.359,5.638,20.475,78.031,186.658,1348.434,none,port,2.411
2026-05-21 10:34:22,Boat-5,Straitline Performance,1,Upwind,18.133,12.304,15.045,-47.272,222.121,16.146,11.589,16.042,72.558,105.481,1346.84,none,port,2.385
2026-05-21 10:34:24,Boat-1,Apex Wave Racing,1,Upwind,23.497,16.235,14.632,46.297,220.538,15.362,348.669,15.462,77.635,-162.651,1363.172,none,starboard,2.031
2026-05-21 10:34:24,Boat-2,Harbor Velocity Team,1,Upwind,22.214,15.885,14.956,44.35,221.784,15.129,349.795,15.998,76.715,-116.171,1360.123,none,starboard,2.0
2026-05-21 10:34:24,Boat-3,Northern Reach Sailing,1,Upwind,17.581,12.593,14.592,44.251,220.998,15.517,357.165,24.093,81.924,73.906,1375.995,none,starboard,2.067
2026-05-21 10:34:24,Boat-4,Blue Horizon GP,1,Upwind,22.586,15.51,14.101,-46.63,220.506,15.309,6.225,19.024,79.646,188.229,1371.69,none,port,2.065
2026-05-21 10:34:24,Boat-5,Straitline Performance,1,Upwind,19.628,13.163,14.885,-47.884,224.789,14.987,9.012,16.072,66.242,108.713,1374.159,none,port,1.979
2026-05-21 10:34:26,Boat-1,Apex Wave Racing,1,Upwind,23.427,16.203,15.31,46.239,222.115,16.558,346.69,16.835,77.054,-166.759,1385.395,none,starboard,2.176
2026-05-21 10:34:26,Boat-2,Harbor Velocity Team,1,Upwind,22.1,17.188,15.235,38.948,223.122,16.086,352.082,19.699,76.28,-119.206,1380.911,none,starboard,2.196
2026-05-21 10:34:26,Boat-3,Northern Reach Sailing,1,Upwind,16.386,14.501,14.934,27.757,222.808,16.578,358.123,22.596,78.104,73.163,1386.077,none,starboard,2.147
2026-05-21 10:34:26,Boat-4,Blue Horizon GP,1,Upwind,22.986,16.196,15.047,-45.203,220.955,16.713,7.606,16.339,77.634,189.859,1377.778,none,port,2.152
2026-05-21 10:34:26,Boat-5,Straitline Performance,1,Upwind,21.21,15.276,15.101,-43.928,221.757,16.526,11.078,15.069,69.175,111.989,1387.875,none,port,2.142
2026-05-21 10:34:28,Boat-1,Apex Wave Racing,1,Upwind,23.225,15.636,15.454,47.682,221.258,16.876,344.848,15.089,79.476,-170.797,1397.608,none,starboard,2.376
2026-05-21 10:34:28,Boat-2,Harbor Velocity Team,1,Upwind,22.946,15.594,15.325,47.19,221.002,16.65,352.885,19.16,77.871,-122.184,1403.355,none,starboard,2.381
2026-05-21 10:34:28,Boat-3,Northern Reach Sailing,1,Upwind,16.319,15.55,15.782,17.654,222.089,16.285,357.921,21.578,82.218,72.478,1419.55,none,starboard,2.403
2026-05-21 10:34:28,Boat-4,Blue Horizon GP,1,Upwind,22.904,15.872,15.847,-46.135,221.547,16.69,3.657,17.243,79.765,191.551,1396.565,none,port,2.256
2026-05-21 10:34:28,Boat-5,Straitline Performance,1,Upwind,20.421,13.935,15.055,-46.971,222.165,16.369,13.565,14.679,67.586,115.311,1407.86,none,port,2.366
2026-05-21 10:34:30,Boat-1,Apex Wave Racing,1,Upwind,23.0,16.875,15.68,42.8,221.355,17.823,349.899,15.958,77.189,-174.761,1414.942,none,starboard,2.386
2026-05-21 10:34:30,Boat-2,Harbor Velocity Team,1,Upwind,21.524,13.428,15.608,51.401,219.995,17.254,353.058,18.265,75.296,-125.104,1428.165,none,starboard,2.379
2026-05-21 10:34:30,Boat-3,Northern Reach Sailing,1,Upwind,15.405,15.402,15.566,-1.062,221.796,17.419,358.633,18.49,79.94,71.854,1422.148,tack,port,2.239
2026-05-21 10:34:30,Boat-4,Blue Horizon GP,1,Upwind,23.875,17.297,15.67,-43.572,220.614,17.702,4.147,18.197,78.916,193.306,1431.713,none,port,2.378
2026-05-21 10:34:30,Boat-5,Straitline Performance,1,Upwind,21.64,14.935,15.633,-46.356,222.231,17.792,13.243,16.829,66.818,118.68,1415.606,none,port,2.351
2026-05-21 10:34:32,Boat-1,Apex Wave Racing,1,Upwind,22.279,15.041,15.273,47.535,222.781,16.697,348.936,16.61,76.415,-178.646,1441.663,none,starboard,2.29
2026-05-21 10:34:32,Boat-2,Harbor Velocity Team,1,Upwind,22.266,16.406,15.15,42.538,222.323,16.685,346.088,17.082,77.241,-127.964,1450.83,none,starboard,2.258
2026-05-21 10:34:32,Boat-3,Northern Reach Sailing,1,Upwind,15.673,15.236,15.73,-13.563,220.824,16.593,1.545,19.532,84.527,72.175,1432.259,none,port,2.261
2026-05-21 10:34:32,Boat-4,Blue Horizon GP,1,Upwind,23.404,16.161,15.539,-46.33,222.753,16.499,7.598,17.865,77.875,195.127,1445.875,none,port,2.31
2026-05-21 10:34:32,Boat-5,Straitline Performance,1,Upwind,22.746,12.872,16.182,-55.536,222.683,16.817,9.827,15.301,69.146,122.097,1436.693,none,port,2.362
2026-05-21 10:34:34,Boat-1,Apex Wave Racing,1,Upwind,23.382,15.694,15.692,47.84,220.672,15.783,346.826,15.339,75.571,-182.45,1454.263,none,starboard,2.28
2026-05-21 10:34:34,Boat-2,Harbor Velocity Team,1,Upwind,22.099,13.581,15.037,52.081,219.702,15.908,347.002,19.983,78.29,-130.763,1451.012,none,starboard,2.314
2026-05-21 10:34:34,Boat-3,Northern Reach Sailing,1,Upwind,16.008,13.792,15.308,-30.506,221.539,16.306,1.388,19.016,80.092,72.563,1448.454,none,port,2.29
2026-05-21 10:34:34,Boat-4,Blue Horizon GP,1,Upwind,22.504,17.594,15.353,-38.571,221.612,15.792,4.727,18.151,77.825,197.014,1459.507,none,port,2.135
2026-05-21 10:34:34,Boat-5,Straitline Performance,1,Upwind,22.203,16.289,14.888,-42.808,220.886,15.402,9.334,13.803,63.693,125.563,1455.339,none,port,2.353
2026-05-21 10:34:36,Boat-1,Apex Wave Racing,1,Upwind,23.091,16.827,14.871,43.221,221.028,15.74,348.979,14.822,78.067,-186.169,1473.804,none,starboard,2.311
2026-05-21 10:34:36,Boat-2,Harbor Velocity Team,1,Upwind,22.533,14.929,15.2,48.505,221.692,15.712,352.985,17.555,77.071,-133.5,1474.81,none,starboard,2.307
2026-05-21 10:34:36,Boat-3,Northern Reach Sailing,1,Upwind,17.147,12.678,15.264,-42.323,222.835,15.871,1.228,22.645,81.731,73.022,1467.177,none,port,2.265
2026-05-21 10:34:36,Boat-4,Blue Horizon GP,1,Upwind,22.791,16.528,15.047,-43.514,220.429,15.585,4.441,18.149,83.346,198.969,1492.347,none,port,2.333
2026-05-21 10:34:36,Boat-5,Straitline Performance,1,Upwind,21.927,17.266,15.174,-38.055,221.939,15.723,7.842,14.843,67.159,129.079,1479.169,none,port,2.301
2026-05-21 10:34:38,Boat-1,Apex Wave Racing,1,Upwind,23.388,15.581,15.476,48.226,222.132,15.575,351.1,15.104,79.066,-189.801,1492.011,none,starboard,2.095
2026-05-21 10:34:38,Boat-2,Harbor Velocity Team,1,Upwind,21.59,15.452,14.907,44.297,223.268,14.907,353.549,17.314,75.693,-136.173,1494.974,none,starboard,2.135
2026-05-21 10:34:38,Boat-3,Northern Reach Sailing,1,Upwind,18.716,12.749,15.024,-47.067,222.518,15.602,1.38,23.139,79.613,73.552,1494.582,none,port,2.117
2026-05-21 10:34:38,Boat-4,Blue Horizon GP,1,Upwind,23.379,16.312,15.124,-45.757,221.348,15.262,8.776,19.789,79.373,200.994,1510.76,none,port,2.216
2026-05-21 10:34:38,Boat-5,Straitline Performance,1,Upwind,23.161,16.447,15.361,-44.753,222.873,15.361,10.224,15.381,65.238,132.645,1506.762,none,port,2.095
2026-05-21 10:34:40,Boat-1,Apex Wave Racing,1,Upwind,22.499,15.466,15.471,46.575,223.003,16.486,350.278,15.045,76.876,-193.344,1519.623,none,starboard,2.181
2026-05-21 10:34:40,Boat-2,Harbor Velocity Team,1,Upwind,22.214,15.333,15.71,46.352,222.574,16.449,351.805,17.731,79.265,-138.782,1521.529,none,starboard,2.117
2026-05-21 10:34:40,Boat-3,Northern Reach Sailing,1,Upwind,18.63,13.804,15.258,-42.188,221.412,16.579,1.653,22.506,83.475,74.158,1514.342,none,port,2.224
2026-05-21 10:34:40,Boat-4,Blue Horizon GP,1,Upwind,22.504,16.083,15.076,-44.382,222.048,17.363,17.519,17.421,78.477,203.09,1519.041,none,port,2.138
2026-05-21 10:34:40,Boat-5,Straitline Performance,1,Upwind,22.03,16.577,15.467,-41.196,221.571,15.873,18.812,15.657,65.726,136.263,1518.999,none,port,2.252
2026-05-21 10:34:42,Boat-1,Apex Wave Racing,1,Upwind,23.467,14.555,15.758,51.668,223.27,16.71,348.016,16.563,79.228,-196.795,1532.829,none,starboard,2.387
2026-05-21 10:34:42,Boat-2,Harbor Velocity Team,1,Upwind,22.225,15.258,15.01,46.644,223.054,16.247,349.972,18.634,78.65,-141.326,1530.757,none,starboard,2.418
2026-05-21 10:34:42,Boat-3,Northern Reach Sailing,1,Upwind,19.914,14.116,15.582,-44.858,219.035,16.697,2.156,21.951,78.754,74.841,1539.232,none,port,2.462
2026-05-21 10:34:42,Boat-4,Blue Horizon GP,1,Upwind,23.245,15.847,15.476,-47.02,221.417,16.959,7.578,18.516,78.242,205.257,1524.264,none,port,2.382
2026-05-21 10:34:42,Boat-5,Straitline Performance,1,Upwind,22.361,15.96,15.983,-44.459,222.777,16.898,12.072,16.432,65.723,139.932,1528.151,none,port,2.449
2026-05-21 10:34:44,Boat-1,Apex Wave Racing,1,Upwind,24.12,17.314,15.816,44.126,221.049,16.877,351.207,15.336,73.665,-200.151,1551.691,none,starboard,2.42
2026-05-21 10:34:44,Boat-2,Harbor Velocity Team,1,Upwind,22.946,14.777,15.768,49.91,222.463,16.387,350.972,19.402,75.752,-143.805,1549.933,none,starboard,2.409
2026-05-21 10:34:44,Boat-3,Northern Reach Sailing,1,Upwind,19.755,15.7,15.918,-37.369,221.038,17.105,2.415,20.348,81.542,75.604,1552.741,none,port,2.357
2026-05-21 10:34:44,Boat-4,Blue Horizon GP,1,Upwind,23.541,17.249,15.86,-42.886,222.221,17.174,6.283,18.61,80.129,207.496,1552.16,none,port,2.413
2026-05-21 10:34:44,Boat-5,Straitline Performance,1,Upwind,22.84,16.819,15.664,-42.575,221.887,17.068,9.951,14.698,64.857,143.653,1553.553,none,port,2.444
2026-05-21 10:34:46,Boat-1,Apex Wave Racing,1,Upwind,23.194,17.756,15.765,40.045,222.886,17.878,350.21,15.014,76.912,-203.412,1575.607,none,starboard,2.226
2026-05-21 10:34:46,Boat-2,Harbor Velocity Team,1,Upwind,22.583,15.673,15.654,46.05,224.506,17.702,353.736,19.665,75.305,-146.218,1561.545,none,starboard,2.344
2026-05-21 10:34:46,Boat-3,Northern Reach Sailing,1,Upwind,19.485,14.652,15.901,-41.242,221.324,17.515,2.705,20.139,80.553,76.448,1577.332,none,port,2.252
2026-05-21 10:34:46,Boat-4,Blue Horizon GP,1,Upwind,23.324,17.442,15.432,-41.598,222.486,18.482,6.975,18.631,78.179,209.808,1565.6,none,port,2.403
2026-05-21 10:34:46,Boat-5,Straitline Performance,1,Upwind,22.627,16.311,16.134,-43.872,222.297,17.726,12.63,14.168,63.757,147.426,1570.864,none,port,2.356
2026-05-21 10:34:48,Boat-1,Apex Wave Racing,1,Upwind,22.993,16.52,15.205,44.07,220.951,17.002,348.585,13.975,76.854,-206.576,1588.922,none,starboard,2.131
2026-05-21 10:34:48,Boat-2,Harbor Velocity Team,1,Upwind,21.878,16.078,15.59,42.702,221.167,17.478,354.22,19.249,75.877,-148.565,1593.3,none,starboard,2.162
2026-05-21 10:34:48,Boat-3,Northern Reach Sailing,1,Upwind,20.612,15.73,15.61,-40.255,220.816,17.223,3.56,19.739,80.093,77.375,1590.23,none,port,2.103
2026-05-21 10:34:48,Boat-4,Blue Horizon GP,1,Upwind,22.711,17.898,15.006,-37.995,224.456,17.425,7.608,18.149,77.339,212.192,1590.543,none,port,2.207
2026-05-21 10:34:48,Boat-5,Straitline Performance,1,Upwind,22.653,16.474,15.653,-43.343,223.08,17.177,11.627,12.511,67.155,151.251,1587.46,none,port,2.178
2026-05-21 10:34:50,Boat-1,Apex Wave Racing,1,Upwind,23.116,17.279,15.0,41.626,223.839,16.482,351.685,13.938,75.655,-209.641,1606.456,none,starboard,2.137
2026-05-21 10:34:50,Boat-2,Harbor Velocity Team,1,Upwind,22.1,15.366,15.138,45.948,222.268,16.309,351.188,18.465,78.355,-150.847,1607.274,none,starboard,2.143
2026-05-21 10:34:50,Boat-3,Northern Reach Sailing,1,Upwind,20.567,15.166,14.816,-42.491,221.375,15.974,3.7,20.55,79.656,78.387,1608.498,none,port,2.057
2026-05-21 10:34:50,Boat-4,Blue Horizon GP,1,Upwind,23.141,17.061,14.879,-42.503,223.096,16.212,10.108,15.951,79.126,214.65,1601.849,none,port,2.09
2026-05-21 10:34:50,Boat-5,Straitline Performance,1,Upwind,21.453,13.78,14.962,-50.035,221.58,16.155,9.888,14.011,66.278,155.128,1608.295,none,port,2.084
2026-05-21 10:34:52,Boat-1,Apex Wave Racing,1,Upwind,24.006,15.673,15.382,49.242,220.654,15.742,352.383,17.658,81.001,-212.606,1630.184,none,starboard,2.248
2026-05-21 10:34:52,Boat-2,Harbor Velocity Team,1,Upwind,22.824,15.048,15.463,48.754,221.42,15.783,353.138,19.709,77.945,-153.063,1622.312,none,starboard,2.26
2026-05-21 10:34:52,Boat-3,Northern Reach Sailing,1,Upwind,20.531,14.086,15.469,-46.678,222.8,15.469,2.789,20.057,78.222,79.484,1622.848,none,port,2.189
2026-05-21 10:34:52,Boat-4,Blue Horizon GP,1,Upwind,22.4,15.809,15.304,-45.11,220.102,15.399,10.499,18.654,79.177,217.179,1618.517,none,port,2.279
2026-05-21 10:34:52,Boat-5,Straitline Performance,1,Upwind,22.416,15.374,14.931,-46.697,220.305,15.848,13.863,14.89,65.874,159.056,1632.237,none,port,2.201
2026-05-21 10:34:54,Boat-1,Apex Wave Racing,1,Upwind,22.59,15.786,15.302,45.67,223.43,16.742,350.217,15.051,76.824,-215.471,1650.056,none,starboard,2.39
2026-05-21 10:34:54,Boat-2,Harbor Velocity Team,1,Upwind,21.983,14.092,15.883,50.131,223.021,17.134,355.101,18.128,78.883,-155.214,1643.562,none,starboard,2.442
2026-05-21 10:34:54,Boat-3,Northern Reach Sailing,1,Upwind,19.806,14.676,15.067,-42.185,221.927,17.152,4.633,22.425,74.896,80.668,1655.336,none,port,2.354
2026-05-21 10:34:54,Boat-4,Blue Horizon GP,1,Upwind,23.806,16.562,15.501,-45.915,221.572,17.002,6.47,18.485,78.566,219.781,1629.54,none,port,2.518
2026-05-21 10:34:54,Boat-5,Straitline Performance,1,Upwind,22.001,14.022,15.248,-50.406,221.676,16.948,15.336,13.797,67.723,163.036,1640.339,none,port,2.4
2026-05-21 10:34:56,Boat-1,Apex Wave Racing,1,Upwind,23.173,15.031,15.328,49.562,221.339,17.327,350.62,14.765,76.247,-218.236,1662.836,none,starboard,2.22
2026-05-21 10:34:56,Boat-2,Harbor Velocity Team,1,Upwind,22.372,14.77,15.267,48.686,221.993,16.882,352.626,16.862,76.892,-157.301,1671.755,none,starboard,2.186
2026-05-21 10:34:56,Boat-3,Northern Reach Sailing,1,Upwind,20.701,16.253,15.329,-38.266,223.15,16.718,5.161,19.051,81.156,81.939,1653.145,none,port,2.258
2026-05-21 10:34:56,Boat-4,Blue Horizon GP,1,Upwind,22.684,17.682,15.22,-38.787,221.768,16.35,8.394,18.929,77.717,222.455,1665.036,none,port,2.165
2026-05-21 10:34:56,Boat-5,Straitline Performance,1,Upwind,21.464,14.641,14.773,-46.991,221.153,17.222,9.419,13.12,67.13,167.066,1661.444,none,port,2.186
2026-05-21 10:34:58,Boat-1,Apex Wave Racing,1,Upwind,22.669,15.402,15.082,47.202,224.276,17.375,350.871,16.782,76.948,-220.9,1682.917,none,starboard,2.191
2026-05-21 10:34:58,Boat-2,Harbor Velocity Team,1,Upwind,22.501,15.989,15.568,44.719,223.952,16.383,350.255,17.695,75.92,-159.324,1675.319,none,starboard,2.172
2026-05-21 10:34:58,Boat-3,Northern Reach Sailing,1,Upwind,20.648,16.449,15.166,-37.191,220.402,16.79,3.459,20.07,78.474,83.299,1684.462,none,port,2.229
2026-05-21 10:34:58,Boat-4,Blue Horizon GP,1,Upwind,23.051,15.637,15.085,-47.283,222.694,16.942,9.405,19.468,78.548,225.2,1666.262,none,port,2.244
2026-05-21 10:34:58,Boat-5,Straitline Performance,1,Upwind,22.058,14.202,15.383,-49.921,219.723,16.262,10.888,15.005,66.0,171.146,1689.228,none,port,2.259
2026-05-21 10:35:00,Boat-1,Apex Wave Racing,1,Upwind,23.051,16.609,16.107,43.902,222.672,17.672,350.607,15.369,73.653,-223.463,1695.368,none,starboard,2.29
2026-05-21 10:35:00,Boat-2,Harbor Velocity Team,1,Upwind,22.285,15.791,15.271,44.88,221.438,17.24,355.818,17.572,79.01,-161.284,1694.949,none,starboard,2.4
2026-05-21 10:35:00,Boat-3,Northern Reach Sailing,1,Upwind,20.297,13.896,15.894,-46.792,221.686,17.457,4.229,19.099,81.403,84.746,1699.569,none,port,2.373
2026-05-21 10:35:00,Boat-4,Blue Horizon GP,1,Upwind,22.426,17.132,15.433,-40.189,220.995,16.992,5.618,18.418,78.466,228.014,1698.599,none,port,2.397
2026-05-21 10:35:00,Boat-5,Straitline Performance,1,Upwind,22.114,15.401,15.651,-45.86,221.905,17.422,12.007,15.391,71.68,175.275,1704.123,none,port,2.365
2026-05-21 10:35:02,Boat-1,Apex Wave Racing,1,Upwind,23.098,16.012,15.251,46.114,220.906,16.361,354.237,15.842,75.637,-225.927,1713.303,none,starboard,2.052
2026-05-21 10:35:02,Boat-2,Harbor Velocity Team,1,Upwind,23.669,15.636,15.003,48.656,223.571,15.537,355.077,18.049,76.467,-163.183,1728.093,none,starboard,2.029
2026-05-21 10:35:02,Boat-3,Northern Reach Sailing,1,Upwind,19.934,14.565,15.235,-43.056,219.89,15.879,4.739,21.033,79.913,86.281,1724.8,none,port,2.022
2026-05-21 10:35:02,Boat-4,Blue Horizon GP,1,Upwind,22.791,16.667,15.348,-43.004,221.439,16.204,9.692,18.716,78.217,230.898,1724.189,none,port,2.039
2026-05-21 10:35:02,Boat-5,Straitline Performance,1,Upwind,22.81,14.006,15.293,-52.119,222.242,15.941,10.871,14.869,68.17,179.452,1728.282,none,port,1.985
2026-05-21 10:35:04,Boat-1,Apex Wave Racing,1,Upwind,23.856,14.977,15.623,51.112,221.257,17.667,354.267,15.526,78.656,-228.29,1743.199,none,starboard,2.373
2026-05-21 10:35:04,Boat-2,Harbor Velocity Team,1,Upwind,22.375,13.369,15.424,53.309,222.484,17.388,353.723,18.094,77.788,-165.022,1738.346,none,starboard,2.268
2026-05-21 10:35:04,Boat-3,Northern Reach Sailing,1,Upwind,20.49,15.024,15.388,-42.839,221.362,17.393,6.029,20.716,81.379,87.904,1737.669,none,port,2.366
2026-05-21 10:35:04,Boat-4,Blue Horizon GP,1,Upwind,22.852,17.108,15.547,-41.527,220.462,17.628,13.678,19.637,79.752,233.849,1732.76,none,port,2.423
2026-05-21 10:35:04,Boat-5,Straitline Performance,1,Upwind,22.118,14.682,15.206,-48.411,222.954,17.942,24.663,15.716,70.583,183.676,1747.866,none,port,2.229
2026-05-21 10:35:06,Boat-1,Apex Wave Racing,1,Upwind,24.07,15.216,15.522,50.79,222.526,15.845,352.735,15.32,75.9,-230.556,1759.417,none,starboard,2.315
2026-05-21 10:35:06,Boat-2,Harbor Velocity Team,1,Upwind,22.754,16.194,15.195,44.628,221.631,16.37,354.901,17.897,74.801,-166.802,1760.991,none,starboard,2.18
2026-05-21 10:35:06,Boat-3,Northern Reach Sailing,1,Upwind,20.86,15.927,15.13,-40.226,220.517,16.375,5.681,20.153,80.663,89.614,1756.363,none,port,2.325
2026-05-21 10:35:06,Boat-4,Blue Horizon GP,1,Upwind,22.043,15.646,15.016,-44.781,221.005,16.381,8.348,19.695,82.986,236.865,1748.709,none,port,2.207
2026-05-21 10:35:06,Boat-5,Straitline Performance,1,Upwind,21.77,15.585,15.91,-44.284,220.414,16.067,16.519,15.105,65.827,187.945,1746.779,none,port,2.268
2026-05-21 10:35:08,Boat-1,Apex Wave Racing,1,Upwind,23.449,14.755,15.391,51.008,222.675,16.485,353.249,15.486,75.541,-232.724,1777.977,none,starboard,2.337
2026-05-21 10:35:08,Boat-2,Harbor Velocity Team,1,Upwind,22.301,14.638,15.47,48.976,222.114,17.003,353.959,19.326,76.509,-168.525,1777.602,none,starboard,2.313
2026-05-21 10:35:08,Boat-3,Northern Reach Sailing,1,Upwind,20.797,15.395,15.238,-42.245,222.927,16.887,4.508,19.738,75.126,91.411,1772.923,none,port,2.254
2026-05-21 10:35:08,Boat-4,Blue Horizon GP,1,Upwind,22.141,16.004,15.482,-43.715,220.896,17.026,9.121,18.735,81.536,239.946,1774.315,none,port,2.229
2026-05-21 10:35:08,Boat-5,Straitline Performance,1,Upwind,21.562,14.174,15.401,-48.9,221.615,16.795,11.414,16.007,66.88,192.259,1776.808,none,port,2.265
2026-05-21 10:35:10,Boat-1,Apex Wave Racing,1,Upwind,23.067,16.359,15.227,44.828,221.328,16.006,353.226,13.779,79.152,-234.797,1795.243,none,starboard,2.269
2026-05-21 10:35:10,Boat-2,Harbor Velocity Team,1,Upwind,22.967,16.593,15.583,43.74,221.693,16.849,354.093,20.003,79.21,-170.192,1793.03,none,starboard,2.338
2026-05-21 10:35:10,Boat-3,Northern Reach Sailing,1,Upwind,20.248,15.933,15.346,-38.104,221.857,15.943,5.657,20.342,80.377,93.293,1803.03,none,port,2.429
2026-05-21 10:35:10,Boat-4,Blue Horizon GP,1,Upwind,22.503,15.733,15.53,-45.641,221.062,16.345,9.301,20.759,82.58,243.089,1787.477,none,port,2.316
2026-05-21 10:35:10,Boat-5,Straitline Performance,1,Upwind,22.033,15.042,15.419,-46.947,222.647,15.511,18.238,16.875,64.353,196.615,1789.722,none,port,2.331
2026-05-21 10:35:12,Boat-1,Apex Wave Racing,1,Upwind,24.482,18.853,15.46,39.639,221.511,16.183,354.463,14.658,79.239,-236.776,1812.088,none,starboard,2.401
2026-05-21 10:35:12,Boat-2,Harbor Velocity Team,1,Upwind,23.233,15.392,15.84,48.509,221.853,15.957,355.778,16.944,76.315,-171.807,1809.327,none,starboard,2.306
2026-05-21 10:35:12,Boat-3,Northern Reach Sailing,1,Upwind,20.946,15.409,16.191,-42.638,222.578,16.69,5.593,20.158,78.874,95.26,1811.782,none,port,2.431
2026-05-21 10:35:12,Boat-4,Blue Horizon GP,1,Upwind,23.155,15.041,15.703,-49.489,220.156,16.723,10.308,18.293,78.34,246.293,1813.064,none,port,2.445
2026-05-21 10:35:12,Boat-5,Straitline Performance,1,Upwind,21.508,14.89,15.609,-46.189,220.83,16.19,14.164,17.255,65.925,201.013,1803.374,none,port,2.385
2026-05-21 10:35:14,Boat-1,Apex Wave Racing,1,Upwind,23.102,17.181,15.134,41.954,222.194,16.941,355.124,15.227,77.79,-238.663,1835.127,none,starboard,2.275
2026-05-21 10:35:14,Boat-2,Harbor Velocity Team,1,Upwind,22.425,14.631,15.067,49.274,221.133,17.178,356.297,17.442,78.802,-173.37,1836.073,none,starboard,2.243
2026-05-21 10:35:14,Boat-3,Northern Reach Sailing,1,Upwind,21.014,16.675,14.915,-37.484,220.888,16.84,6.139,20.153,81.248,97.309,1844.04,none,port,2.263
2026-05-21 10:35:14,Boat-4,Blue Horizon GP,1,Upwind,21.736,15.446,15.378,-44.717,222.44,17.207,10.661,17.354,82.103,249.554,1823.022,none,port,2.222
2026-05-21 10:35:14,Boat-5,Straitline Performance,1,Upwind,21.825,14.836,15.594,-47.174,221.95,17.292,11.64,15.452,65.492,205.45,1824.728,none,port,2.216
2026-05-21 10:35:16,Boat-1,Apex Wave Racing,1,Upwind,23.22,14.069,15.712,52.707,221.466,16.453,354.79,17.642,76.224,-240.461,1855.285,none,starboard,2.088
2026-05-21 10:35:16,Boat-2,Harbor Velocity Team,1,Upwind,22.785,15.968,15.33,45.508,220.549,16.045,355.599,17.638,73.494,-174.884,1856.876,none,starboard,2.138
2026-05-21 10:35:16,Boat-3,Northern Reach Sailing,1,Upwind,20.2,15.434,15.334,-40.175,220.199,17.124,10.534,22.463,80.335,99.44,1850.645,none,port,2.099
2026-05-21 10:35:16,Boat-4,Blue Horizon GP,1,Upwind,22.366,16.751,15.127,-41.501,221.841,16.203,9.093,18.271,79.605,252.871,1848.008,none,port,2.094
2026-05-21 10:35:16,Boat-5,Straitline Performance,1,Upwind,22.046,14.366,15.471,-49.336,223.079,15.933,12.526,14.433,71.559,209.924,1846.634,none,port,2.032
2026-05-21 10:35:18,Boat-1,Apex Wave Racing,1,Upwind,22.794,17.003,16.046,41.76,220.06,17.937,353.593,15.002,76.641,-242.171,1873.605,none,starboard,2.382
2026-05-21 10:35:18,Boat-2,Harbor Velocity Team,1,Upwind,22.641,17.784,16.118,38.233,221.114,17.636,351.987,18.613,76.624,-176.352,1874.816,none,starboard,2.333
2026-05-21 10:35:18,Boat-3,Northern Reach Sailing,1,Upwind,20.969,16.241,16.022,-39.239,220.326,17.731,7.522,20.603,80.458,101.649,1867.379,none,port,2.375
2026-05-21 10:35:18,Boat-4,Blue Horizon GP,1,Upwind,23.417,16.58,16.227,-44.926,219.889,18.03,10.229,18.182,81.06,256.24,1864.802,none,port,2.383
2026-05-21 10:35:18,Boat-5,Straitline Performance,1,Upwind,22.102,16.964,15.893,-39.869,219.434,17.62,14.569,14.197,65.352,214.434,1865.165,none,port,2.406
2026-05-21 10:35:20,Boat-1,Apex Wave Racing,1,Upwind,24.155,17.562,15.43,43.36,220.551,16.078,355.499,12.71,75.589,-243.798,1885.009,none,starboard,2.184
2026-05-21 10:35:20,Boat-2,Harbor Velocity Team,1,Upwind,22.294,16.16,14.918,43.542,219.594,16.41,355.833,18.067,77.103,-177.776,1877.416,none,starboard,2.221
2026-05-21 10:35:20,Boat-3,Northern Reach Sailing,1,Upwind,21.275,18.31,14.686,-30.611,221.737,16.638,6.503,20.273,78.77,103.936,1884.697,none,port,2.322
2026-05-21 10:35:20,Boat-4,Blue Horizon GP,1,Upwind,21.92,14.141,14.77,-49.823,221.474,16.222,7.714,16.483,79.943,259.66,1885.634,none,port,2.169
2026-05-21 10:35:20,Boat-5,Straitline Performance,1,Upwind,22.474,15.696,15.073,-45.699,221.745,16.697,13.178,16.175,66.009,218.977,1881.466,none,port,2.218
2026-05-21 10:35:22,Boat-1,Apex Wave Racing,1,Upwind,23.886,14.853,14.912,51.55,221.797,15.86,355.612,15.605,75.187,-245.344,1913.911,none,starboard,2.133
2026-05-21 10:35:22,Boat-2,Harbor Velocity Team,1,Upwind,23.273,16.293,14.576,45.564,222.465,16.248,356.353,17.709,80.306,-179.158,1913.336,none,starboard,2.182
2026-05-21 10:35:22,Boat-3,Northern Reach Sailing,1,Upwind,20.098,15.347,14.621,-40.216,223.53,15.769,8.057,20.044,77.672,106.297,1908.151,none,port,2.156
2026-05-21 10:35:22,Boat-4,Blue Horizon GP,1,Upwind,23.091,16.165,14.784,-45.57,219.817,15.528,10.287,17.955,78.583,263.128,1915.648,none,port,2.102
2026-05-21 10:35:22,Boat-5,Straitline Performance,1,Upwind,21.793,14.266,14.868,-49.11,222.818,15.964,8.939,13.981,63.905,223.552,1904.106,none,port,2.162
2026-05-21 10:35:24,Boat-1,Apex Wave Racing,1,Upwind,24.689,16.695,15.25,47.451,222.767,17.347,354.84,18.111,75.153,-246.812,1924.288,none,starboard,2.225
2026-05-21 10:35:24,Boat-2,Harbor Velocity Team,1,Upwind,22.694,16.094,14.962,44.83,220.072,16.759,353.295,19.091,75.414,-180.502,1920.184,none,starboard,2.244
2026-05-21 10:35:24,Boat-3,Northern Reach Sailing,1,Upwind,21.339,16.724,14.945,-38.394,221.884,17.236,8.25,19.579,78.536,108.731,1918.57,none,port,2.231
2026-05-21 10:35:24,Boat-4,Blue Horizon GP,1,Upwind,22.024,15.153,14.783,-46.525,222.907,17.043,13.665,19.028,80.39,266.64,1924.088,none,port,2.221
2026-05-21 10:35:24,Boat-5,Straitline Performance,1,Upwind,21.011,14.147,14.738,-47.676,221.045,16.916,20.278,16.208,67.264,228.156,1939.816,none,port,2.242
2026-05-21 10:35:26,Boat-1,Apex Wave Racing,1,Upwind,23.052,16.905,15.492,42.835,223.187,16.354,355.839,15.868,75.914,-248.206,1945.603,none,starboard,2.416
2026-05-21 10:35:26,Boat-2,Harbor Velocity Team,1,Upwind,22.029,13.625,15.5,51.793,221.17,16.62,356.141,19.888,78.623,-181.81,1935.891,none,starboard,2.426
2026-05-21 10:35:26,Boat-3,Northern Reach Sailing,1,Upwind,21.739,16.49,15.529,-40.666,220.997,16.639,7.026,20.522,76.299,111.233,1942.197,none,port,2.354
2026-05-21 10:35:26,Boat-4,Blue Horizon GP,1,Upwind,22.329,17.56,15.519,-38.145,223.185,17.043,12.897,17.956,80.102,270.193,1944.708,none,port,2.41
2026-05-21 10:35:26,Boat-5,Straitline Performance,1,Upwind,21.574,15.742,15.38,-43.14,222.935,16.225,18.465,14.227,64.922,232.786,1929.1,none,port,2.391
2026-05-21 10:35:28,Boat-1,Apex Wave Racing,1,Upwind,24.569,17.483,16.107,44.634,222.155,16.107,355.695,14.335,75.298,-249.53,1961.638,none,starboard,2.32
2026-05-21 10:35:28,Boat-2,Harbor Velocity Team,1,Upwind,23.992,15.512,15.407,49.718,222.011,15.701,356.999,18.747,79.265,-183.085,1958.479,none,starboard,2.222
2026-05-21 10:35:28,Boat-3,Northern Reach Sailing,1,Upwind,20.8,15.61,14.934,-41.366,221.09,15.711,7.747,23.105,78.267,113.802,1959.721,none,port,2.403
2026-05-21 10:35:28,Boat-4,Blue Horizon GP,1,Upwind,22.656,16.109,15.262,-44.681,221.236,15.708,11.65,17.76,76.233,273.785,1955.29,none,port,2.334
2026-05-21 10:35:28,Boat-5,Straitline Performance,1,Upwind,22.422,17.414,15.506,-39.044,221.995,15.8,10.799,14.297,68.033,237.441,1967.624,none,port,2.401
2026-05-21 10:35:30,Boat-1,Apex Wave Racing,1,Upwind,23.806,15.056,15.337,50.77,221.575,16.171,355.306,16.228,74.283,-250.786,1979.88,none,starboard,2.266
2026-05-21 10:35:30,Boat-2,Harbor Velocity Team,1,Upwind,22.882,13.353,15.437,54.3,222.183,15.896,356.637,18.316,76.246,-184.331,1983.969,none,starboard,2.37
2026-05-21 10:35:30,Boat-3,Northern Reach Sailing,1,Upwind,20.888,14.194,15.316,-47.195,221.225,16.144,7.702,20.78,76.838,116.435,1980.428,none,port,2.236
2026-05-21 10:35:30,Boat-4,Blue Horizon GP,1,Upwind,23.696,17.465,15.567,-42.52,220.321,16.438,10.467,18.406,79.073,277.411,1979.714,none,port,2.291
2026-05-21 10:35:30,Boat-5,Straitline Performance,1,Upwind,22.293,13.58,15.838,-52.47,223.205,16.325,19.86,14.336,63.481,242.118,1978.023,none,port,2.284
2026-05-21 10:35:32,Boat-1,Apex Wave Racing,1,Upwind,24.302,17.353,15.733,44.435,222.185,17.692,356.679,14.388,77.374,-251.981,1991.488,none,starboard,2.121
2026-05-21 10:35:32,Boat-2,Harbor Velocity Team,1,Upwind,23.416,17.857,16.323,40.305,219.409,17.332,355.3,18.283,76.97,-185.549,2000.422,none,starboard,2.288
2026-05-21 10:35:32,Boat-3,Northern Reach Sailing,1,Upwind,21.783,16.094,16.18,-42.366,223.591,17.447,8.253,21.042,77.013,119.127,1999.089,none,port,2.261
2026-05-21 10:35:32,Boat-4,Blue Horizon GP,1,Upwind,22.761,17.137,16.321,-41.16,220.631,17.403,11.648,18.378,80.881,281.068,1994.715,none,port,2.242
2026-05-21 10:35:32,Boat-5,Straitline Performance,1,Upwind,22.117,15.297,16.123,-46.24,222.002,17.479,22.271,13.321,66.357,246.814,1993.574,none,port,2.324
2026-05-21 10:35:34,Boat-1,Apex Wave Racing,1,Upwind,22.884,13.611,14.262,53.504,220.422,16.411,357.953,14.502,77.179,-253.116,2020.036,none,starboard,2.037
2026-05-21 10:35:34,Boat-2,Harbor Velocity Team,1,Upwind,23.902,18.046,14.454,40.973,221.054,15.967,356.526,17.833,77.566,-186.745,2013.338,none,starboard,2.191
2026-05-21 10:35:34,Boat-3,Northern Reach Sailing,1,Upwind,20.926,15.438,14.712,-42.463,222.512,16.208,8.963,19.86,79.435,121.875,2017.94,none,port,2.212
2026-05-21 10:35:34,Boat-4,Blue Horizon GP,1,Upwind,21.822,15.874,14.322,-43.331,220.656,16.299,9.661,19.144,79.569,284.754,2015.334,none,port,2.104
2026-05-21 10:35:34,Boat-5,Straitline Performance,1,Upwind,23.246,14.358,14.462,-51.853,223.193,16.128,11.752,14.815,63.177,251.527,2000.999,none,port,2.109
2026-05-21 10:35:36,Boat-1,Apex Wave Racing,1,Upwind,24.852,16.89,16.221,47.185,221.039,16.299,355.892,15.002,79.966,-254.198,2053.531,none,starboard,2.348
2026-05-21 10:35:36,Boat-2,Harbor Velocity Team,1,Upwind,23.405,16.631,15.52,44.718,221.713,16.099,356.639,18.125,74.966,-187.92,2039.477,none,starboard,2.335
2026-05-21 10:35:36,Boat-3,Northern Reach Sailing,1,Upwind,20.284,14.836,15.943,-42.996,221.493,16.128,7.136,17.976,80.329,124.677,2034.278,none,port,2.249
2026-05-21 10:35:36,Boat-4,Blue Horizon GP,1,Upwind,22.348,16.14,15.686,-43.763,221.09,16.405,12.607,17.822,80.1,288.463,2038.156,none,port,2.4
2026-05-21 10:35:36,Boat-5,Straitline Performance,1,Upwind,23.12,15.021,15.856,-49.481,221.537,15.984,12.996,16.207,65.69,256.255,2038.953,none,port,2.422
2026-05-21 10:35:38,Boat-1,Apex Wave Racing,1,Upwind,24.612,18.089,16.251,42.695,220.329,17.22,353.434,15.082,75.943,-255.231,2049.477,none,starboard,2.292
2026-05-21 10:35:38,Boat-2,Harbor Velocity Team,1,Upwind,23.486,16.442,15.619,45.568,221.293,17.115,355.141,17.921,76.726,-189.079,2053.08,none,starboard,2.255
2026-05-21 10:35:38,Boat-3,Northern Reach Sailing,1,Upwind,21.347,15.294,15.799,-44.238,221.356,16.935,8.324,20.041,79.346,127.527,2063.083,none,port,2.354
2026-05-21 10:35:38,Boat-4,Blue Horizon GP,1,Upwind,23.608,17.724,16.26,-41.344,222.743,16.868,14.156,19.144,78.111,292.194,2048.599,none,port,2.324
2026-05-21 10:35:38,Boat-5,Straitline Performance,1,Upwind,22.819,16.348,16.048,-44.238,219.731,16.81,14.222,13.783,66.065,260.994,2042.014,none,port,2.296
2026-05-21 10:35:40,Boat-1,Apex Wave Racing,1,Upwind,24.004,16.557,15.02,46.389,219.789,15.738,356.961,13.414,77.398,-256.219,2071.085,none,starboard,2.282
2026-05-21 10:35:40,Boat-2,Harbor Velocity Team,1,Upwind,22.939,14.394,15.093,51.134,222.642,16.013,355.798,19.804,79.59,-190.224,2066.577,none,starboard,2.274
2026-05-21 10:35:40,Boat-3,Northern Reach Sailing,1,Upwind,21.581,15.819,15.424,-42.86,221.492,15.87,7.51,23.101,78.496,130.422,2073.546,none,port,2.287
2026-05-21 10:35:40,Boat-4,Blue Horizon GP,1,Upwind,22.312,16.043,15.029,-44.026,222.214,15.775,11.448,17.394,79.639,295.941,2067.802,none,port,2.297
2026-05-21 10:35:40,Boat-5,Straitline Performance,1,Upwind,22.809,17.825,15.19,-38.602,220.469,15.772,9.11,15.647,65.406,265.741,2076.383,none,port,2.286
2026-05-21 10:35:42,Boat-1,Apex Wave Racing,1,Upwind,24.543,16.392,15.676,48.097,221.355,16.797,356.777,14.274,77.524,-257.167,2085.952,none,starboard,2.35
2026-05-21 10:35:42,Boat-2,Harbor Velocity Team,1,Upwind,22.925,15.711,15.528,46.738,220.084,16.387,357.045,18.777,78.375,-191.359,2084.119,none,starboard,2.339
2026-05-21 10:35:42,Boat-3,Northern Reach Sailing,1,Upwind,21.751,16.09,15.353,-42.29,221.532,16.232,9.757,21.27,77.722,133.358,2107.318,none,port,2.341
2026-05-21 10:35:42,Boat-4,Blue Horizon GP,1,Upwind,23.697,17.379,15.704,-42.832,222.056,16.026,11.744,17.885,79.141,299.701,2085.671,none,port,2.332
2026-05-21 10:35:42,Boat-5,Straitline Performance,1,Upwind,22.701,15.959,15.427,-45.332,222.108,16.755,23.192,14.0,65.609,270.495,2101.265,none,port,2.261
2026-05-21 10:35:44,Boat-1,Apex Wave Racing,1,Upwind,23.897,17.33,15.403,43.515,221.198,15.519,357.978,15.067,76.52,-258.081,2104.147,none,starboard,2.148
2026-05-21 10:35:44,Boat-2,Harbor Velocity Team,1,Upwind,23.648,18.089,15.44,40.099,218.74,15.44,356.88,19.032,77.207,-192.488,2110.435,none,starboard,2.294
2026-05-21 10:35:44,Boat-3,Northern Reach Sailing,1,Upwind,21.137,15.279,15.629,-43.708,220.54,15.636,13.222,22.429,78.835,136.331,2107.912,none,port,2.251
2026-05-21 10:35:44,Boat-4,Blue Horizon GP,1,Upwind,23.1,16.127,15.124,-45.722,221.182,16.052,10.282,20.319,78.872,303.471,2104.023,none,port,2.284
2026-05-21 10:35:44,Boat-5,Straitline Performance,1,Upwind,22.138,15.173,14.704,-46.734,222.093,15.407,16.101,13.616,68.002,275.252,2098.583,none,port,2.331
2026-05-21 10:35:46,Boat-1,Apex Wave Racing,1,Upwind,24.115,17.57,15.671,43.233,221.684,16.212,357.204,14.626,78.257,-258.964,2136.862,none,starboard,2.005
2026-05-21 10:35:46,Boat-2,Harbor Velocity Team,1,Upwind,23.904,16.73,15.207,45.58,221.819,16.296,354.744,19.771,77.63,-193.614,2125.473,none,starboard,2.048
2026-05-21 10:35:46,Boat-3,Northern Reach Sailing,1,Upwind,21.376,17.855,15.181,-33.353,219.999,16.272,10.838,19.612,77.909,139.337,2132.763,none,port,1.999
2026-05-21 10:35:46,Boat-4,Blue Horizon GP,1,Upwind,23.117,16.585,15.151,-44.155,219.659,15.793,11.25,17.471,78.067,307.246,2127.263,none,port,2.018
2026-05-21 10:35:46,Boat-5,Straitline Performance,1,Upwind,23.186,15.411,14.418,-48.344,220.586,16.182,11.653,15.067,70.005,280.01,2134.229,none,port,1.963
2026-05-21 10:35:48,Boat-1,Apex Wave Racing,1,Upwind,24.074,17.855,14.989,42.127,221.553,16.353,355.749,15.34,78.208,-259.823,2139.827,none,starboard,2.134
2026-05-21 10:35:48,Boat-2,Harbor Velocity Team,1,Upwind,24.043,16.126,15.615,47.877,220.361,16.066,357.03,19.077,78.487,-194.74,2134.909,none,starboard,2.176
2026-05-21 10:35:48,Boat-3,Northern Reach Sailing,1,Upwind,21.94,14.608,14.864,-48.255,222.087,16.474,8.644,18.795,79.153,142.371,2139.455,none,port,2.168
2026-05-21 10:35:48,Boat-4,Blue Horizon GP,1,Upwind,23.323,16.594,15.128,-44.645,220.105,16.387,9.274,17.875,80.774,311.023,2141.99,none,port,2.299
2026-05-21 10:35:48,Boat-5,Straitline Performance,1,Upwind,23.414,17.071,15.433,-43.191,222.937,16.819,33.92,15.08,67.037,284.766,2144.716,none,port,2.156
2026-05-21 10:35:50,Boat-1,Apex Wave Racing,1,Upwind,23.727,17.192,15.92,43.565,221.217,17.857,356.884,13.846,77.586,-260.663,2159.707,none,starboard,2.592
2026-05-21 10:35:50,Boat-2,Harbor Velocity Team,1,Upwind,23.882,14.764,16.17,51.815,219.016,17.935,356.999,18.427,78.895,-195.87,2168.955,none,starboard,2.556
2026-05-21 10:35:50,Boat-3,Northern Reach Sailing,1,Upwind,21.851,15.012,16.199,-46.607,220.975,17.95,9.381,19.911,76.873,145.428,2172.831,none,port,2.579
2026-05-21 10:35:50,Boat-4,Blue Horizon GP,1,Upwind,23.093,15.856,16.018,-46.636,221.017,17.944,7.375,17.44,79.939,314.797,2173.511,none,port,2.551
2026-05-21 10:35:50,Boat-5,Straitline Performance,1,Upwind,22.263,15.056,15.774,-47.445,220.561,18.042,18.508,14.93,65.05,289.517,2148.366,none,port,2.5
2026-05-21 10:35:52,Boat-1,Apex Wave Racing,1,Upwind,25.066,18.367,16.011,42.881,221.75,17.973,357.314,15.72,76.608,-261.488,2170.4,none,starboard,2.34
2026-05-21 10:35:52,Boat-2,Harbor Velocity Team,1,Upwind,24.236,18.164,16.405,41.459,220.963,18.267,356.9,19.145,76.672,-197.007,2178.151,none,starboard,2.43
2026-05-21 10:35:52,Boat-3,Northern Reach Sailing,1,Upwind,21.2,15.736,16.016,-42.077,222.181,17.871,11.483,21.055,80.625,148.505,2176.583,none,port,2.38
2026-05-21 10:35:52,Boat-4,Blue Horizon GP,1,Upwind,23.614,16.629,16.128,-45.236,219.817,17.722,18.488,17.754,79.784,318.566,2200.267,none,port,2.397
2026-05-21 10:35:52,Boat-5,Straitline Performance,1,Upwind,23.331,15.779,15.717,-47.443,221.646,18.025,10.16,14.892,66.612,294.26,2173.079,none,port,2.402
2026-05-21 10:35:54,Boat-1,Apex Wave Racing,1,Upwind,25.011,17.982,14.869,44.031,221.057,16.329,358.076,13.914,76.264,-262.304,2194.697,none,starboard,2.123
2026-05-21 10:35:54,Boat-2,Harbor Velocity Team,1,Upwind,23.257,16.084,15.609,46.245,222.457,16.526,358.007,18.954,80.107,-198.155,2211.145,none,starboard,2.108
2026-05-21 10:35:54,Boat-3,Northern Reach Sailing,1,Upwind,22.362,17.929,15.268,-36.698,222.914,16.697,6.627,20.465,78.356,151.596,2203.191,none,port,2.222
2026-05-21 10:35:54,Boat-4,Blue Horizon GP,1,Upwind,22.92,16.658,15.521,-43.384,221.438,16.532,138.458,18.571,82.764,322.325,2196.024,none,port,2.089
2026-05-21 10:35:54,Boat-5,Straitline Performance,1,Upwind,23.316,14.953,15.157,-50.111,221.581,16.657,9.538,16.558,65.817,298.994,2201.248,none,port,2.108
2026-05-21 10:35:56,Boat-1,Apex Wave Racing,2,Downwind,25.329,-21.91,16.253,149.884,222.379,17.812,169.697,8.449,61.35,-265.123,2194.341,none,starboard,2.437
2026-05-21 10:35:56,Boat-2,Harbor Velocity Team,2,Downwind,28.117,-24.805,16.061,151.911,221.577,17.629,173.43,6.362,67.239,-198.875,2223.531,none,starboard,2.453
2026-05-21 10:35:56,Boat-3,Northern Reach Sailing,2,Downwind,25.689,-23.047,15.626,-153.786,221.352,17.431,184.967,10.067,59.111,153.964,2197.541,none,port,2.54
2026-05-21 10:35:56,Boat-4,Blue Horizon GP,2,Downwind,29.379,-25.774,15.878,-151.318,221.641,17.377,194.194,9.633,68.359,321.197,2193.997,none,port,2.626
2026-05-21 10:35:56,Boat-5,Straitline Performance,2,Downwind,27.932,-22.33,16.384,-143.077,222.759,17.302,184.053,10.15,66.435,297.325,2216.686,none,port,2.573
2026-05-21 10:35:58,Boat-1,Apex Wave Racing,2,Downwind,25.673,-23.957,15.783,158.932,222.605,16.66,167.855,8.821,61.005,-261.382,2173.758,none,starboard,2.328
2026-05-21 10:35:58,Boat-2,Harbor Velocity Team,2,Downwind,28.28,-24.111,15.499,148.491,220.916,16.685,171.328,8.774,68.714,-195.471,2193.979,none,starboard,2.311
2026-05-21 10:35:58,Boat-3,Northern Reach Sailing,2,Downwind,25.977,-25.027,15.361,-164.459,221.31,16.666,186.655,9.169,57.224,152.288,2178.258,none,port,2.385
2026-05-21 10:35:58,Boat-4,Blue Horizon GP,2,Downwind,29.634,-25.504,15.544,-149.385,221.745,16.326,190.548,10.624,69.919,318.021,2181.439,none,port,2.328
2026-05-21 10:35:58,Boat-5,Straitline Performance,2,Downwind,28.538,-23.682,15.858,-146.084,220.508,16.368,186.644,11.666,66.55,294.655,2179.003,none,port,2.292
2026-05-21 10:36:00,Boat-1,Apex Wave Racing,2,Downwind,26.081,-22.172,15.853,148.227,221.041,17.203,164.191,10.589,62.334,-257.634,2159.541,none,starboard,2.552
2026-05-21 10:36:00,Boat-2,Harbor Velocity Team,2,Downwind,28.144,-23.362,15.638,146.111,221.207,16.788,170.564,8.789,68.086,-192.068,2178.898,none,starboard,2.568
2026-05-21 10:36:00,Boat-3,Northern Reach Sailing,2,Downwind,25.607,-24.411,16.356,-162.42,222.541,17.449,185.999,10.445,59.128,150.602,2168.731,none,port,2.451
2026-05-21 10:36:00,Boat-4,Blue Horizon GP,2,Downwind,29.729,-24.663,15.414,-146.057,220.359,16.653,191.451,9.344,72.372,314.845,2159.879,none,port,2.589
2026-05-21 10:36:00,Boat-5,Straitline Performance,2,Downwind,28.092,-23.304,15.951,-146.056,221.125,16.938,190.946,10.074,70.205,291.986,2170.854,none,port,2.533
2026-05-21 10:36:02,Boat-1,Apex Wave Racing,2,Downwind,25.531,-22.523,15.499,151.907,221.778,16.446,169.595,10.329,61.37,-253.883,2147.275,none,starboard,2.306
2026-05-21 10:36:02,Boat-2,Harbor Velocity Team,2,Downwind,28.188,-22.711,15.552,143.677,220.588,15.771,171.532,7.551,67.938,-188.667,2153.038,none,starboard,2.305
2026-05-21 10:36:02,Boat-3,Northern Reach Sailing,2,Downwind,25.282,-24.515,15.556,-165.856,219.407,15.874,185.333,11.231,61.946,148.903,2146.05,none,port,2.364
2026-05-21 10:36:02,Boat-4,Blue Horizon GP,2,Downwind,30.021,-26.089,15.497,-150.345,222.95,15.526,187.909,9.41,70.542,311.664,2150.056,none,port,2.461
2026-05-21 10:36:02,Boat-5,Straitline Performance,2,Downwind,28.595,-23.081,15.504,-143.821,219.622,16.953,187.154,12.2,67.136,289.316,2151.396,none,port,2.311
2026-05-21 10:36:04,Boat-1,Apex Wave Racing,2,Downwind,25.209,-21.482,15.243,148.448,221.87,16.496,171.817,10.334,60.142,-250.13,2118.675,none,starboard,2.29
2026-05-21 10:36:04,Boat-2,Harbor Velocity Team,2,Downwind,28.053,-22.679,15.823,143.945,222.371,16.007,168.786,6.26,68.153,-185.271,2133.246,none,starboard,2.406
2026-05-21 10:36:04,Boat-3,Northern Reach Sailing,2,Downwind,25.712,-24.068,15.963,-159.404,220.378,16.348,186.151,11.483,58.943,147.188,2132.154,none,port,2.353
2026-05-21 10:36:04,Boat-4,Blue Horizon GP,2,Downwind,29.573,-24.207,15.58,-144.938,221.004,16.59,186.188,10.055,72.325,308.476,2114.034,none,port,2.349
2026-05-21 10:36:04,Boat-5,Straitline Performance,2,Downwind,27.765,-22.875,15.205,-145.475,221.369,15.833,187.564,10.427,63.003,286.64,2128.256,none,port,2.289
2026-05-21 10:36:06,Boat-1,Apex Wave Racing,2,Downwind,25.285,-23.244,15.501,156.816,220.582,16.24,166.945,8.296,61.501,-246.377,2095.079,none,starboard,2.36
2026-05-21 10:36:06,Boat-2,Harbor Velocity Team,2,Downwind,28.029,-24.289,15.721,150.061,221.666,16.4,169.951,7.197,69.068,-181.882,2118.815,none,starboard,2.413
2026-05-21 10:36:06,Boat-3,Northern Reach Sailing,2,Downwind,25.758,-22.829,16.003,-152.41,221.318,16.459,184.208,12.591,57.172,145.453,2114.035,none,port,2.305
2026-05-21 10:36:06,Boat-4,Blue Horizon GP,2,Downwind,30.922,-27.525,15.523,-152.892,220.407,16.48,193.749,9.862,69.36,305.277,2091.146,none,port,2.431
2026-05-21 10:36:06,Boat-5,Straitline Performance,2,Downwind,28.617,-23.147,15.564,-143.986,222.543,16.575,187.655,11.966,66.317,283.956,2111.029,none,port,2.452
2026-05-21 10:36:08,Boat-1,Apex Wave Racing,2,Downwind,25.836,-23.192,16.383,153.85,222.057,17.638,166.721,9.295,62.776,-242.626,2086.314,none,starboard,2.525
2026-05-21 10:36:08,Boat-2,Harbor Velocity Team,2,Downwind,28.813,-23.882,16.386,145.982,222.1,16.486,168.33,10.17,67.807,-178.503,2095.051,none,starboard,2.566
2026-05-21 10:36:08,Boat-3,Northern Reach Sailing,2,Downwind,25.305,-23.783,16.63,-160.027,220.652,17.08,184.212,11.291,58.432,143.696,2084.688,none,port,2.696
2026-05-21 10:36:08,Boat-4,Blue Horizon GP,2,Downwind,30.259,-26.799,16.532,-152.334,220.824,17.387,199.254,7.39,72.94,302.064,2087.827,none,port,2.563
2026-05-21 10:36:08,Boat-5,Straitline Performance,2,Downwind,28.562,-22.546,16.655,-142.125,221.696,17.329,185.816,11.125,65.688,281.26,2088.229,none,port,2.678
2026-05-21 10:36:10,Boat-1,Apex Wave Racing,2,Downwind,25.463,-21.753,15.884,148.685,220.412,17.492,169.464,9.363,61.822,-238.88,2063.311,none,starboard,2.492
2026-05-21 10:36:10,Boat-2,Harbor Velocity Team,2,Downwind,28.787,-20.283,15.535,134.797,221.477,17.053,171.274,8.124,68.515,-175.135,2086.147,none,starboard,2.623
2026-05-21 10:36:10,Boat-3,Northern Reach Sailing,2,Downwind,25.834,-24.206,15.671,-159.548,220.866,17.775,186.57,12.903,56.705,141.913,2065.963,none,port,2.636
2026-05-21 10:36:10,Boat-4,Blue Horizon GP,2,Downwind,30.1,-26.47,15.421,-151.569,223.03,17.142,189.826,6.875,68.439,298.833,2072.696,none,port,2.606
2026-05-21 10:36:10,Boat-5,Straitline Performance,2,Downwind,27.862,-23.889,15.575,-149.027,223.845,17.275,189.496,8.86,66.992,278.549,2057.95,none,port,2.535
2026-05-21 10:36:12,Boat-1,Apex Wave Racing,2,Downwind,25.447,-22.595,15.011,152.615,220.544,17.062,168.474,9.168,59.59,-235.14,2046.062,none,starboard,2.28
2026-05-21 10:36:12,Boat-2,Harbor Velocity Team,2,Downwind,27.985,-24.926,15.256,152.959,221.79,16.73,169.469,6.74,66.031,-171.78,2051.253,none,starboard,2.32
2026-05-21 10:36:12,Boat-3,Northern Reach Sailing,2,Downwind,26.485,-24.568,14.942,-158.065,222.63,16.751,185.991,12.396,57.132,140.101,2053.477,none,port,2.214
2026-05-21 10:36:12,Boat-4,Blue Horizon GP,2,Downwind,29.885,-26.688,15.528,-153.257,219.992,17.023,189.737,9.451,73.572,295.581,2050.394,none,port,2.277
2026-05-21 10:36:12,Boat-5,Straitline Performance,2,Downwind,28.321,-23.607,15.267,-146.468,221.785,16.593,195.187,12.427,64.761,275.82,2055.709,none,port,2.353
2026-05-21 10:36:14,Boat-1,Apex Wave Racing,2,Downwind,25.165,-22.172,16.013,151.774,222.33,16.249,159.654,11.474,63.825,-231.408,2026.669,none,starboard,2.283
2026-05-21 10:36:14,Boat-2,Harbor Velocity Team,2,Downwind,29.166,-24.058,15.722,145.574,221.595,16.424,165.444,7.127,72.12,-168.442,2050.145,none,starboard,2.243
2026-05-21 10:36:14,Boat-3,Northern Reach Sailing,2,Downwind,26.579,-25.017,15.641,-160.265,220.927,16.096,185.112,11.526,60.58,138.258,2031.137,none,port,2.25
2026-05-21 10:36:14,Boat-4,Blue Horizon GP,2,Downwind,29.829,-24.941,15.676,-146.734,220.265,16.086,190.581,7.175,70.544,292.304,2034.646,none,port,2.24
2026-05-21 10:36:14,Boat-5,Straitline Performance,2,Downwind,29.184,-23.633,15.802,-144.078,220.496,16.342,188.885,12.673,68.0,273.07,2037.766,none,port,2.343
2026-05-21 10:36:16,Boat-1,Apex Wave Racing,2,Downwind,26.108,-22.43,15.225,149.219,222.104,16.668,171.633,7.879,57.369,-227.686,2025.961,none,starboard,2.281
2026-05-21 10:36:16,Boat-2,Harbor Velocity Team,2,Downwind,29.15,-24.196,15.397,146.103,220.011,16.727,171.611,9.297,67.247,-165.122,2025.61,none,starboard,2.304
2026-05-21 10:36:16,Boat-3,Northern Reach Sailing,2,Downwind,26.407,-24.598,15.184,-158.673,219.02,16.401,190.878,12.721,56.912,136.381,2011.886,none,port,2.334
2026-05-21 10:36:16,Boat-4,Blue Horizon GP,2,Downwind,30.141,-28.269,15.043,-159.701,224.22,16.539,187.28,6.074,73.86,288.999,2015.163,none,port,2.326
2026-05-21 10:36:16,Boat-5,Straitline Performance,2,Downwind,28.01,-21.075,15.174,-138.801,221.533,16.44,188.024,11.522,66.665,270.295,2020.368,none,port,2.361
2026-05-21 10:36:18,Boat-1,Apex Wave Racing,2,Downwind,24.995,-22.355,15.071,153.426,220.076,16.389,172.372,9.07,61.243,-223.976,1976.141,none,starboard,2.32
2026-05-21 10:36:18,Boat-2,Harbor Velocity Team,2,Downwind,29.302,-24.999,15.384,148.556,221.264,16.2,172.344,7.643,68.074,-161.822,2005.25,none,starboard,2.346
2026-05-21 10:36:18,Boat-3,Northern Reach Sailing,2,Downwind,26.265,-24.452,15.085,-158.587,220.388,16.425,185.313,9.933,59.887,134.466,2011.405,none,port,2.365
2026-05-21 10:36:18,Boat-4,Blue Horizon GP,2,Downwind,30.349,-26.852,15.369,-152.222,221.889,16.385,189.85,6.695,69.877,285.664,1982.668,none,port,2.377
2026-05-21 10:36:18,Boat-5,Straitline Performance,2,Downwind,27.946,-21.772,15.583,-141.177,219.244,15.984,189.326,12.128,66.421,267.494,1998.213,none,port,2.327
2026-05-21 10:36:20,Boat-1,Apex Wave Racing,2,Downwind,25.444,-22.509,15.401,152.208,220.109,17.394,160.839,10.614,60.997,-220.28,1970.664,none,starboard,2.551
2026-05-21 10:36:20,Boat-2,Harbor Velocity Team,2,Downwind,29.193,-24.346,15.987,146.506,221.787,17.064,171.266,7.425,68.781,-158.543,1976.671,none,starboard,2.322
2026-05-21 10:36:20,Boat-3,Northern Reach Sailing,2,Downwind,27.028,-25.801,15.484,-162.671,220.98,17.171,186.488,11.17,59.46,132.512,1970.287,none,port,2.529
2026-05-21 10:36:20,Boat-4,Blue Horizon GP,2,Downwind,30.443,-25.465,15.742,-146.771,220.11,17.323,201.359,8.005,74.634,282.294,1976.545,none,port,2.39
2026-05-21 10:36:20,Boat-5,Straitline Performance,2,Downwind,28.879,-23.357,15.655,-143.978,220.037,17.487,187.461,12.068,67.495,264.662,1986.066,none,port,2.449
2026-05-21 10:36:22,Boat-1,Apex Wave Racing,2,Downwind,25.742,-22.652,15.461,151.635,220.165,16.7,169.506,7.982,62.313,-216.601,1954.914,none,starboard,2.271
2026-05-21 10:36:22,Boat-2,Harbor Velocity Team,2,Downwind,29.193,-24.604,15.115,147.435,222.146,16.62,159.427,9.39,66.989,-155.289,1962.733,none,starboard,2.244
2026-05-21 10:36:22,Boat-3,Northern Reach Sailing,2,Downwind,25.937,-24.402,15.498,-160.191,220.919,16.355,189.443,11.591,58.514,130.516,1976.668,none,port,2.319
2026-05-21 10:36:22,Boat-4,Blue Horizon GP,2,Downwind,31.195,-27.438,15.308,-151.591,219.686,16.82,190.31,5.767,69.669,278.887,1965.34,none,port,2.21
2026-05-21 10:36:22,Boat-5,Straitline Performance,2,Downwind,27.916,-22.188,15.431,-142.639,219.537,16.89,189.762,12.208,67.077,261.797,1954.713,none,port,2.167
2026-05-21 10:36:24,Boat-1,Apex Wave Racing,2,Downwind,26.708,-23.31,15.699,150.785,221.49,15.721,166.557,8.872,63.051,-212.938,1931.029,none,starboard,2.415
2026-05-21 10:36:24,Boat-2,Harbor Velocity Team,2,Downwind,30.057,-24.184,15.53,143.572,221.142,16.421,168.558,8.865,67.763,-152.061,1959.401,none,starboard,2.329
2026-05-21 10:36:24,Boat-3,Northern Reach Sailing,2,Downwind,26.135,-24.134,15.899,-157.433,221.296,15.899,185.326,12.277,59.865,128.475,1946.014,none,port,2.411
2026-05-21 10:36:24,Boat-4,Blue Horizon GP,2,Downwind,30.44,-25.535,15.359,-147.02,218.844,16.819,187.15,6.684,68.255,275.441,1938.871,none,port,2.428
2026-05-21 10:36:24,Boat-5,Straitline Performance,2,Downwind,29.373,-23.854,15.108,-144.301,220.702,15.685,188.77,13.33,66.93,258.897,1952.556,none,port,2.436
2026-05-21 10:36:26,Boat-1,Apex Wave Racing,2,Downwind,25.57,-22.649,15.441,152.346,219.447,15.663,164.232,8.862,63.973,-209.296,1924.353,none,starboard,2.338
2026-05-21 10:36:26,Boat-2,Harbor Velocity Team,2,Downwind,28.904,-22.434,15.281,140.912,219.485,15.731,171.686,7.579,67.705,-148.861,1930.969,none,starboard,2.437
2026-05-21 10:36:26,Boat-3,Northern Reach Sailing,2,Downwind,27.082,-24.895,15.606,-156.817,221.069,16.161,187.301,10.009,57.84,126.387,1932.382,none,port,2.47
2026-05-21 10:36:26,Boat-4,Blue Horizon GP,2,Downwind,30.511,-24.466,15.371,-143.308,220.653,16.482,189.852,7.791,71.38,271.951,1910.045,none,port,2.338
2026-05-21 10:36:26,Boat-5,Straitline Performance,2,Downwind,29.497,-22.732,15.502,-140.411,220.48,15.815,187.025,12.332,66.837,255.958,1916.864,none,port,2.418
2026-05-21 10:36:28,Boat-1,Apex Wave Racing,2,Downwind,25.632,-22.564,16.035,151.681,220.961,16.566,170.58,9.221,60.936,-205.674,1905.304,none,starboard,2.48
2026-05-21 10:36:28,Boat-2,Harbor Velocity Team,2,Downwind,28.649,-23.722,15.45,145.895,219.676,16.575,171.426,6.876,66.184,-145.69,1915.797,none,starboard,2.59
2026-05-21 10:36:28,Boat-3,Northern Reach Sailing,2,Downwind,26.58,-24.206,15.394,-155.596,220.416,17.099,186.229,11.561,60.832,124.251,1913.042,none,port,2.557
2026-05-21 10:36:28,Boat-4,Blue Horizon GP,2,Downwind,31.079,-26.995,15.811,-150.295,221.369,16.258,196.622,6.659,73.47,268.417,1898.424,none,port,2.44
2026-05-21 10:36:28,Boat-5,Straitline Performance,2,Downwind,29.27,-23.233,15.356,-142.535,221.894,16.617,193.34,11.388,67.161,252.978,1904.527,none,port,2.573
2026-05-21 10:36:30,Boat-1,Apex Wave Racing,2,Downwind,25.669,-22.476,15.853,151.119,221.474,17.428,170.838,7.893,63.117,-202.076,1880.834,none,starboard,2.14
2026-05-21 10:36:30,Boat-2,Harbor Velocity Team,2,Downwind,28.531,-24.633,15.711,149.695,220.173,17.023,170.97,8.954,68.522,-142.549,1889.11,none,starboard,2.292
2026-05-21 10:36:30,Boat-3,Northern Reach Sailing,2,Downwind,26.396,-24.605,15.749,-158.774,219.34,17.368,188.008,11.968,58.268,122.063,1892.768,none,port,2.231
2026-05-21 10:36:30,Boat-4,Blue Horizon GP,2,Downwind,30.622,-25.595,15.613,-146.703,222.323,17.318,198.157,9.205,72.687,264.834,1886.204,none,port,2.245
2026-05-21 10:36:30,Boat-5,Straitline Performance,2,Downwind,28.914,-22.067,15.735,-139.746,220.543,16.868,188.692,12.396,67.836,249.955,1891.55,none,port,2.284
2026-05-21 10:36:32,Boat-1,Apex Wave Racing,2,Downwind,26.405,-22.588,14.581,148.808,220.777,14.95,169.2,10.269,62.262,-198.502,1860.831,none,starboard,2.133
2026-05-21 10:36:32,Boat-2,Harbor Velocity Team,2,Downwind,29.892,-23.82,14.901,142.833,221.083,14.901,171.346,8.361,64.851,-139.442,1876.483,none,starboard,2.072
2026-05-21 10:36:32,Boat-3,Northern Reach Sailing,2,Downwind,26.766,-24.939,14.744,-158.707,220.389,14.975,185.296,12.05,58.648,119.823,1881.568,none,port,2.056
2026-05-21 10:36:32,Boat-4,Blue Horizon GP,2,Downwind,30.76,-24.429,14.649,-142.577,218.791,14.836,187.648,8.479,73.175,261.201,1876.422,none,port,2.078
2026-05-21 10:36:32,Boat-5,Straitline Performance,2,Downwind,29.379,-25.033,14.33,-148.439,219.772,15.186,189.613,10.843,67.413,246.887,1864.681,none,port,2.102
2026-05-21 10:36:34,Boat-1,Apex Wave Racing,2,Downwind,24.584,-22.548,15.478,156.513,222.317,17.112,168.807,9.724,59.154,-194.953,1843.499,none,starboard,2.321
2026-05-21 10:36:34,Boat-2,Harbor Velocity Team,2,Downwind,30.178,-23.964,15.907,142.568,221.072,17.14,170.433,6.816,70.786,-136.369,1848.5,none,starboard,2.248
2026-05-21 10:36:34,Boat-3,Northern Reach Sailing,2,Downwind,26.55,-24.512,15.547,-157.405,220.521,16.939,185.334,12.863,58.566,117.528,1843.844,none,port,2.36
2026-05-21 10:36:34,Boat-4,Blue Horizon GP,2,Downwind,30.232,-25.977,15.771,-149.233,219.748,17.432,188.988,8.517,72.744,257.516,1831.704,none,port,2.307
2026-05-21 10:36:34,Boat-5,Straitline Performance,2,Downwind,29.581,-24.704,15.665,-146.627,222.922,17.288,189.956,10.352,69.158,243.771,1855.031,none,port,2.248
2026-05-21 10:36:36,Boat-1,Apex Wave Racing,2,Downwind,25.34,-21.362,15.086,147.457,220.903,17.073,169.168,10.291,65.236,-191.433,1825.107,none,starboard,2.145
2026-05-21 10:36:36,Boat-2,Harbor Velocity Team,2,Downwind,28.775,-24.665,15.075,149.0,220.001,16.984,166.4,6.068,69.029,-133.331,1840.223,none,starboard,2.121
2026-05-21 10:36:36,Boat-3,Northern Reach Sailing,2,Downwind,26.265,-24.957,14.943,-161.844,220.924,16.772,187.652,12.083,60.507,115.178,1831.812,none,port,2.114
2026-05-21 10:36:36,Boat-4,Blue Horizon GP,2,Downwind,30.08,-26.237,14.976,-150.719,221.106,16.828,194.221,8.288,69.853,253.776,1829.473,none,port,2.18
2026-05-21 10:36:36,Boat-5,Straitline Performance,2,Downwind,28.445,-22.735,14.423,-143.06,217.998,16.823,188.764,12.923,66.127,240.604,1828.891,none,port,2.17
2026-05-21 10:36:38,Boat-1,Apex Wave Racing,2,Downwind,26.952,-23.871,14.586,152.335,220.864,15.823,169.486,8.522,59.484,-187.941,1806.849,none,starboard,2.077
2026-05-21 10:36:38,Boat-2,Harbor Velocity Team,2,Downwind,28.825,-23.159,14.768,143.461,219.857,16.396,170.493,7.178,68.722,-130.329,1823.537,none,starboard,2.181
2026-05-21 10:36:38,Boat-3,Northern Reach Sailing,2,Downwind,26.245,-24.958,14.746,-161.979,221.86,15.736,185.822,11.25,60.231,112.77,1808.423,none,port,2.063
2026-05-21 10:36:38,Boat-4,Blue Horizon GP,2,Downwind,30.735,-25.945,14.896,-147.582,224.166,16.151,192.038,7.865,72.538,249.979,1801.965,none,port,2.107
2026-05-21 10:36:38,Boat-5,Straitline Performance,2,Downwind,29.5,-23.353,14.95,-142.338,221.142,16.003,190.256,12.295,67.54,237.387,1813.619,none,port,2.052
2026-05-21 10:36:40,Boat-1,Apex Wave Racing,2,Downwind,26.212,-22.669,15.559,149.867,219.749,17.31,168.724,9.676,62.789,-184.479,1787.638,none,starboard,2.075
2026-05-21 10:36:40,Boat-2,Harbor Velocity Team,2,Downwind,29.144,-23.463,15.205,143.616,218.516,17.183,172.719,7.042,64.748,-127.366,1804.606,none,starboard,2.003
2026-05-21 10:36:40,Boat-3,Northern Reach Sailing,2,Downwind,26.994,-25.413,15.43,-160.293,221.269,16.403,187.965,12.121,54.951,110.303,1784.006,none,port,2.026
2026-05-21 10:36:40,Boat-4,Blue Horizon GP,2,Downwind,30.7,-25.645,15.306,-146.652,221.799,16.169,196.479,9.134,71.454,246.124,1793.591,none,port,1.999
2026-05-21 10:36:40,Boat-5,Straitline Performance,2,Downwind,28.503,-20.519,15.224,-136.045,221.063,16.905,188.957,10.403,71.334,234.115,1793.026,none,port,2.064
2026-05-21 10:36:42,Boat-1,Apex Wave Racing,2,Downwind,25.399,-23.333,15.395,156.73,221.955,16.138,167.298,8.141,62.714,-181.048,1772.279,none,starboard,2.155
2026-05-21 10:36:42,Boat-2,Harbor Velocity Team,2,Downwind,29.802,-24.03,14.871,143.739,217.404,16.937,172.088,6.226,66.303,-124.441,1777.456,none,starboard,2.115
2026-05-21 10:36:42,Boat-3,Northern Reach Sailing,2,Downwind,26.953,-25.921,15.34,-164.089,221.742,16.007,202.997,10.941,59.827,107.777,1772.736,none,port,2.25
2026-05-21 10:36:42,Boat-4,Blue Horizon GP,2,Downwind,30.496,-26.592,15.452,-150.688,221.246,15.764,190.619,8.276,70.112,242.208,1775.698,none,port,2.212
2026-05-21 10:36:42,Boat-5,Straitline Performance,2,Downwind,28.89,-25.002,15.405,-149.932,220.825,16.291,198.57,10.47,67.134,230.789,1771.759,none,port,2.194
2026-05-21 10:36:44,Boat-1,Apex Wave Racing,2,Downwind,25.817,-21.88,15.084,147.942,219.874,16.124,171.857,9.411,62.473,-177.65,1757.341,none,starboard,2.204
2026-05-21 10:36:44,Boat-2,Harbor Velocity Team,2,Downwind,28.786,-23.509,15.355,144.756,220.572,16.232,168.054,7.091,70.085,-121.557,1762.805,none,starboard,2.285
2026-05-21 10:36:44,Boat-3,Northern Reach Sailing,2,Downwind,27.468,-25.563,14.838,-158.538,220.295,16.525,188.853,11.733,56.353,105.19,1771.958,none,port,2.224
2026-05-21 10:36:44,Boat-4,Blue Horizon GP,2,Downwind,30.817,-27.249,14.909,-152.157,219.37,16.882,192.354,7.387,71.542,238.232,1751.497,none,port,2.28
2026-05-21 10:36:44,Boat-5,Straitline Performance,2,Downwind,28.038,-22.705,14.87,-144.075,221.267,15.85,189.965,12.38,67.119,227.406,1773.056,none,port,2.26
2026-05-21 10:36:46,Boat-1,Apex Wave Racing,2,Downwind,26.018,-22.183,15.711,148.497,221.031,16.093,172.299,11.853,61.258,-174.286,1725.014,none,starboard,2.222
2026-05-21 10:36:46,Boat-2,Harbor Velocity Team,2,Downwind,28.517,-21.774,15.459,139.777,223.198,15.87,171.146,7.67,74.796,-118.713,1750.379,none,starboard,2.354
2026-05-21 10:36:46,Boat-3,Northern Reach Sailing,2,Downwind,26.787,-24.55,15.346,-156.419,222.305,15.821,188.408,12.55,58.815,102.541,1739.122,none,port,2.213
2026-05-21 10:36:46,Boat-4,Blue Horizon GP,2,Downwind,30.96,-25.327,15.255,-144.893,218.314,15.963,196.611,6.603,71.193,234.192,1739.096,none,port,2.252
2026-05-21 10:36:46,Boat-5,Straitline Performance,2,Downwind,29.042,-23.562,15.302,-144.223,220.768,16.095,185.764,10.046,65.04,223.965,1732.922,none,port,2.345
2026-05-21 10:36:48,Boat-1,Apex Wave Racing,2,Downwind,26.248,-22.192,15.196,147.723,220.472,15.196,170.713,9.857,63.427,-170.955,1707.829,none,starboard,2.392
2026-05-21 10:36:48,Boat-2,Harbor Velocity Team,2,Downwind,30.298,-24.258,14.892,143.191,222.527,14.892,172.617,7.853,69.685,-115.91,1726.557,none,starboard,2.386
2026-05-21 10:36:48,Boat-3,Northern Reach Sailing,2,Downwind,26.683,-25.409,14.842,-162.224,221.29,14.962,194.491,11.246,59.136,99.831,1735.706,none,port,2.361
2026-05-21 10:36:48,Boat-4,Blue Horizon GP,2,Downwind,30.49,-26.783,14.992,-151.453,220.593,14.992,191.019,8.283,73.657,230.088,1724.2,none,port,2.283
2026-05-21 10:36:48,Boat-5,Straitline Performance,2,Downwind,28.688,-22.966,14.657,-143.181,221.1,14.713,190.875,10.941,65.879,220.466,1704.3,none,port,2.322
2026-05-21 10:36:50,Boat-1,Apex Wave Racing,2,Downwind,26.68,-23.555,15.121,151.991,219.353,16.66,164.395,8.232,59.357,-167.66,1684.501,none,starboard,2.262
2026-05-21 10:36:50,Boat-2,Harbor Velocity Team,2,Downwind,29.543,-24.414,15.248,145.731,219.435,17.106,166.232,9.805,69.47,-113.15,1707.445,none,starboard,2.27
2026-05-21 10:36:50,Boat-3,Northern Reach Sailing,2,Downwind,27.591,-25.661,15.186,-158.445,220.634,16.787,190.606,11.956,58.773,97.059,1717.908,none,port,2.198
2026-05-21 10:36:50,Boat-4,Blue Horizon GP,2,Downwind,30.701,-25.637,15.455,-146.621,220.401,16.97,188.805,6.887,70.444,225.92,1696.615,none,port,2.143
2026-05-21 10:36:50,Boat-5,Straitline Performance,2,Downwind,28.729,-21.432,15.127,-138.247,219.848,17.101,199.68,14.75,66.981,216.906,1696.179,none,port,2.235
2026-05-21 10:36:52,Boat-1,Apex Wave Racing,2,Downwind,25.966,-21.626,14.974,146.393,219.945,16.054,164.193,10.048,61.876,-164.401,1684.362,none,starboard,2.194
2026-05-21 10:36:52,Boat-2,Harbor Velocity Team,2,Downwind,29.483,-24.358,14.69,145.707,220.78,15.796,172.65,7.848,68.516,-110.432,1704.2,none,starboard,2.364
2026-05-21 10:36:52,Boat-3,Northern Reach Sailing,2,Downwind,27.337,-25.993,14.924,-161.957,221.279,16.133,188.515,12.274,60.183,94.224,1705.759,none,port,2.405
2026-05-21 10:36:52,Boat-4,Blue Horizon GP,2,Downwind,30.874,-26.655,14.729,-149.693,220.321,15.444,198.319,8.283,70.255,221.686,1669.953,none,port,2.302
2026-05-21 10:36:52,Boat-5,Straitline Performance,2,Downwind,28.862,-22.454,15.146,-141.075,219.01,15.441,192.118,11.531,68.071,213.286,1684.226,none,port,2.349
2026-05-21 10:36:54,Boat-1,Apex Wave Racing,2,Downwind,25.663,-22.077,15.553,149.344,222.131,15.704,170.766,8.279,61.116,-161.179,1661.607,none,starboard,2.184
2026-05-21 10:36:54,Boat-2,Harbor Velocity Team,2,Downwind,29.245,-25.013,14.945,148.792,218.999,16.42,172.952,7.7,66.221,-107.757,1665.637,none,starboard,2.262
2026-05-21 10:36:54,Boat-3,Northern Reach Sailing,2,Downwind,26.958,-25.812,14.892,-163.236,219.867,15.946,188.036,11.922,60.551,91.326,1679.617,none,port,2.275
2026-05-21 10:36:54,Boat-4,Blue Horizon GP,2,Downwind,30.428,-24.781,15.22,-144.531,220.192,16.14,201.73,8.395,70.096,217.385,1670.838,none,port,2.277
2026-05-21 10:36:54,Boat-5,Straitline Performance,2,Downwind,28.691,-24.659,15.251,-149.26,220.559,15.835,193.56,12.29,68.284,209.604,1662.171,none,port,2.348
2026-05-21 10:36:56,Boat-1,Apex Wave Racing,2,Downwind,26.247,-21.186,15.516,143.821,220.788,16.147,172.583,8.874,60.918,-157.994,1644.949,none,starboard,2.32
2026-05-21 10:36:56,Boat-2,Harbor Velocity Team,2,Downwind,29.727,-26.01,15.661,151.04,219.123,15.661,172.296,8.197,69.461,-105.125,1661.276,none,starboard,2.223
2026-05-21 10:36:56,Boat-3,Northern Reach Sailing,2,Downwind,26.351,-23.499,15.587,-153.098,218.247,15.895,187.091,13.255,58.116,88.366,1664.272,none,port,2.39
2026-05-21 10:36:56,Boat-4,Blue Horizon GP,2,Downwind,30.607,-27.359,15.162,-153.362,219.743,15.376,191.583,6.249,74.5,213.018,1648.206,none,port,2.228
2026-05-21 10:36:56,Boat-5,Straitline Performance,2,Downwind,28.915,-21.791,15.04,-138.905,219.437,15.803,195.359,13.536,67.703,205.861,1653.441,none,port,2.321
2026-05-21 10:36:58,Boat-1,Apex Wave Racing,2,Downwind,25.353,-22.326,14.728,151.717,219.307,15.786,167.372,8.4,62.68,-154.846,1612.963,none,starboard,2.157
2026-05-21 10:36:58,Boat-2,Harbor Velocity Team,2,Downwind,28.627,-24.782,14.881,149.962,219.1,15.438,172.712,7.537,65.78,-102.537,1627.05,none,starboard,2.182
2026-05-21 10:36:58,Boat-3,Northern Reach Sailing,2,Downwind,26.578,-25.442,15.068,-163.188,219.75,15.312,186.705,13.542,57.977,85.344,1631.527,none,port,2.212
2026-05-21 10:36:58,Boat-4,Blue Horizon GP,2,Downwind,31.097,-27.798,15.029,-153.368,219.342,15.096,190.643,7.867,70.163,208.584,1627.897,none,port,2.127
2026-05-21 10:36:58,Boat-5,Straitline Performance,2,Downwind,29.527,-22.283,15.268,-138.997,219.616,15.318,189.399,11.12,68.55,202.056,1634.689,none,port,2.206
2026-05-21 10:37:00,Boat-1,Apex Wave Racing,2,Downwind,25.335,-21.778,15.4,149.273,220.526,16.492,168.774,9.193,63.883,-151.737,1617.021,none,starboard,2.331
2026-05-21 10:37:00,Boat-2,Harbor Velocity Team,2,Downwind,29.02,-24.607,15.254,147.989,219.942,16.665,168.183,8.332,65.65,-99.992,1621.135,none,starboard,2.428
2026-05-21 10:37:00,Boat-3,Northern Reach Sailing,2,Downwind,26.431,-25.42,14.902,-164.103,221.013,16.624,189.495,11.844,59.267,82.26,1612.335,none,port,2.463
2026-05-21 10:37:00,Boat-4,Blue Horizon GP,2,Downwind,30.938,-26.163,15.461,-147.74,221.719,16.478,194.953,8.251,73.525,204.083,1600.66,none,port,2.326
2026-05-21 10:37:00,Boat-5,Straitline Performance,2,Downwind,28.482,-22.776,15.482,-143.098,221.468,16.634,187.977,11.967,65.516,198.188,1607.087,none,port,2.473
2026-05-21 10:37:02,Boat-1,Apex Wave Racing,2,Downwind,24.924,-20.666,15.2,146.013,219.945,16.138,172.782,10.835,61.438,-148.665,1581.821,none,starboard,2.335
2026-05-21 10:37:02,Boat-2,Harbor Velocity Team,2,Downwind,29.413,-23.94,15.12,144.48,219.905,16.092,173.753,8.493,65.523,-97.49,1602.927,none,starboard,2.231
2026-05-21 10:37:02,Boat-3,Northern Reach Sailing,2,Downwind,27.073,-25.304,15.486,-159.173,220.194,16.123,189.335,11.074,56.792,79.116,1594.286,none,port,2.266
2026-05-21 10:37:02,Boat-4,Blue Horizon GP,2,Downwind,30.846,-27.792,15.983,-154.29,219.131,16.386,207.37,7.73,69.645,199.516,1593.941,none,port,2.277
2026-05-21 10:37:02,Boat-5,Straitline Performance,2,Downwind,29.23,-25.135,14.996,-149.305,221.82,15.782,190.263,13.263,67.973,194.258,1579.042,none,port,2.271
2026-05-21 10:37:04,Boat-1,Apex Wave Racing,2,Downwind,24.824,-22.407,14.541,154.506,223.872,16.294,167.252,9.797,63.25,-145.632,1568.818,none,starboard,2.134
2026-05-21 10:37:04,Boat-2,Harbor Velocity Team,2,Downwind,28.212,-22.505,14.722,142.914,220.35,15.754,174.501,8.46,69.287,-95.031,1575.817,none,starboard,2.11
2026-05-21 10:37:04,Boat-3,Northern Reach Sailing,2,Downwind,26.558,-24.793,14.398,-158.995,219.922,15.976,189.65,12.061,58.442,75.911,1573.708,none,port,2.131
2026-05-21 10:37:04,Boat-4,Blue Horizon GP,2,Downwind,30.252,-26.245,14.375,-150.175,219.769,16.098,191.806,8.011,72.018,194.882,1582.886,none,port,2.023
2026-05-21 10:37:04,Boat-5,Straitline Performance,2,Downwind,28.802,-23.439,14.557,-144.467,221.329,16.019,197.545,12.05,67.099,190.266,1563.338,none,port,2.019
2026-05-21 10:37:06,Boat-1,Apex Wave Racing,2,Downwind,24.984,-20.86,14.071,146.608,220.571,15.819,172.462,10.373,61.937,-142.638,1555.178,none,starboard,2.123
2026-05-21 10:37:06,Boat-2,Harbor Velocity Team,2,Downwind,29.082,-23.831,14.644,145.029,220.987,16.316,174.227,10.935,67.519,-92.615,1552.286,none,starboard,2.051
2026-05-21 10:37:06,Boat-3,Northern Reach Sailing,2,Downwind,27.536,-25.473,14.458,-157.679,219.324,16.197,191.714,12.124,61.554,72.647,1556.241,none,port,2.154
2026-05-21 10:37:06,Boat-4,Blue Horizon GP,2,Downwind,30.285,-24.944,14.795,-145.45,220.214,16.151,190.607,7.59,71.666,190.182,1549.286,none,port,2.096
2026-05-21 10:37:06,Boat-5,Straitline Performance,2,Downwind,28.828,-22.846,14.475,-142.42,221.31,16.049,191.838,14.12,67.276,186.213,1553.596,none,port,2.064
2026-05-21 10:37:08,Boat-1,Apex Wave Racing,2,Downwind,24.965,-22.352,14.689,153.554,219.826,16.812,172.828,8.196,60.427,-139.681,1523.846,none,starboard,2.159
2026-05-21 10:37:08,Boat-2,Harbor Velocity Team,2,Downwind,29.048,-24.335,14.708,146.903,219.874,17.166,171.87,8.93,67.798,-90.241,1528.434,none,starboard,2.143
2026-05-21 10:37:08,Boat-3,Northern Reach Sailing,2,Downwind,26.282,-23.475,15.359,-153.277,218.093,16.542,189.208,12.62,56.837,69.325,1541.945,none,port,2.318
2026-05-21 10:37:08,Boat-4,Blue Horizon GP,2,Downwind,30.836,-28.268,15.483,-156.45,221.021,16.544,192.434,7.954,73.42,185.417,1532.342,none,port,2.229
2026-05-21 10:37:08,Boat-5,Straitline Performance,2,Downwind,28.744,-22.236,15.031,-140.678,220.31,16.901,191.896,11.257,66.531,182.099,1524.372,none,port,2.231
2026-05-21 10:37:10,Boat-1,Apex Wave Racing,2,Downwind,25.628,-21.877,14.763,148.61,221.896,16.214,168.586,9.149,61.518,-136.763,1508.488,none,starboard,2.265
2026-05-21 10:37:10,Boat-2,Harbor Velocity Team,2,Downwind,29.217,-24.692,15.393,147.683,220.374,16.083,166.782,6.875,67.703,-87.909,1519.34,none,starboard,2.321
2026-05-21 10:37:10,Boat-3,Northern Reach Sailing,2,Downwind,26.466,-25.233,15.398,-162.446,221.901,16.939,187.473,12.768,58.825,65.946,1514.905,none,port,2.215
2026-05-21 10:37:10,Boat-4,Blue Horizon GP,2,Downwind,31.718,-27.254,15.118,-149.233,219.397,16.662,192.853,7.252,73.119,180.588,1505.771,none,port,2.238
2026-05-21 10:37:10,Boat-5,Straitline Performance,2,Downwind,28.366,-24.518,14.911,-149.809,221.451,16.471,207.582,12.961,65.509,177.925,1514.252,none,port,2.209
2026-05-21 10:37:12,Boat-1,Apex Wave Racing,2,Downwind,24.889,-22.774,14.767,156.209,218.219,17.032,156.332,9.354,61.448,-133.882,1495.123,none,starboard,2.361
2026-05-21 10:37:12,Boat-2,Harbor Velocity Team,2,Downwind,29.042,-24.364,15.249,147.027,219.041,17.392,173.584,8.379,65.794,-85.617,1508.749,none,starboard,2.474
2026-05-21 10:37:12,Boat-3,Northern Reach Sailing,2,Downwind,27.061,-25.706,15.259,-161.79,220.016,17.189,192.5,9.642,58.375,62.512,1490.008,none,port,2.42
2026-05-21 10:37:12,Boat-4,Blue Horizon GP,2,Downwind,30.995,-25.865,15.017,-146.561,221.32,16.914,194.913,7.079,71.393,175.695,1489.736,none,port,2.358
2026-05-21 10:37:12,Boat-5,Straitline Performance,2,Downwind,28.945,-24.138,15.254,-146.504,220.636,16.996,194.909,11.444,65.115,173.691,1508.277,none,port,2.453
2026-05-21 10:37:14,Boat-1,Apex Wave Racing,2,Downwind,23.97,-21.432,14.855,153.397,220.176,15.489,171.089,8.679,60.786,-131.039,1495.429,none,starboard,2.168
2026-05-21 10:37:14,Boat-2,Harbor Velocity Team,2,Downwind,28.742,-23.42,14.978,144.57,218.594,14.978,173.659,7.414,66.526,-83.366,1478.941,none,starboard,2.182
2026-05-21 10:37:14,Boat-3,Northern Reach Sailing,2,Downwind,27.124,-24.496,15.077,-154.572,219.6,15.218,192.298,13.417,62.764,59.024,1483.682,none,port,2.182
2026-05-21 10:37:14,Boat-4,Blue Horizon GP,2,Downwind,30.097,-26.233,15.04,-150.646,219.435,15.509,197.851,8.501,70.344,170.741,1468.797,none,port,2.199
2026-05-21 10:37:14,Boat-5,Straitline Performance,2,Downwind,28.986,-22.315,15.448,-140.343,222.215,15.448,190.499,11.593,67.755,169.399,1482.23,none,port,2.275
2026-05-21 10:37:16,Boat-1,Apex Wave Racing,2,Downwind,24.98,-21.091,15.246,147.597,222.12,16.459,173.034,9.493,62.757,-128.232,1459.091,none,starboard,2.283
2026-05-21 10:37:16,Boat-2,Harbor Velocity Team,2,Downwind,28.283,-23.871,14.789,147.567,218.277,16.557,173.735,8.412,66.584,-81.154,1468.582,none,starboard,2.267
2026-05-21 10:37:16,Boat-3,Northern Reach Sailing,2,Downwind,25.589,-23.517,14.743,-156.782,219.187,16.548,189.265,13.577,58.39,55.485,1457.773,none,port,2.278
2026-05-21 10:37:16,Boat-4,Blue Horizon GP,2,Downwind,31.014,-27.785,15.089,-153.62,219.748,16.479,197.617,8.525,74.027,165.726,1458.781,none,port,2.305
2026-05-21 10:37:16,Boat-5,Straitline Performance,2,Downwind,28.127,-21.231,14.578,-139.01,218.916,15.898,190.62,12.667,67.926,165.05,1461.652,none,port,2.223
2026-05-21 10:37:18,Boat-1,Apex Wave Racing,2,Downwind,25.2,-21.347,15.279,147.897,219.68,17.591,169.786,10.188,62.432,-125.462,1449.785,none,starboard,2.29
2026-05-21 10:37:18,Boat-2,Harbor Velocity Team,2,Downwind,29.342,-25.185,15.585,149.131,220.522,16.683,173.768,6.465,65.369,-78.98,1438.987,none,starboard,2.322
2026-05-21 10:37:18,Boat-3,Northern Reach Sailing,2,Downwind,25.97,-23.948,14.814,-157.241,221.188,17.362,192.288,12.258,58.5,51.895,1439.984,none,port,2.373
2026-05-21 10:37:18,Boat-4,Blue Horizon GP,2,Downwind,30.427,-26.721,15.604,-151.427,221.616,17.16,196.161,8.371,70.259,160.652,1437.026,none,port,2.366
2026-05-21 10:37:18,Boat-5,Straitline Performance,2,Downwind,28.086,-22.295,15.629,-142.546,220.548,17.341,193.815,11.633,67.017,160.646,1435.549,none,port,2.32
2026-05-21 10:37:20,Boat-1,Apex Wave Racing,2,Downwind,24.929,-22.196,14.631,152.922,218.125,16.522,173.196,8.996,59.232,-122.727,1428.538,none,starboard,2.279
2026-05-21 10:37:20,Boat-2,Harbor Velocity Team,2,Downwind,28.886,-24.463,14.701,147.875,219.66,16.42,173.067,6.833,66.768,-76.843,1429.104,none,starboard,2.231
2026-05-21 10:37:20,Boat-3,Northern Reach Sailing,2,Downwind,26.613,-25.285,14.801,-161.828,221.001,16.587,191.648,11.915,57.561,48.258,1424.595,none,port,2.091
2026-05-21 10:37:20,Boat-4,Blue Horizon GP,2,Downwind,30.435,-27.196,14.363,-153.327,218.966,16.573,194.202,7.406,67.301,155.521,1423.567,none,port,2.087
2026-05-21 10:37:20,Boat-5,Straitline Performance,2,Downwind,28.442,-21.844,14.587,-140.176,218.641,16.815,195.884,11.849,67.055,156.187,1425.609,none,port,2.181
2026-05-21 10:37:22,Boat-1,Apex Wave Racing,2,Downwind,25.755,-22.317,14.235,150.058,219.466,14.678,174.136,9.8,59.07,-120.027,1404.231,none,starboard,2.109
2026-05-21 10:37:22,Boat-2,Harbor Velocity Team,2,Downwind,28.223,-23.08,14.177,144.865,217.843,14.665,173.408,8.526,65.708,-74.741,1404.13,none,starboard,2.188
2026-05-21 10:37:22,Boat-3,Northern Reach Sailing,2,Downwind,27.341,-25.009,14.877,-156.166,218.837,14.981,194.692,11.534,59.341,44.575,1404.475,none,port,2.09
2026-05-21 10:37:22,Boat-4,Blue Horizon GP,2,Downwind,30.152,-26.2,14.501,-150.332,220.694,15.01,194.371,5.914,68.018,150.335,1396.26,none,port,2.157
2026-05-21 10:37:22,Boat-5,Straitline Performance,2,Downwind,28.702,-22.76,14.6,-142.464,220.647,14.792,193.922,12.236,65.858,151.677,1404.029,none,port,2.079
2026-05-21 10:37:24,Boat-1,Apex Wave Racing,2,Downwind,24.761,-21.522,14.434,150.365,221.569,15.353,170.609,11.143,62.629,-117.361,1376.288,none,starboard,1.974
2026-05-21 10:37:24,Boat-2,Harbor Velocity Team,2,Downwind,28.914,-22.853,14.491,142.219,219.9,15.613,172.839,9.391,68.576,-72.674,1393.033,none,starboard,1.834
2026-05-21 10:37:24,Boat-3,Northern Reach Sailing,2,Downwind,27.418,-25.281,14.346,-157.231,221.25,15.043,191.89,11.698,59.705,40.849,1396.336,none,port,1.96
2026-05-21 10:37:24,Boat-4,Blue Horizon GP,2,Downwind,31.291,-27.492,14.479,-151.473,221.074,16.054,195.748,9.247,68.433,145.096,1382.876,none,port,1.93
2026-05-21 10:37:24,Boat-5,Straitline Performance,2,Downwind,28.833,-22.34,14.887,-140.788,218.078,15.754,196.947,10.077,67.981,147.116,1389.011,none,port,1.987
2026-05-21 10:37:26,Boat-1,Apex Wave Racing,2,Downwind,25.556,-23.184,15.16,155.122,220.241,17.179,172.625,8.999,60.632,-114.727,1372.188,none,starboard,2.191
2026-05-21 10:37:26,Boat-2,Harbor Velocity Team,2,Downwind,29.015,-22.908,15.795,142.14,218.454,17.312,174.869,8.902,68.913,-70.641,1371.49,none,starboard,2.267
2026-05-21 10:37:26,Boat-3,Northern Reach Sailing,2,Downwind,26.456,-24.74,14.946,-159.256,219.668,16.476,191.666,12.228,57.831,37.082,1368.884,none,port,2.206
2026-05-21 10:37:26,Boat-4,Blue Horizon GP,2,Downwind,29.784,-26.36,14.582,-152.254,220.168,17.452,197.16,5.756,72.215,139.805,1358.92,none,port,2.243
2026-05-21 10:37:26,Boat-5,Straitline Performance,2,Downwind,28.739,-23.099,14.35,-143.487,218.492,17.008,195.969,10.87,67.148,142.506,1373.933,none,port,2.193
2026-05-21 10:37:28,Boat-1,Apex Wave Racing,2,Downwind,25.138,-21.423,15.477,148.453,218.983,17.461,171.116,10.887,62.582,-112.126,1335.84,none,starboard,2.048
2026-05-21 10:37:28,Boat-2,Harbor Velocity Team,2,Downwind,28.777,-22.898,15.332,142.722,221.732,16.35,174.07,9.207,65.521,-68.638,1348.084,none,starboard,2.122
2026-05-21 10:37:28,Boat-3,Northern Reach Sailing,2,Downwind,26.563,-25.236,15.189,-161.811,219.234,17.402,192.526,11.963,61.058,33.277,1359.661,none,port,2.141
2026-05-21 10:37:28,Boat-4,Blue Horizon GP,2,Downwind,30.562,-26.203,15.543,-149.022,219.776,16.72,194.435,8.574,75.131,134.467,1348.454,none,port,1.996
2026-05-21 10:37:28,Boat-5,Straitline Performance,2,Downwind,28.583,-22.641,15.532,-142.382,218.494,17.123,192.799,12.48,66.601,137.85,1356.632,none,port,2.132
2026-05-21 10:37:30,Boat-1,Apex Wave Racing,2,Downwind,24.796,-21.734,14.54,151.225,219.163,16.247,168.44,10.054,63.265,-109.554,1339.09,none,starboard,2.198
2026-05-21 10:37:30,Boat-2,Harbor Velocity Team,2,Downwind,27.753,-22.959,14.536,145.819,219.28,16.021,173.68,8.479,67.096,-66.666,1333.223,none,starboard,2.283
2026-05-21 10:37:30,Boat-3,Northern Reach Sailing,2,Downwind,26.017,-24.374,14.575,-159.529,219.594,15.953,189.568,12.241,59.755,29.435,1334.465,none,port,2.265
2026-05-21 10:37:30,Boat-4,Blue Horizon GP,2,Downwind,29.779,-24.497,14.987,-145.349,222.255,15.601,196.225,10.428,67.854,129.082,1317.261,none,port,2.241
2026-05-21 10:37:30,Boat-5,Straitline Performance,2,Downwind,28.114,-23.841,15.042,-147.998,220.194,16.388,193.378,12.3,68.621,133.15,1332.75,none,port,2.326
2026-05-21 10:37:32,Boat-1,Apex Wave Racing,2,Downwind,24.144,-21.714,14.017,154.074,219.247,15.04,175.661,7.817,59.717,-107.012,1310.841,none,starboard,2.001
2026-05-21 10:37:32,Boat-2,Harbor Velocity Team,2,Downwind,28.809,-24.075,13.724,146.686,220.613,15.002,174.714,8.209,70.634,-64.721,1312.715,none,starboard,2.07
2026-05-21 10:37:32,Boat-3,Northern Reach Sailing,2,Downwind,26.462,-23.872,14.245,-154.441,219.002,15.446,191.76,12.572,60.712,25.561,1313.889,none,port,1.979
2026-05-21 10:37:32,Boat-4,Blue Horizon GP,2,Downwind,29.85,-25.714,13.818,-149.478,219.848,14.943,201.665,8.202,69.886,123.653,1311.294,none,port,1.945
2026-05-21 10:37:32,Boat-5,Straitline Performance,2,Downwind,27.876,-21.841,13.804,-141.583,220.253,14.477,192.929,12.179,68.06,128.408,1316.933,none,port,2.029
2026-05-21 10:37:34,Boat-1,Apex Wave Racing,2,Downwind,24.425,-21.877,14.784,153.594,220.22,15.553,172.988,8.257,59.633,-104.498,1272.447,none,starboard,2.115
2026-05-21 10:37:34,Boat-2,Harbor Velocity Team,2,Downwind,28.099,-21.62,14.678,140.302,221.021,15.798,170.608,8.043,65.954,-62.803,1291.476,none,starboard,2.213
2026-05-21 10:37:34,Boat-3,Northern Reach Sailing,2,Downwind,26.626,-25.528,14.289,-163.491,218.37,14.843,189.781,12.156,58.752,21.657,1297.102,none,port,2.157
2026-05-21 10:37:34,Boat-4,Blue Horizon GP,2,Downwind,29.348,-24.367,14.492,-146.126,220.047,15.054,196.65,8.717,71.583,118.184,1289.828,none,port,2.051
2026-05-21 10:37:34,Boat-5,Straitline Performance,2,Downwind,27.262,-23.144,13.886,-148.099,222.518,15.633,196.382,11.576,64.364,123.627,1291.268,none,port,2.133
2026-05-21 10:37:36,Boat-1,Apex Wave Racing,2,Downwind,23.618,-20.535,14.514,150.397,221.18,15.905,160.207,8.846,64.909,-102.01,1270.172,none,starboard,1.999
2026-05-21 10:37:36,Boat-2,Harbor Velocity Team,2,Downwind,28.649,-22.972,14.73,143.307,218.658,16.106,172.96,9.119,68.355,-60.909,1289.672,none,starboard,2.01
2026-05-21 10:37:36,Boat-3,Northern Reach Sailing,2,Downwind,26.115,-24.91,14.461,-162.52,220.562,15.663,192.434,12.186,59.819,17.726,1268.439,none,port,2.056
2026-05-21 10:37:36,Boat-4,Blue Horizon GP,2,Downwind,29.061,-23.907,14.122,-145.35,219.338,16.226,193.36,9.019,74.169,112.677,1274.592,none,port,2.015
2026-05-21 10:37:36,Boat-5,Straitline Performance,2,Downwind,27.706,-21.709,14.928,-141.587,219.608,16.053,193.714,12.223,67.215,118.81,1284.282,none,port,2.014
2026-05-21 10:37:38,Boat-1,Apex Wave Racing,2,Downwind,23.39,-20.251,14.42,149.97,220.882,15.641,172.279,8.964,62.76,-99.547,1258.69,none,starboard,1.936
2026-05-21 10:37:38,Boat-2,Harbor Velocity Team,2,Downwind,28.239,-23.349,14.945,145.773,219.808,15.402,176.46,9.134,67.841,-59.038,1260.99,none,starboard,2.02
2026-05-21 10:37:38,Boat-3,Northern Reach Sailing,2,Downwind,25.056,-23.823,15.258,-161.953,219.482,15.958,199.791,10.526,59.277,13.77,1261.333,none,port,2.007
2026-05-21 10:37:38,Boat-4,Blue Horizon GP,2,Downwind,28.125,-24.946,14.599,-152.496,219.891,16.031,198.309,8.461,70.484,107.135,1243.305,none,port,1.96
2026-05-21 10:37:38,Boat-5,Straitline Performance,2,Downwind,27.744,-22.841,14.154,-145.415,220.575,15.595,191.854,12.473,65.387,113.958,1251.646,none,port,2.079
2026-05-21 10:37:40,Boat-1,Apex Wave Racing,2,Downwind,22.353,-18.352,14.581,145.185,220.134,15.613,172.411,10.263,61.638,-97.107,1234.01,none,starboard,2.075
2026-05-21 10:37:40,Boat-2,Harbor Velocity Team,2,Downwind,28.307,-22.307,14.686,142.001,220.242,15.759,174.607,8.348,69.481,-57.188,1229.515,none,starboard,2.142
2026-05-21 10:37:40,Boat-3,Northern Reach Sailing,2,Downwind,23.514,-22.264,14.266,-161.237,220.312,15.87,193.797,12.592,62.133,9.794,1246.396,none,port,2.189
2026-05-21 10:37:40,Boat-4,Blue Horizon GP,2,Downwind,26.585,-23.625,14.593,-152.708,220.693,15.592,202.166,10.813,73.061,101.562,1241.0,none,port,2.115
2026-05-21 10:37:40,Boat-5,Straitline Performance,2,Downwind,27.717,-22.062,14.729,-142.745,219.81,15.75,203.872,10.302,67.339,109.076,1237.906,none,port,2.126
2026-05-21 10:37:42,Boat-1,Apex Wave Racing,2,Downwind,20.957,-17.662,14.782,147.438,217.983,16.525,173.33,10.983,61.004,-94.69,1222.232,none,starboard,2.142
2026-05-21 10:37:42,Boat-2,Harbor Velocity Team,2,Downwind,29.045,-24.193,15.072,146.402,219.575,16.569,166.629,7.942,68.183,-55.356,1221.986,none,starboard,2.113
2026-05-21 10:37:42,Boat-3,Northern Reach Sailing,2,Downwind,22.877,-21.489,14.896,-159.933,219.764,16.264,188.678,13.917,60.158,5.8,1228.874,none,port,2.154
2026-05-21 10:37:42,Boat-4,Blue Horizon GP,2,Downwind,27.454,-4.742,14.781,-99.947,219.145,15.876,195.693,12.042,71.879,95.959,1215.872,none,port,2.181
2026-05-21 10:37:42,Boat-5,Straitline Performance,2,Downwind,27.884,-23.414,15.015,-147.111,220.206,16.112,194.2,10.87,61.787,104.165,1229.516,none,port,2.192
2026-05-21 10:37:44,Boat-1,Apex Wave Racing,2,Downwind,20.562,-17.223,14.577,146.888,217.796,14.78,174.652,11.883,61.927,-92.292,1192.834,none,starboard,2.053
2026-05-21 10:37:44,Boat-2,Harbor Velocity Team,2,Downwind,28.534,-23.071,14.402,143.956,219.653,15.756,174.582,9.846,66.847,-53.541,1214.171,none,starboard,2.089
2026-05-21 10:37:44,Boat-3,Northern Reach Sailing,2,Downwind,22.075,-20.983,14.352,-161.905,219.86,15.537,188.367,12.09,60.128,1.79,1193.959,none,port,1.994
2026-05-21 10:37:44,Boat-4,Blue Horizon GP,2,Downwind,25.715,16.992,14.635,-48.641,216.937,15.098,193.247,16.166,76.871,90.331,1201.029,none,port,2.089
2026-05-21 10:37:44,Boat-5,Straitline Performance,2,Downwind,27.068,-22.342,14.714,-145.628,219.414,15.39,190.191,11.424,67.435,99.229,1198.99,none,port,2.068
2026-05-21 10:37:46,Boat-1,Apex Wave Racing,2,Downwind,19.259,-3.295,15.061,99.853,219.825,16.901,171.421,14.901,61.063,-89.912,1171.199,none,starboard,2.188
2026-05-21 10:37:46,Boat-2,Harbor Velocity Team,2,Downwind,28.912,-22.963,15.109,142.583,217.775,16.386,173.806,8.344,67.8,-51.74,1183.858,none,starboard,2.255
2026-05-21 10:37:46,Boat-3,Northern Reach Sailing,2,Downwind,20.195,-7.149,15.029,-110.732,216.987,16.599,194.413,17.912,59.655,-2.23,1174.277,none,port,2.203
2026-05-21 10:37:46,Boat-4,Blue Horizon GP,2,Downwind,25.037,25.004,15.049,2.953,219.803,16.702,194.376,20.515,72.804,84.681,1167.965,gybe,starboard,2.197
2026-05-21 10:37:46,Boat-5,Straitline Performance,2,Downwind,27.22,-21.668,15.21,-142.752,220.448,16.38,195.228,11.924,68.385,94.271,1174.479,none,port,2.13
2026-05-21 10:37:48,Boat-1,Apex Wave Racing,2,Downwind,17.771,10.92,14.081,52.086,217.908,17.206,170.286,18.113,64.598,-87.549,1161.398,none,starboard,2.376
2026-05-21 10:37:48,Boat-2,Harbor Velocity Team,2,Downwind,28.335,-23.252,14.514,145.146,219.997,17.265,174.612,8.235,67.735,-49.951,1181.09,none,starboard,2.31
2026-05-21 10:37:48,Boat-3,Northern Reach Sailing,2,Downwind,18.516,9.948,14.479,-57.502,218.435,17.141,205.767,19.899,59.631,-6.259,1162.638,none,port,2.208
2026-05-21 10:37:48,Boat-4,Blue Horizon GP,2,Downwind,25.351,14.972,14.345,53.801,218.202,17.332,205.869,18.462,73.0,78.252,1153.902,none,starboard,2.268
2026-05-21 10:37:48,Boat-5,Straitline Performance,2,Downwind,27.834,-21.776,14.376,-141.477,218.23,17.133,209.162,9.722,66.863,89.293,1162.491,none,port,2.285
2026-05-21 10:37:50,Boat-1,Apex Wave Racing,2,Downwind,17.698,17.688,14.114,1.915,219.119,14.554,172.045,20.543,61.838,-85.201,1143.676,gybe,starboard,2.121
2026-05-21 10:37:50,Boat-2,Harbor Velocity Team,2,Downwind,28.342,-23.569,14.7,146.265,218.832,14.7,175.4,8.554,67.469,-48.172,1146.028,none,starboard,2.081
2026-05-21 10:37:50,Boat-3,Northern Reach Sailing,2,Downwind,18.837,18.757,14.566,-5.275,219.994,14.566,196.188,25.017,60.982,-10.293,1157.574,gybe,port,2.158
2026-05-21 10:37:50,Boat-4,Blue Horizon GP,2,Downwind,26.029,-7.214,14.327,106.091,220.183,14.914,214.774,11.817,72.379,71.808,1141.416,none,starboard,2.102
2026-05-21 10:37:50,Boat-5,Straitline Performance,2,Downwind,27.036,-20.819,14.47,-140.357,216.675,14.47,191.306,10.667,65.089,84.3,1156.611,none,port,2.117
2026-05-21 10:37:52,Boat-1,Apex Wave Racing,2,Downwind,17.966,12.178,14.764,-47.327,219.647,16.787,167.842,19.01,65.058,-82.124,1122.574,none,port,2.304
2026-05-21 10:37:52,Boat-2,Harbor Velocity Team,2,Downwind,27.315,-21.574,14.881,142.17,219.697,16.118,171.584,8.3,65.41,-46.4,1136.968,none,starboard,2.217
2026-05-21 10:37:52,Boat-3,Northern Reach Sailing,2,Downwind,19.152,13.326,14.736,45.907,217.91,16.7,191.227,21.103,61.94,-15.469,1130.914,none,starboard,2.285
2026-05-21 10:37:52,Boat-4,Blue Horizon GP,2,Downwind,26.91,-24.713,15.142,156.686,219.311,16.428,202.969,8.574,71.434,65.351,1135.322,none,starboard,2.228
2026-05-21 10:37:52,Boat-5,Straitline Performance,2,Downwind,27.049,-22.879,14.624,-147.762,219.772,16.683,192.285,11.324,70.426,79.294,1112.475,none,port,2.233
2026-05-21 10:37:54,Boat-1,Apex Wave Racing,2,Downwind,18.145,-1.478,14.031,-94.671,218.054,14.74,171.381,15.033,62.251,-79.058,1115.161,none,port,2.037
2026-05-21 10:37:54,Boat-2,Harbor Velocity Team,2,Downwind,27.686,-22.446,13.916,144.17,220.318,14.442,174.629,7.418,69.621,-44.635,1122.119,none,starboard,2.041
2026-05-21 10:37:54,Boat-3,Northern Reach Sailing,2,Downwind,19.026,-2.424,13.981,97.321,219.716,15.425,191.98,18.865,59.113,-20.643,1105.43,none,starboard,2.111
2026-05-21 10:37:54,Boat-4,Blue Horizon GP,2,Downwind,27.333,-23.67,13.928,149.996,220.343,15.138,195.827,9.534,73.338,58.886,1110.93,none,starboard,2.093
2026-05-21 10:37:54,Boat-5,Straitline Performance,2,Downwind,27.108,-23.216,13.928,-148.92,217.32,14.971,201.457,12.279,68.981,74.278,1110.589,none,port,2.031
2026-05-21 10:37:56,Boat-1,Apex Wave Racing,2,Downwind,19.734,-15.789,14.582,-143.141,218.294,16.137,171.968,11.111,61.022,-76.0,1082.175,none,port,2.27
2026-05-21 10:37:56,Boat-2,Harbor Velocity Team,2,Downwind,27.851,-23.228,14.739,146.514,220.156,16.138,176.268,8.43,69.446,-42.872,1099.433,none,starboard,2.215
2026-05-21 10:37:56,Boat-3,Northern Reach Sailing,2,Downwind,21.225,-18.461,14.654,150.437,217.891,16.029,195.847,14.675,60.374,-25.812,1082.168,none,starboard,2.282
2026-05-21 10:37:56,Boat-4,Blue Horizon GP,2,Downwind,28.55,-26.03,15.287,155.744,218.378,15.878,195.373,8.588,69.746,52.417,1089.694,none,starboard,2.205
2026-05-21 10:37:56,Boat-5,Straitline Performance,2,Downwind,26.639,-22.388,14.732,-147.185,220.864,17.017,194.487,11.022,66.272,69.256,1086.937,none,port,2.289
2026-05-21 10:37:58,Boat-1,Apex Wave Racing,2,Downwind,20.512,-17.508,14.555,-148.6,219.301,15.886,168.682,12.381,61.833,-72.95,1071.876,none,port,2.094
2026-05-21 10:37:58,Boat-2,Harbor Velocity Team,2,Downwind,28.297,-22.436,14.18,142.455,219.788,16.342,175.702,8.341,65.777,-41.11,1068.079,none,starboard,2.112
2026-05-21 10:37:58,Boat-3,Northern Reach Sailing,2,Downwind,22.447,-21.421,14.329,162.608,219.423,15.594,197.797,11.745,60.189,-30.973,1069.036,none,starboard,2.145
2026-05-21 10:37:58,Boat-4,Blue Horizon GP,2,Downwind,28.815,-24.526,14.44,148.336,218.816,15.737,195.855,9.267,68.021,45.945,1063.861,none,starboard,2.17
2026-05-21 10:37:58,Boat-5,Straitline Performance,2,Downwind,27.164,-22.906,14.214,-147.483,218.802,16.036,196.022,10.815,66.724,64.231,1071.704,none,port,2.133
2026-05-21 10:38:00,Boat-1,Apex Wave Racing,2,Downwind,21.337,-19.439,14.503,-155.647,219.867,16.331,173.054,10.757,57.878,-69.904,1051.717,none,port,1.838
2026-05-21 10:38:00,Boat-2,Harbor Velocity Team,2,Downwind,27.324,-20.777,13.908,139.5,220.019,16.093,169.66,10.467,67.009,-39.347,1052.523,none,starboard,1.944
2026-05-21 10:38:00,Boat-3,Northern Reach Sailing,2,Downwind,24.194,-22.923,14.646,161.345,221.084,16.103,201.817,12.922,60.322,-36.123,1050.049,none,starboard,1.844
2026-05-21 10:38:00,Boat-4,Blue Horizon GP,2,Downwind,28.385,-25.03,14.548,151.858,218.939,16.492,204.406,9.28,71.071,39.476,1044.133,none,starboard,1.952
2026-05-21 10:38:00,Boat-5,Straitline Performance,2,Downwind,25.754,-19.376,14.632,-138.796,218.171,16.384,199.046,12.811,63.977,59.206,1051.939,none,port,1.908
2026-05-21 10:38:02,Boat-1,Apex Wave Racing,2,Downwind,21.974,-19.737,15.294,-153.922,220.57,16.886,172.56,10.288,62.088,-66.861,1021.901,none,port,2.272
2026-05-21 10:38:02,Boat-2,Harbor Velocity Team,2,Downwind,27.845,-21.299,15.28,139.9,220.16,16.987,174.414,9.399,67.363,-37.58,1048.729,none,starboard,2.25
2026-05-21 10:38:02,Boat-3,Northern Reach Sailing,2,Downwind,23.65,-22.043,15.142,158.758,220.254,17.12,202.557,13.457,56.719,-41.257,1043.345,none,starboard,2.195
2026-05-21 10:38:02,Boat-4,Blue Horizon GP,2,Downwind,30.085,-26.607,15.214,152.176,217.772,16.857,208.034,8.08,72.742,33.013,1035.36,none,starboard,2.064
2026-05-21 10:38:02,Boat-5,Straitline Performance,2,Downwind,25.708,-19.561,14.451,-139.544,222.373,16.7,196.363,12.046,68.287,54.185,1042.605,none,port,2.185
2026-05-21 10:38:04,Boat-1,Apex Wave Racing,2,Downwind,22.813,-20.12,14.249,-151.881,220.078,15.208,166.781,8.599,61.733,-63.819,1005.122,none,port,2.098
2026-05-21 10:38:04,Boat-2,Harbor Velocity Team,2,Downwind,27.306,-21.976,14.18,143.591,221.055,15.722,174.729,7.756,65.654,-35.807,1016.325,none,starboard,2.062
2026-05-21 10:38:04,Boat-3,Northern Reach Sailing,2,Downwind,24.953,-23.467,14.383,160.13,217.374,15.625,191.339,11.558,57.822,-46.374,1025.369,none,starboard,2.034
2026-05-21 10:38:04,Boat-4,Blue Horizon GP,2,Downwind,29.848,-24.988,14.201,146.843,220.633,15.191,199.033,7.705,70.178,26.559,1019.874,none,starboard,2.109
2026-05-21 10:38:04,Boat-5,Straitline Performance,2,Downwind,24.617,-20.705,14.365,-147.255,219.39,15.614,195.291,12.833,65.352,49.171,1017.76,none,port,2.053
2026-05-21 10:38:06,Boat-1,Apex Wave Racing,2,Downwind,23.78,-21.864,15.288,-156.845,219.631,16.851,156.165,8.586,63.51,-60.776,995.996,none,port,2.201
2026-05-21 10:38:06,Boat-2,Harbor Velocity Team,2,Downwind,27.552,-21.297,15.123,140.62,219.513,17.777,174.094,9.383,64.658,-34.025,1010.206,none,starboard,2.135
2026-05-21 10:38:06,Boat-3,Northern Reach Sailing,2,Downwind,25.555,-23.74,15.171,158.274,220.483,17.261,194.668,11.804,57.12,-51.47,992.418,none,starboard,2.146
2026-05-21 10:38:06,Boat-4,Blue Horizon GP,2,Downwind,29.633,-26.072,15.534,151.621,217.762,17.354,203.321,7.909,71.662,20.118,997.978,none,starboard,2.216
2026-05-21 10:38:06,Boat-5,Straitline Performance,2,Downwind,24.461,-20.438,15.303,-146.669,219.319,17.133,199.4,11.994,69.188,44.167,1005.959,none,port,2.177
2026-05-21 10:38:08,Boat-1,Apex Wave Racing,2,Downwind,23.083,-19.131,14.229,-145.977,218.706,15.048,169.504,9.837,58.703,-57.729,991.338,none,port,2.008
2026-05-21 10:38:08,Boat-2,Harbor Velocity Team,2,Downwind,26.206,-21.153,14.572,143.823,219.708,14.667,175.22,8.81,66.723,-32.234,981.784,none,starboard,2.124
2026-05-21 10:38:08,Boat-3,Northern Reach Sailing,2,Downwind,25.284,-23.669,14.316,159.413,221.532,14.649,201.932,12.281,59.331,-56.542,986.525,none,starboard,2.127
2026-05-21 10:38:08,Boat-4,Blue Horizon GP,2,Downwind,29.0,-25.164,14.5,150.194,220.734,14.5,196.561,7.529,69.106,13.692,990.028,none,starboard,2.065
2026-05-21 10:38:08,Boat-5,Straitline Performance,2,Downwind,23.141,-2.767,14.165,-96.866,220.35,14.473,192.801,15.286,69.847,39.176,989.377,none,port,2.115
2026-05-21 10:38:10,Boat-1,Apex Wave Racing,2,Downwind,24.577,-21.474,14.114,-150.898,218.157,16.169,174.445,8.745,63.848,-54.678,963.082,none,port,1.91
2026-05-21 10:38:10,Boat-2,Harbor Velocity Team,2,Downwind,25.722,-22.379,14.321,150.465,220.36,16.474,175.276,9.433,67.384,-30.429,967.205,none,starboard,1.91
2026-05-21 10:38:10,Boat-3,Northern Reach Sailing,2,Downwind,24.606,-23.242,14.265,160.836,222.412,16.112,191.253,10.573,57.716,-61.586,967.294,none,starboard,1.973
2026-05-21 10:38:10,Boat-4,Blue Horizon GP,2,Downwind,28.817,-25.257,13.92,151.216,219.802,16.465,195.033,10.305,72.897,7.287,954.83,none,starboard,1.898
2026-05-21 10:38:10,Boat-5,Straitline Performance,2,Downwind,22.687,15.188,13.663,-47.974,220.232,16.007,191.57,21.878,68.065,34.201,962.099,none,port,1.987
2026-05-21 10:38:12,Boat-1,Apex Wave Racing,2,Downwind,23.912,-21.139,14.512,-152.133,218.563,16.06,174.42,9.914,63.319,-51.619,928.505,none,port,2.149
2026-05-21 10:38:12,Boat-2,Harbor Velocity Team,2,Downwind,23.523,-18.131,14.552,140.421,218.586,15.745,175.074,8.597,65.785,-28.61,937.931,none,starboard,2.194
2026-05-21 10:38:12,Boat-3,Northern Reach Sailing,2,Downwind,24.658,-22.318,14.673,154.836,219.648,16.648,193.335,11.998,58.456,-66.601,935.967,none,starboard,2.225
2026-05-21 10:38:12,Boat-4,Blue Horizon GP,2,Downwind,28.786,-24.645,14.761,148.886,218.906,15.919,196.154,7.436,72.324,0.904,942.409,none,starboard,2.189
2026-05-21 10:38:12,Boat-5,Straitline Performance,2,Downwind,23.18,23.143,14.316,3.257,220.378,16.05,197.683,25.325,66.53,29.246,940.875,gybe,starboard,2.162
2026-05-21 10:38:14,Boat-1,Apex Wave Racing,2,Downwind,24.0,-20.332,14.208,-147.906,219.728,15.806,162.649,10.105,64.003,-48.551,900.368,none,port,2.1
2026-05-21 10:38:14,Boat-2,Harbor Velocity Team,2,Downwind,22.345,-16.286,14.474,136.79,217.808,15.807,173.728,9.817,68.759,-26.774,924.795,none,starboard,2.029
2026-05-21 10:38:14,Boat-3,Northern Reach Sailing,2,Downwind,25.068,-23.167,14.346,157.544,217.776,15.727,200.619,13.81,57.217,-71.582,925.124,none,starboard,2.029
2026-05-21 10:38:14,Boat-4,Blue Horizon GP,2,Downwind,28.541,-23.968,13.738,147.118,219.656,15.801,199.073,8.592,71.095,-5.453,910.847,none,starboard,2.047
2026-05-21 10:38:14,Boat-5,Straitline Performance,2,Downwind,22.387,14.235,14.152,50.517,217.811,16.017,201.653,19.298,70.381,23.182,927.534,none,starboard,2.138
2026-05-21 10:38:16,Boat-1,Apex Wave Racing,2,Downwind,23.737,-20.942,14.259,-151.916,219.807,14.511,158.647,8.338,61.791,-45.472,908.83,none,port,2.065
2026-05-21 10:38:16,Boat-2,Harbor Velocity Team,2,Downwind,20.848,-0.503,14.206,91.381,219.979,14.713,173.207,13.364,70.614,-24.919,904.344,none,starboard,2.106
2026-05-21 10:38:16,Boat-3,Northern Reach Sailing,2,Downwind,24.967,-23.29,14.173,158.884,219.915,15.201,195.596,11.059,58.534,-76.528,909.582,none,starboard,2.0
2026-05-21 10:38:16,Boat-4,Blue Horizon GP,2,Downwind,27.613,-23.367,13.939,147.803,219.786,15.118,220.516,6.553,71.379,-11.78,905.723,none,starboard,2.088
2026-05-21 10:38:16,Boat-5,Straitline Performance,2,Downwind,22.826,-4.665,14.167,101.792,220.026,14.308,194.174,16.403,68.107,17.143,910.387,none,starboard,2.032
2026-05-21 10:38:18,Boat-1,Apex Wave Racing,2,Downwind,24.264,-20.412,14.604,-147.272,217.058,15.803,169.674,10.994,63.656,-42.379,884.582,none,port,2.149
2026-05-21 10:38:18,Boat-2,Harbor Velocity Team,2,Downwind,21.517,15.887,14.533,42.409,219.141,15.068,172.916,17.584,70.274,-23.042,893.47,none,starboard,2.189
2026-05-21 10:38:18,Boat-3,Northern Reach Sailing,2,Downwind,24.757,-22.888,14.795,157.596,221.124,15.734,190.769,12.515,57.402,-81.436,889.825,none,starboard,2.14
2026-05-21 10:38:18,Boat-4,Blue Horizon GP,2,Downwind,29.424,-26.004,14.598,152.1,218.927,14.909,195.368,7.843,68.821,-18.075,896.077,none,starboard,2.06
2026-05-21 10:38:18,Boat-5,Straitline Performance,2,Downwind,23.639,-20.959,14.179,152.449,219.045,15.385,196.951,11.426,68.045,11.133,879.825,none,starboard,2.079
2026-05-21 10:38:20,Boat-1,Apex Wave Racing,2,Downwind,22.975,-20.507,14.462,-153.202,218.41,15.811,171.635,9.425,59.41,-39.272,874.802,none,port,2.152
2026-05-21 10:38:20,Boat-2,Harbor Velocity Team,2,Downwind,21.134,21.104,14.547,-3.081,217.946,15.806,172.523,19.839,68.687,-21.143,873.962,gybe,port,2.14
2026-05-21 10:38:20,Boat-3,Northern Reach Sailing,2,Downwind,25.45,-24.233,14.383,162.209,219.068,16.019,194.58,11.816,60.539,-86.302,858.194,none,starboard,2.14
2026-05-21 10:38:20,Boat-4,Blue Horizon GP,2,Downwind,29.227,-24.392,14.687,146.57,219.602,16.298,196.814,7.866,68.911,-24.335,860.047,none,starboard,2.054
2026-05-21 10:38:20,Boat-5,Straitline Performance,2,Downwind,25.23,-20.389,14.514,143.915,218.261,16.033,201.226,12.838,66.119,5.154,871.053,none,starboard,2.016
2026-05-21 10:38:22,Boat-1,Apex Wave Racing,2,Downwind,22.035,-19.875,14.111,-154.414,220.726,15.207,171.597,7.497,63.07,-36.148,842.205,none,port,2.064
2026-05-21 10:38:22,Boat-2,Harbor Velocity Team,2,Downwind,21.266,12.688,13.728,-53.37,219.952,15.606,172.34,17.224,65.593,-18.382,857.967,none,port,2.008
2026-05-21 10:38:22,Boat-3,Northern Reach Sailing,2,Downwind,24.52,-21.79,13.999,152.704,220.548,14.762,204.987,11.889,60.008,-91.125,852.572,none,starboard,2.027
2026-05-21 10:38:22,Boat-4,Blue Horizon GP,2,Downwind,27.727,-24.832,14.13,153.584,220.205,15.148,212.413,8.267,70.913,-30.555,854.778,none,starboard,2.089
2026-05-21 10:38:22,Boat-5,Straitline Performance,2,Downwind,25.03,-21.818,14.115,150.655,219.454,15.163,195.905,10.61,67.76,-0.79,849.128,none,starboard,1.953
2026-05-21 10:38:24,Boat-1,Apex Wave Racing,2,Downwind,23.15,-20.407,14.853,-151.822,219.306,16.371,165.733,9.382,60.659,-33.005,832.379,none,port,2.053
2026-05-21 10:38:24,Boat-2,Harbor Velocity Team,2,Downwind,21.518,-4.411,14.826,-101.829,220.794,15.803,173.189,13.045,69.946,-15.595,832.714,none,port,1.971
2026-05-21 10:38:24,Boat-3,Northern Reach Sailing,2,Downwind,23.989,-22.998,14.886,163.47,218.296,16.052,199.472,11.413,59.582,-95.903,837.593,none,starboard,1.935
2026-05-21 10:38:24,Boat-4,Blue Horizon GP,2,Downwind,28.958,-25.804,14.555,153.01,218.18,16.091,194.496,8.339,72.057,-36.735,840.517,none,starboard,2.016
2026-05-21 10:38:24,Boat-5,Straitline Performance,2,Downwind,26.24,-22.415,14.642,148.676,217.227,15.835,196.38,12.363,67.001,-6.697,829.462,none,starboard,2.031
2026-05-21 10:38:26,Boat-1,Apex Wave Racing,2,Downwind,23.485,-19.193,14.458,-144.809,217.504,16.3,171.499,10.275,59.103,-29.842,817.408,none,port,1.871
2026-05-21 10:38:26,Boat-2,Harbor Velocity Team,2,Downwind,22.391,-19.299,14.009,-149.53,217.27,16.517,170.103,9.894,68.637,-12.78,811.055,none,port,2.038
2026-05-21 10:38:26,Boat-3,Northern Reach Sailing,2,Downwind,24.69,-23.127,14.831,159.508,219.472,16.363,191.521,13.261,58.805,-100.633,825.682,none,starboard,1.947
2026-05-21 10:38:26,Boat-4,Blue Horizon GP,2,Downwind,28.497,-24.92,14.558,150.982,219.443,16.569,195.619,9.217,72.144,-42.87,807.147,none,starboard,2.018
2026-05-21 10:38:26,Boat-5,Straitline Performance,2,Downwind,25.844,-20.669,14.374,143.108,220.078,16.65,196.922,13.027,64.933,-12.565,809.07,none,starboard,1.929
2026-05-21 10:38:28,Boat-1,Apex Wave Racing,2,Downwind,23.287,-19.691,14.535,-147.733,221.681,14.843,172.051,10.733,60.011,-26.657,789.909,none,port,2.11
2026-05-21 10:38:28,Boat-2,Harbor Velocity Team,2,Downwind,23.818,-19.077,14.546,-143.219,220.215,15.234,171.403,8.888,68.956,-9.934,800.264,none,port,2.187
2026-05-21 10:38:28,Boat-3,Northern Reach Sailing,2,Downwind,24.91,-23.528,14.62,160.826,216.351,15.027,190.166,11.957,55.822,-105.312,791.43,none,starboard,2.049
2026-05-21 10:38:28,Boat-4,Blue Horizon GP,2,Downwind,28.463,-23.9,14.975,147.106,216.201,14.975,209.982,9.448,70.63,-48.959,796.79,none,starboard,2.294
2026-05-21 10:38:28,Boat-5,Straitline Performance,2,Downwind,26.742,-21.048,14.731,141.913,218.77,14.731,206.411,10.915,69.453,-18.39,791.029,none,starboard,2.113
2026-05-21 10:38:30,Boat-1,Apex Wave Racing,2,Downwind,23.284,-20.707,14.394,-152.787,218.96,16.187,169.138,9.018,61.91,-23.448,771.616,none,port,2.032
2026-05-21 10:38:30,Boat-2,Harbor Velocity Team,2,Downwind,25.475,-20.203,14.354,-142.47,216.202,15.937,169.386,8.351,71.287,-7.056,773.197,none,port,2.06
2026-05-21 10:38:30,Boat-3,Northern Reach Sailing,2,Downwind,24.668,-23.318,14.087,160.952,217.947,15.865,195.226,12.103,58.427,-109.94,773.779,none,starboard,2.123
2026-05-21 10:38:30,Boat-4,Blue Horizon GP,2,Downwind,28.602,-25.799,14.409,154.422,216.87,15.956,197.323,7.458,72.429,-54.999,786.125,none,starboard,2.058
2026-05-21 10:38:30,Boat-5,Straitline Performance,2,Downwind,26.435,-23.038,14.578,150.632,218.467,16.185,198.132,11.197,70.104,-24.171,785.7,none,starboard,2.04
2026-05-21 10:38:32,Boat-1,Apex Wave Racing,2,Downwind,23.82,-20.832,14.718,-150.994,219.364,15.919,167.826,10.327,60.548,-20.214,756.333,none,port,2.248
2026-05-21 10:38:32,Boat-2,Harbor Velocity Team,2,Downwind,26.367,-20.322,14.417,-140.42,218.501,16.248,169.218,9.564,66.438,-4.145,769.372,none,port,2.283
2026-05-21 10:38:32,Boat-3,Northern Reach Sailing,2,Downwind,24.731,-23.437,14.563,161.38,218.934,16.146,196.263,12.96,57.983,-114.515,757.621,none,starboard,2.177
2026-05-21 10:38:32,Boat-4,Blue Horizon GP,2,Downwind,27.53,-23.249,14.396,147.618,219.562,15.808,195.685,7.125,73.576,-60.987,758.227,none,starboard,2.152
2026-05-21 10:38:32,Boat-5,Straitline Performance,2,Downwind,26.574,-22.584,14.749,148.194,218.789,16.409,196.819,12.522,68.85,-29.905,755.865,none,starboard,2.158
2026-05-21 10:38:34,Boat-1,Apex Wave Racing,2,Downwind,23.015,-18.144,13.247,-142.033,219.309,14.718,170.005,10.403,62.368,-16.954,741.512,none,port,1.994
2026-05-21 10:38:34,Boat-2,Harbor Velocity Team,2,Downwind,26.212,-21.553,13.34,-145.311,220.895,14.662,172.811,7.484,62.677,-1.199,742.44,none,port,1.958
2026-05-21 10:38:34,Boat-3,Northern Reach Sailing,2,Downwind,24.912,-23.75,13.281,162.428,218.47,14.936,194.437,10.985,59.506,-119.034,742.607,none,starboard,1.924
2026-05-21 10:38:34,Boat-4,Blue Horizon GP,2,Downwind,28.007,-24.434,13.22,150.741,218.41,14.336,193.057,6.992,70.833,-66.921,743.666,none,starboard,1.972
2026-05-21 10:38:34,Boat-5,Straitline Performance,2,Downwind,25.373,-19.605,13.555,140.592,218.686,13.862,198.655,10.905,68.408,-35.591,747.921,none,starboard,1.941
2026-05-21 10:38:36,Boat-1,Apex Wave Racing,2,Downwind,23.361,-21.176,13.954,-155.025,218.454,15.092,168.961,7.862,58.761,-13.665,719.17,none,port,2.03
2026-05-21 10:38:36,Boat-2,Harbor Velocity Team,2,Downwind,26.57,-20.452,14.433,-140.332,218.498,14.433,169.731,9.697,65.867,1.783,722.378,none,port,2.17
2026-05-21 10:38:36,Boat-3,Northern Reach Sailing,2,Downwind,23.939,-21.863,14.404,155.96,217.428,14.815,194.28,10.745,60.307,-123.496,722.733,none,starboard,2.141
2026-05-21 10:38:36,Boat-4,Blue Horizon GP,2,Downwind,28.286,-24.973,14.351,151.991,217.92,15.053,197.015,8.022,71.68,-72.8,707.288,none,starboard,2.155
2026-05-21 10:38:36,Boat-5,Straitline Performance,2,Downwind,25.492,-21.62,14.384,148.007,220.113,14.711,191.965,10.641,70.053,-41.226,722.334,none,starboard,2.15
2026-05-21 10:38:38,Boat-1,Apex Wave Racing,2,Downwind,22.495,-19.746,13.731,-151.375,218.175,15.432,170.541,8.054,58.185,-10.347,707.645,none,port,1.837
2026-05-21 10:38:38,Boat-2,Harbor Velocity Team,2,Downwind,27.094,-21.763,14.03,-143.44,219.074,14.729,170.263,9.41,68.385,4.802,709.315,none,port,1.92
2026-05-21 10:38:38,Boat-3,Northern Reach Sailing,2,Downwind,24.107,-23.157,13.944,163.857,218.426,15.216,190.865,12.929,59.737,-127.9,707.77,none,starboard,1.874
2026-05-21 10:38:38,Boat-4,Blue Horizon GP,2,Downwind,28.069,-23.524,13.575,146.937,218.917,15.187,209.032,8.281,70.684,-78.622,705.431,none,starboard,1.908
2026-05-21 10:38:38,Boat-5,Straitline Performance,2,Downwind,26.556,-21.488,13.796,144.015,217.77,15.494,196.895,12.289,65.182,-46.808,694.99,none,starboard,1.936
2026-05-21 10:38:40,Boat-1,Apex Wave Racing,2,Downwind,22.364,-19.011,13.519,-148.221,221.267,13.66,172.764,10.844,64.103,-6.998,679.151,none,port,1.893
2026-05-21 10:38:40,Boat-2,Harbor Velocity Team,2,Downwind,26.399,-20.795,13.901,-141.972,219.773,14.261,173.25,9.684,67.565,7.86,686.964,none,port,1.922
2026-05-21 10:38:40,Boat-3,Northern Reach Sailing,2,Downwind,24.962,-22.915,13.881,156.635,219.296,14.055,192.641,11.875,61.323,-132.245,677.15,none,starboard,1.979
2026-05-21 10:38:40,Boat-4,Blue Horizon GP,2,Downwind,27.511,-24.558,14.141,153.209,218.498,14.721,192.821,7.88,70.907,-84.384,686.418,none,starboard,2.081
2026-05-21 10:38:40,Boat-5,Straitline Performance,2,Downwind,26.551,-22.595,13.862,148.321,218.513,13.942,196.397,11.122,65.171,-52.336,685.757,none,starboard,2.061
2026-05-21 10:38:42,Boat-1,Apex Wave Racing,2,Downwind,23.66,-21.303,13.75,-154.207,220.061,15.559,161.072,10.438,63.341,-3.617,654.643,none,port,1.973
2026-05-21 10:38:42,Boat-2,Harbor Velocity Team,2,Downwind,26.304,-22.432,13.687,-148.515,217.069,15.573,171.946,8.272,65.412,10.957,657.311,none,port,2.005
2026-05-21 10:38:42,Boat-3,Northern Reach Sailing,2,Downwind,23.231,-21.5,13.543,157.741,218.863,15.567,193.914,12.543,58.159,-136.53,669.29,none,starboard,2.085
2026-05-21 10:38:42,Boat-4,Blue Horizon GP,2,Downwind,28.321,-22.623,14.142,143.017,217.87,15.769,193.488,7.902,71.41,-90.085,655.06,none,starboard,1.974
2026-05-21 10:38:42,Boat-5,Straitline Performance,2,Downwind,27.101,-21.128,13.595,141.222,218.719,15.617,197.716,10.275,66.227,-57.808,657.608,none,starboard,2.01
2026-05-21 10:38:44,Boat-1,Apex Wave Racing,2,Downwind,22.994,-19.645,13.88,-148.688,219.562,14.41,167.831,10.007,60.04,-0.203,659.338,none,port,2.082
2026-05-21 10:38:44,Boat-2,Harbor Velocity Team,2,Downwind,26.401,-21.165,13.6,-143.293,218.737,14.922,160.815,7.823,65.048,14.094,642.907,none,port,2.204
2026-05-21 10:38:44,Boat-3,Northern Reach Sailing,2,Downwind,24.125,-22.83,13.725,161.138,218.725,14.926,191.612,10.616,58.115,-140.754,642.802,none,starboard,2.197
2026-05-21 10:38:44,Boat-4,Blue Horizon GP,2,Downwind,28.561,-25.014,14.055,151.143,216.855,14.508,205.61,9.224,74.005,-95.724,639.139,none,starboard,2.189
2026-05-21 10:38:44,Boat-5,Straitline Performance,2,Downwind,25.383,-22.119,13.964,150.622,217.486,14.699,199.669,10.778,67.493,-63.222,651.676,none,starboard,2.14
2026-05-21 10:38:46,Boat-1,Apex Wave Racing,2,Downwind,22.828,-19.496,14.569,-148.652,219.232,15.952,172.78,11.182,61.922,3.244,622.824,none,port,2.259
2026-05-21 10:38:46,Boat-2,Harbor Velocity Team,2,Downwind,26.283,-21.862,14.786,-146.28,218.669,16.109,167.617,8.178,67.036,17.273,639.16,none,port,2.363
2026-05-21 10:38:46,Boat-3,Northern Reach Sailing,2,Downwind,24.867,-23.077,14.47,158.123,219.403,15.96,202.572,12.008,61.028,-144.916,628.48,none,starboard,2.2
2026-05-21 10:38:46,Boat-4,Blue Horizon GP,2,Downwind,28.33,-24.551,14.42,150.066,216.433,15.898,198.957,6.4,72.72,-101.299,631.664,none,starboard,2.197
2026-05-21 10:38:46,Boat-5,Straitline Performance,2,Downwind,26.353,-21.579,14.25,144.971,218.773,15.586,196.812,13.297,66.533,-68.579,627.473,none,starboard,2.199
2026-05-21 10:38:48,Boat-1,Apex Wave Racing,2,Downwind,22.751,-20.107,14.218,-152.106,217.339,15.173,168.063,10.467,63.608,6.727,604.634,none,port,2.059
2026-05-21 10:38:48,Boat-2,Harbor Velocity Team,2,Downwind,26.405,-20.132,13.802,-139.677,220.491,15.437,173.436,8.977,65.372,20.493,613.762,none,port,2.003
2026-05-21 10:38:48,Boat-3,Northern Reach Sailing,2,Downwind,24.682,-23.252,13.823,160.402,218.065,15.235,190.073,10.34,59.449,-149.017,622.925,none,starboard,2.066
2026-05-21 10:38:48,Boat-4,Blue Horizon GP,2,Downwind,27.829,-22.926,13.611,145.469,219.255,15.157,198.186,7.65,72.445,-106.811,606.863,none,starboard,1.914
2026-05-21 10:38:48,Boat-5,Straitline Performance,2,Downwind,25.545,-19.814,13.787,140.863,217.646,14.887,202.44,13.942,65.227,-73.876,616.416,none,starboard,2.078
2026-05-21 10:38:50,Boat-1,Apex Wave Racing,2,Downwind,22.632,-20.802,13.738,-156.801,219.646,15.976,167.699,9.718,62.515,10.245,589.71,none,port,2.054
2026-05-21 10:38:50,Boat-2,Harbor Velocity Team,2,Downwind,25.902,-21.322,13.55,-145.404,216.882,15.622,169.456,7.578,68.338,23.755,582.823,none,port,2.03
2026-05-21 10:38:50,Boat-3,Northern Reach Sailing,2,Downwind,24.527,-23.518,14.32,163.514,219.736,15.914,188.939,11.252,58.821,-153.054,582.667,none,starboard,1.944
2026-05-21 10:38:50,Boat-4,Blue Horizon GP,2,Downwind,29.376,-25.436,14.509,149.98,217.776,16.157,198.363,6.803,70.406,-112.256,598.311,none,starboard,1.956
2026-05-21 10:38:50,Boat-5,Straitline Performance,2,Downwind,25.765,-20.291,14.158,141.953,216.696,15.993,190.695,11.155,67.026,-79.113,601.967,none,starboard,1.946
2026-05-21 10:38:52,Boat-1,Apex Wave Racing,2,Downwind,22.58,-20.673,13.582,-156.281,217.153,14.974,169.651,8.165,62.031,13.8,572.198,none,port,1.905
2026-05-21 10:38:52,Boat-2,Harbor Velocity Team,2,Downwind,26.944,-20.939,13.814,-141.0,217.66,14.952,167.208,9.824,66.793,27.061,578.477,none,port,1.864
2026-05-21 10:38:52,Boat-3,Northern Reach Sailing,2,Downwind,24.336,-23.332,13.547,163.48,216.992,14.839,192.305,10.543,62.264,-157.03,571.984,none,starboard,1.926
2026-05-21 10:38:52,Boat-4,Blue Horizon GP,2,Downwind,27.472,-22.944,13.528,146.637,219.147,15.02,193.572,7.938,69.503,-117.636,574.249,none,starboard,1.805
2026-05-21 10:38:52,Boat-5,Straitline Performance,2,Downwind,25.862,-21.313,14.081,145.498,218.659,15.283,191.571,10.595,66.844,-84.288,561.287,none,starboard,1.883
2026-05-21 10:38:54,Boat-1,Apex Wave Racing,2,Downwind,22.244,-19.661,13.216,-152.111,218.296,14.971,169.095,11.141,63.586,17.391,550.578,none,port,1.993
2026-05-21 10:38:54,Boat-2,Harbor Velocity Team,2,Downwind,26.759,-21.529,13.979,-143.566,216.963,15.154,171.619,8.866,66.451,30.409,553.517,none,port,1.952
2026-05-21 10:38:54,Boat-3,Northern Reach Sailing,2,Downwind,23.744,-21.971,14.441,157.718,220.105,14.985,192.861,10.774,60.242,-160.942,546.504,none,starboard,2.028
2026-05-21 10:38:54,Boat-4,Blue Horizon GP,2,Downwind,28.298,-26.049,13.731,157.006,217.508,14.317,194.692,8.565,71.723,-122.95,554.015,none,starboard,2.046
2026-05-21 10:38:54,Boat-5,Straitline Performance,2,Downwind,26.134,-21.735,13.483,146.272,219.686,14.625,196.97,10.988,68.345,-89.402,551.708,none,starboard,2.111
2026-05-21 10:38:56,Boat-1,Apex Wave Racing,2,Downwind,22.28,-19.753,13.697,-152.449,216.234,14.676,168.045,9.919,60.554,21.02,534.72,none,port,1.893
2026-05-21 10:38:56,Boat-2,Harbor Velocity Team,2,Downwind,27.186,-24.063,14.058,-152.267,216.9,14.573,170.606,6.697,66.24,33.801,532.729,none,port,1.846
2026-05-21 10:38:56,Boat-3,Northern Reach Sailing,2,Downwind,24.639,-22.827,13.582,157.889,219.262,14.807,200.194,11.335,58.807,-164.793,537.984,none,starboard,1.871
2026-05-21 10:38:56,Boat-4,Blue Horizon GP,2,Downwind,28.097,-24.813,13.911,152.021,218.428,14.293,196.475,7.429,73.202,-128.196,533.972,none,starboard,1.758
2026-05-21 10:38:56,Boat-5,Straitline Performance,2,Downwind,25.751,-21.025,13.842,144.735,218.091,14.826,208.287,13.371,67.045,-94.454,527.972,none,starboard,1.863
2026-05-21 10:38:58,Boat-1,Apex Wave Racing,2,Downwind,22.939,-20.535,13.846,-153.536,215.577,15.661,168.282,8.91,61.872,24.687,516.121,none,port,1.879
2026-05-21 10:38:58,Boat-2,Harbor Velocity Team,2,Downwind,25.752,-21.85,13.927,-148.047,219.062,16.235,163.957,9.81,67.956,37.236,512.255,none,port,1.949
2026-05-21 10:38:58,Boat-3,Northern Reach Sailing,2,Downwind,23.452,-21.906,13.593,159.082,217.43,16.066,191.509,9.249,57.966,-168.581,525.736,none,starboard,1.877
2026-05-21 10:38:58,Boat-4,Blue Horizon GP,2,Downwind,28.91,-24.846,13.89,149.251,217.684,16.398,198.881,8.04,74.014,-133.376,518.76,none,starboard,1.912
2026-05-21 10:38:58,Boat-5,Straitline Performance,2,Downwind,26.108,-22.194,13.928,148.221,217.708,15.746,197.418,12.133,63.744,-99.444,533.048,none,starboard,2.063
2026-05-21 10:39:00,Boat-1,Apex Wave Racing,2,Downwind,22.83,-19.098,14.041,-146.776,218.118,16.671,172.017,9.169,61.817,28.392,499.18,none,port,1.96
2026-05-21 10:39:00,Boat-2,Harbor Velocity Team,2,Downwind,27.42,-22.336,14.076,-144.547,217.797,15.984,170.734,8.305,67.604,40.714,508.688,none,port,1.955
2026-05-21 10:39:00,Boat-3,Northern Reach Sailing,2,Downwind,23.717,-22.448,14.591,161.173,217.45,15.916,189.294,10.215,61.537,-172.308,501.071,none,starboard,2.011
2026-05-21 10:39:00,Boat-4,Blue Horizon GP,2,Downwind,28.271,-23.708,14.312,146.991,217.817,14.973,196.09,8.783,66.978,-138.489,503.878,none,starboard,2.021
2026-05-21 10:39:00,Boat-5,Straitline Performance,2,Downwind,26.554,-21.563,14.178,144.296,217.631,15.771,189.076,13.068,67.675,-104.372,496.361,none,starboard,1.952
2026-05-21 10:39:02,Boat-1,Apex Wave Racing,2,Downwind,23.773,-21.191,14.587,-153.049,216.762,15.183,163.213,9.592,61.466,32.135,463.011,none,port,2.192
2026-05-21 10:39:02,Boat-2,Harbor Velocity Team,2,Downwind,26.008,-23.672,14.807,-155.527,217.041,15.48,171.938,6.235,67.984,44.235,469.349,none,port,2.191
2026-05-21 10:39:02,Boat-3,Northern Reach Sailing,2,Downwind,24.433,-23.033,14.64,160.51,217.88,15.502,194.119,12.211,59.641,-175.975,480.552,none,starboard,2.173
2026-05-21 10:39:02,Boat-4,Blue Horizon GP,2,Downwind,28.292,-23.998,13.943,148.02,217.755,15.457,192.43,7.701,75.251,-143.535,483.541,none,starboard,2.194
2026-05-21 10:39:02,Boat-5,Straitline Performance,2,Downwind,26.753,-21.709,14.346,144.24,217.085,15.712,207.941,12.608,69.733,-109.238,471.739,none,starboard,2.198
2026-05-21 10:39:04,Boat-1,Apex Wave Racing,2,Downwind,23.298,-19.865,14.03,-148.501,215.367,15.015,160.457,8.028,61.183,35.916,474.237,none,port,1.803
2026-05-21 10:39:04,Boat-2,Harbor Velocity Team,2,Downwind,25.958,-20.441,13.816,-141.95,216.985,14.886,162.369,7.585,67.799,47.8,458.664,none,port,1.959
2026-05-21 10:39:04,Boat-3,Northern Reach Sailing,2,Downwind,23.824,-22.52,13.769,160.955,218.213,15.152,191.919,11.74,59.2,-179.582,472.154,none,starboard,1.86
2026-05-21 10:39:04,Boat-4,Blue Horizon GP,2,Downwind,28.219,-24.017,13.762,148.329,217.065,14.914,197.198,8.395,71.774,-148.515,458.389,none,starboard,1.908
2026-05-21 10:39:04,Boat-5,Straitline Performance,2,Downwind,26.45,-21.757,13.807,145.346,218.842,15.016,196.194,10.201,67.013,-114.041,478.129,none,starboard,1.927
2026-05-21 10:39:06,Boat-1,Apex Wave Racing,2,Downwind,23.291,-20.56,13.905,-151.975,218.211,13.905,170.522,10.121,61.951,39.736,441.597,none,port,1.758
2026-05-21 10:39:06,Boat-2,Harbor Velocity Team,2,Downwind,26.302,-22.501,14.065,-148.816,216.997,14.065,160.289,9.353,67.407,51.406,446.786,none,port,1.772
2026-05-21 10:39:06,Boat-3,Northern Reach Sailing,2,Downwind,24.206,-23.45,13.981,165.646,218.821,14.067,189.838,9.943,60.34,-183.13,446.655,none,starboard,1.749
2026-05-21 10:39:06,Boat-4,Blue Horizon GP,2,Downwind,27.588,-23.153,14.055,147.059,216.264,14.371,198.406,8.364,72.654,-153.429,451.572,none,starboard,1.853
2026-05-21 10:39:06,Boat-5,Straitline Performance,2,Downwind,26.471,-20.474,14.233,140.665,217.72,14.233,188.373,10.946,68.705,-118.784,438.867,none,starboard,1.71
2026-05-21 10:39:08,Boat-1,Apex Wave Racing,2,Downwind,22.687,-19.682,13.156,-150.173,219.954,14.797,170.329,8.611,61.774,43.594,428.249,none,port,1.804
2026-05-21 10:39:08,Boat-2,Harbor Velocity Team,2,Downwind,26.982,-20.643,13.114,-139.913,217.101,15.295,167.864,10.403,65.631,55.055,438.413,none,port,1.828
2026-05-21 10:39:08,Boat-3,Northern Reach Sailing,2,Downwind,24.17,-22.666,13.35,159.679,216.148,14.488,191.404,12.043,60.592,-186.621,431.564,none,starboard,1.877
2026-05-21 10:39:08,Boat-4,Blue Horizon GP,2,Downwind,27.544,-23.608,13.419,148.993,218.465,14.42,192.663,6.828,68.056,-158.279,429.046,none,starboard,1.934
2026-05-21 10:39:08,Boat-5,Straitline Performance,2,Downwind,26.069,-21.986,13.56,147.499,215.226,14.752,193.088,10.652,66.068,-123.466,414.098,none,starboard,1.895
2026-05-21 10:39:10,Boat-1,Apex Wave Racing,2,Downwind,23.182,-20.577,13.85,-152.578,219.252,13.85,169.966,9.743,60.037,47.489,396.096,none,port,1.84
2026-05-21 10:39:10,Boat-2,Harbor Velocity Team,2,Downwind,26.666,-21.619,13.766,-144.165,216.332,14.115,172.195,9.247,66.243,58.745,412.66,none,port,1.827
2026-05-21 10:39:10,Boat-3,Northern Reach Sailing,2,Downwind,24.872,-23.086,13.627,158.157,218.205,13.913,186.184,10.738,60.072,-190.056,412.319,none,starboard,1.834
2026-05-21 10:39:10,Boat-4,Blue Horizon GP,2,Downwind,27.849,-25.754,13.45,157.633,219.476,14.031,193.098,6.803,70.616,-163.065,408.684,none,starboard,1.8
2026-05-21 10:39:10,Boat-5,Straitline Performance,2,Downwind,26.044,-22.462,14.129,149.591,219.042,14.129,200.445,10.659,67.974,-128.089,398.845,none,starboard,1.911
2026-05-21 10:39:12,Boat-1,Apex Wave Racing,2,Downwind,23.466,-20.586,13.921,-151.313,217.362,15.507,166.103,8.952,63.193,51.423,384.002,none,port,1.913
2026-05-21 10:39:12,Boat-2,Harbor Velocity Team,2,Downwind,26.43,-20.401,13.562,-140.523,217.36,15.741,166.111,9.848,66.783,62.475,384.28,none,port,1.967
2026-05-21 10:39:12,Boat-3,Northern Reach Sailing,2,Downwind,24.267,-22.753,13.602,159.658,215.317,15.634,188.955,12.218,60.636,-193.437,368.665,none,starboard,1.896
2026-05-21 10:39:12,Boat-4,Blue Horizon GP,2,Downwind,28.498,-23.57,13.67,145.801,219.47,15.701,194.572,8.569,72.45,-167.789,388.176,none,starboard,2.048
2026-05-21 10:39:12,Boat-5,Straitline Performance,2,Downwind,26.543,-21.927,13.923,145.7,218.694,15.341,197.614,10.814,65.715,-132.652,389.458,none,starboard,2.077
2026-05-21 10:39:14,Boat-1,Apex Wave Racing,2,Downwind,23.616,-18.297,13.668,-140.783,217.511,15.557,161.1,10.052,60.132,55.393,364.15,none,port,1.966
2026-05-21 10:39:14,Boat-2,Harbor Velocity Team,2,Downwind,26.256,-21.721,13.757,-145.819,217.106,15.119,169.458,9.322,70.994,66.245,382.326,none,port,1.956
2026-05-21 10:39:14,Boat-3,Northern Reach Sailing,2,Downwind,23.722,-21.329,13.252,154.043,217.306,15.086,195.121,11.83,59.848,-196.764,369.748,none,starboard,1.931
2026-05-21 10:39:14,Boat-4,Blue Horizon GP,2,Downwind,28.257,-25.25,13.926,153.324,216.893,16.071,190.422,8.895,69.093,-172.451,372.58,none,starboard,2.033
2026-05-21 10:39:14,Boat-5,Straitline Performance,2,Downwind,25.817,-20.768,13.77,143.557,218.163,15.604,191.543,11.102,66.539,-137.158,370.278,none,starboard,1.966
2026-05-21 10:39:16,Boat-1,Apex Wave Racing,2,Downwind,23.179,-20.372,13.187,-151.514,218.39,16.37,167.49,8.701,61.349,59.4,360.702,none,port,1.875
2026-05-21 10:39:16,Boat-2,Harbor Velocity Team,2,Downwind,25.917,-21.27,13.314,-145.155,216.58,16.24,170.554,8.715,65.124,70.054,343.554,none,port,1.929
2026-05-21 10:39:16,Boat-3,Northern Reach Sailing,2,Downwind,24.38,-23.339,13.405,163.196,219.013,16.301,188.743,10.888,60.047,-200.041,344.223,none,starboard,1.85
2026-05-21 10:39:16,Boat-4,Blue Horizon GP,2,Downwind,27.937,-24.077,13.288,149.525,216.607,16.268,193.292,9.198,66.084,-177.053,337.804,none,starboard,1.867
2026-05-21 10:39:16,Boat-5,Straitline Performance,2,Downwind,26.305,-21.367,13.374,144.319,214.383,16.72,192.257,12.243,66.493,-141.608,345.608,none,starboard,1.779
2026-05-21 10:39:18,Boat-1,Apex Wave Racing,2,Downwind,23.897,-21.301,13.714,-153.043,218.616,14.69,169.023,9.174,61.297,63.443,327.87,none,port,2.075
2026-05-21 10:39:18,Boat-2,Harbor Velocity Team,2,Downwind,27.195,-21.989,13.674,-143.955,217.552,14.569,162.33,8.584,66.759,73.901,336.316,none,port,2.018
2026-05-21 10:39:18,Boat-3,Northern Reach Sailing,2,Downwind,23.926,-22.763,14.279,162.063,215.823,14.792,198.495,11.213,57.991,-203.269,327.451,none,starboard,2.014
2026-05-21 10:39:18,Boat-4,Blue Horizon GP,2,Downwind,28.907,-25.025,14.146,149.963,216.772,14.924,215.626,9.977,71.693,-181.598,333.861,none,starboard,2.007
2026-05-21 10:39:18,Boat-5,Straitline Performance,2,Downwind,25.879,-21.06,13.695,144.465,217.379,13.982,195.85,11.727,67.757,-146.003,329.566,none,starboard,2.029
2026-05-21 10:39:20,Boat-1,Apex Wave Racing,2,Downwind,23.492,-20.817,13.848,-152.395,216.964,14.371,167.628,11.277,62.428,67.521,318.835,none,port,1.783
2026-05-21 10:39:20,Boat-2,Harbor Velocity Team,2,Downwind,27.154,-23.171,13.972,-148.574,217.606,15.022,170.206,8.425,67.683,77.783,319.292,none,port,1.712
2026-05-21 10:39:20,Boat-3,Northern Reach Sailing,2,Downwind,24.724,-23.149,14.123,159.442,215.583,15.259,190.573,14.073,62.289,-206.45,325.064,none,starboard,1.787
2026-05-21 10:39:20,Boat-4,Blue Horizon GP,2,Downwind,27.297,-23.736,13.698,150.404,217.148,14.453,193.538,8.332,70.971,-186.086,325.199,none,starboard,1.78
2026-05-21 10:39:20,Boat-5,Straitline Performance,2,Downwind,26.439,-22.344,13.838,147.683,218.324,15.077,199.532,12.553,65.567,-150.344,314.836,none,starboard,1.819
2026-05-21 10:39:22,Boat-1,Apex Wave Racing,2,Downwind,24.054,-20.953,14.449,-150.585,217.187,16.72,169.683,10.917,58.307,71.633,290.532,none,port,1.874
2026-05-21 10:39:22,Boat-2,Harbor Velocity Team,2,Downwind,27.394,-21.906,13.727,-143.099,216.537,16.389,167.567,9.059,66.963,81.701,291.129,none,port,1.884
2026-05-21 10:39:22,Boat-3,Northern Reach Sailing,2,Downwind,24.295,-22.693,13.814,159.077,217.393,16.593,190.355,10.784,57.068,-209.587,293.604,none,starboard,1.892
2026-05-21 10:39:22,Boat-4,Blue Horizon GP,2,Downwind,27.658,-24.903,13.706,154.21,217.092,16.475,190.449,7.128,73.507,-190.52,296.804,none,starboard,1.88
2026-05-21 10:39:22,Boat-5,Straitline Performance,2,Downwind,26.088,-21.931,14.097,147.209,217.567,16.427,193.686,11.623,64.517,-154.635,305.233,none,starboard,1.9
2026-05-21 10:39:24,Boat-1,Apex Wave Racing,2,Downwind,23.307,-21.348,13.549,-156.343,217.429,15.131,166.264,9.426,63.289,75.779,273.474,none,port,1.92
2026-05-21 10:39:24,Boat-2,Harbor Velocity Team,2,Downwind,26.998,-22.395,13.713,-146.049,216.94,15.254,167.08,7.345,69.303,85.653,283.599,none,port,1.94
2026-05-21 10:39:24,Boat-3,Northern Reach Sailing,2,Downwind,24.364,-23.656,13.294,166.155,218.625,15.095,187.91,11.203,59.613,-212.681,290.961,none,starboard,1.91
2026-05-21 10:39:24,Boat-4,Blue Horizon GP,2,Downwind,27.048,-24.89,13.27,156.958,216.001,15.557,191.556,7.258,70.719,-194.902,277.394,none,starboard,1.905
2026-05-21 10:39:24,Boat-5,Straitline Performance,2,Downwind,26.348,-21.735,13.703,145.578,217.324,15.126,189.536,10.826,67.747,-158.875,279.801,none,starboard,1.943
2026-05-21 10:39:26,Boat-1,Apex Wave Racing,2,Downwind,22.649,-19.989,13.089,-151.951,217.672,14.656,161.267,9.397,60.554,79.957,256.481,none,port,1.705
2026-05-21 10:39:26,Boat-2,Harbor Velocity Team,2,Downwind,25.636,-21.664,13.66,-147.678,219.438,13.758,167.859,8.689,66.944,89.636,256.537,none,port,1.829
2026-05-21 10:39:26,Boat-3,Northern Reach Sailing,2,Downwind,23.416,-21.694,13.35,157.892,217.421,13.849,185.991,12.419,56.823,-215.736,249.345,none,starboard,1.776
2026-05-21 10:39:26,Boat-4,Blue Horizon GP,2,Downwind,28.765,-25.825,13.122,153.868,215.435,14.279,194.204,7.455,70.822,-199.235,254.185,none,starboard,1.839
2026-05-21 10:39:26,Boat-5,Straitline Performance,2,Downwind,26.137,-21.627,13.115,145.838,218.048,14.056,191.52,11.67,67.595,-163.069,255.028,none,starboard,1.748
2026-05-21 10:39:28,Boat-1,Apex Wave Racing,2,Downwind,23.695,-20.992,13.199,-152.368,217.156,15.225,170.099,10.234,63.795,84.165,248.744,none,port,1.761
2026-05-21 10:39:28,Boat-2,Harbor Velocity Team,2,Downwind,26.29,-20.162,13.489,-140.076,219.635,14.944,170.157,10.023,67.044,93.651,246.42,none,port,1.805
2026-05-21 10:39:28,Boat-3,Northern Reach Sailing,2,Downwind,23.306,-21.767,13.605,159.062,215.207,14.832,195.366,10.582,58.967,-218.754,233.099,none,starboard,1.788
2026-05-21 10:39:28,Boat-4,Blue Horizon GP,2,Downwind,28.212,-23.882,13.105,147.834,217.357,15.004,194.035,7.644,72.153,-203.519,243.351,none,starboard,1.762
2026-05-21 10:39:28,Boat-5,Straitline Performance,2,Downwind,26.192,-20.165,13.331,140.343,217.456,14.746,196.611,10.409,67.083,-167.217,238.873,none,starboard,1.734
2026-05-21 10:39:30,Boat-1,Apex Wave Racing,2,Downwind,23.792,-21.451,12.463,-154.37,217.332,13.799,171.222,10.359,60.798,88.404,208.085,none,port,1.695
2026-05-21 10:39:30,Boat-2,Harbor Velocity Team,2,Downwind,26.911,-21.35,12.574,-142.501,216.305,13.102,168.444,8.164,68.691,97.694,210.095,none,port,1.754
2026-05-21 10:39:30,Boat-3,Northern Reach Sailing,2,Downwind,23.427,-22.815,12.475,166.875,215.613,13.65,190.562,9.325,57.993,-221.738,227.507,none,starboard,1.679
2026-05-21 10:39:30,Boat-4,Blue Horizon GP,2,Downwind,28.598,-25.988,12.449,155.334,213.581,14.138,195.137,7.835,72.625,-207.759,220.082,none,starboard,1.637
2026-05-21 10:39:30,Boat-5,Straitline Performance,2,Downwind,26.455,-21.154,12.814,143.095,218.788,14.197,199.068,9.389,68.401,-171.322,227.363,none,starboard,1.716
2026-05-21 10:39:32,Boat-1,Apex Wave Racing,2,Downwind,23.921,-21.144,13.017,-152.12,218.816,14.656,167.068,8.579,61.611,92.671,193.661,none,port,2.074
2026-05-21 10:39:32,Boat-2,Harbor Velocity Team,2,Downwind,26.827,-22.015,13.59,-145.148,216.292,14.816,163.27,7.846,70.537,101.765,206.736,none,port,1.957
2026-05-21 10:39:32,Boat-3,Northern Reach Sailing,2,Downwind,25.054,-23.583,12.826,160.266,217.406,14.841,188.312,10.847,59.248,-224.69,201.267,none,starboard,2.022
2026-05-21 10:39:32,Boat-4,Blue Horizon GP,2,Downwind,28.353,-25.366,13.257,153.465,217.187,14.989,191.362,8.031,69.785,-211.957,212.159,none,starboard,1.904
2026-05-21 10:39:32,Boat-5,Straitline Performance,2,Downwind,25.546,-21.11,13.25,145.724,217.476,15.409,189.172,12.133,66.535,-175.387,215.237,none,starboard,2.02
2026-05-21 10:39:34,Boat-1,Apex Wave Racing,2,Downwind,23.71,-20.099,12.157,-147.96,218.53,12.981,166.281,9.665,64.819,96.966,170.797,none,port,1.51
2026-05-21 10:39:34,Boat-2,Harbor Velocity Team,2,Downwind,26.428,-22.177,12.049,-147.05,216.034,12.783,165.364,8.483,69.62,105.861,182.926,none,port,1.579
2026-05-21 10:39:34,Boat-3,Northern Reach Sailing,2,Downwind,23.771,-22.677,12.809,162.549,215.902,12.809,189.332,12.025,59.596,-227.613,187.293,none,starboard,1.597
2026-05-21 10:39:34,Boat-4,Blue Horizon GP,2,Downwind,28.659,-24.612,12.12,149.181,216.16,12.7,189.547,6.77,72.424,-216.116,178.495,none,starboard,1.503
2026-05-21 10:39:34,Boat-5,Straitline Performance,2,Downwind,25.685,-19.778,12.374,140.353,217.29,12.659,191.077,12.938,67.227,-179.414,177.247,none,starboard,1.477
2026-05-21 10:39:36,Boat-1,Apex Wave Racing,2,Downwind,23.594,-18.812,12.871,-142.877,217.485,13.776,163.33,8.327,61.201,101.286,158.373,none,port,1.516
2026-05-21 10:39:36,Boat-2,Harbor Velocity Team,2,Downwind,26.431,-22.811,12.854,-149.66,218.122,14.065,166.566,7.148,67.116,109.981,175.277,none,port,1.457
2026-05-21 10:39:36,Boat-3,Northern Reach Sailing,2,Downwind,24.725,-23.43,12.95,161.377,217.11,13.826,188.177,11.017,57.41,-230.511,165.842,none,starboard,1.605
2026-05-21 10:39:36,Boat-4,Blue Horizon GP,2,Downwind,28.353,-25.473,12.801,153.951,217.818,13.732,193.178,8.651,70.034,-220.238,162.92,none,starboard,1.522
2026-05-21 10:39:36,Boat-5,Straitline Performance,2,Downwind,27.044,-21.453,12.768,142.494,217.941,13.48,194.186,11.821,66.213,-183.406,174.28,none,starboard,1.504
2026-05-21 10:39:38,Boat-1,Apex Wave Racing,2,Downwind,23.604,-20.306,13.51,-149.349,218.715,13.831,167.883,10.754,63.874,105.63,141.861,none,port,1.876
2026-05-21 10:39:38,Boat-2,Harbor Velocity Team,2,Downwind,27.678,-22.465,13.861,-144.258,216.385,14.417,167.174,6.913,67.415,114.122,148.341,none,port,1.926
2026-05-21 10:39:38,Boat-3,Northern Reach Sailing,2,Downwind,24.246,-23.341,13.351,164.297,217.039,13.967,188.494,10.894,59.046,-233.386,147.116,none,starboard,1.973
2026-05-21 10:39:38,Boat-4,Blue Horizon GP,2,Downwind,28.863,-25.568,13.642,152.352,217.976,14.067,201.298,5.853,71.075,-224.327,143.426,none,starboard,1.95
2026-05-21 10:39:38,Boat-5,Straitline Performance,2,Downwind,26.916,-22.936,13.218,148.446,216.385,14.054,187.995,10.881,66.436,-187.365,145.794,none,starboard,1.825
2026-05-21 10:39:40,Boat-1,Apex Wave Racing,2,Downwind,24.254,-21.693,13.328,-153.435,216.371,14.682,166.456,11.369,61.807,109.997,117.798,none,port,1.722
2026-05-21 10:39:40,Boat-2,Harbor Velocity Team,2,Downwind,27.362,-22.115,13.224,-143.926,217.06,14.174,165.941,9.405,67.483,118.283,138.812,none,port,1.658
2026-05-21 10:39:40,Boat-3,Northern Reach Sailing,2,Downwind,24.454,-22.753,13.203,158.508,216.258,14.358,189.301,12.499,61.443,-236.242,127.47,none,starboard,1.79
2026-05-21 10:39:40,Boat-4,Blue Horizon GP,2,Downwind,28.812,-25.025,13.446,150.29,217.975,14.891,193.373,7.633,72.158,-228.386,142.02,none,starboard,1.668
2026-05-21 10:39:40,Boat-5,Straitline Performance,2,Downwind,26.55,-23.997,13.087,154.664,215.589,14.92,189.351,9.433,67.434,-191.294,118.116,none,starboard,1.803
2026-05-21 10:39:42,Boat-1,Apex Wave Racing,2,Downwind,24.167,-20.878,12.923,-149.758,218.661,13.718,167.505,9.678,62.386,114.385,105.518,none,port,1.756
2026-05-21 10:39:42,Boat-2,Harbor Velocity Team,2,Downwind,27.284,-21.526,12.542,-142.091,219.072,15.012,169.857,7.953,67.551,122.461,115.04,none,port,1.734
2026-05-21 10:39:42,Boat-3,Northern Reach Sailing,2,Downwind,24.562,-22.089,13.029,154.067,218.872,15.033,190.555,11.137,56.817,-239.081,112.342,none,starboard,1.679
2026-05-21 10:39:42,Boat-4,Blue Horizon GP,2,Downwind,28.819,-24.863,13.063,149.627,216.494,13.871,188.532,9.058,72.397,-232.417,109.396,none,starboard,1.782
2026-05-21 10:39:42,Boat-5,Straitline Performance,2,Downwind,27.284,-23.225,12.61,148.343,216.88,14.703,205.538,12.448,70.637,-195.197,98.232,none,starboard,1.78
2026-05-21 10:39:44,Boat-1,Apex Wave Racing,2,Downwind,23.79,-21.303,12.956,-153.567,217.319,14.425,167.201,7.168,61.804,118.791,78.111,none,port,1.667
2026-05-21 10:39:44,Boat-2,Harbor Velocity Team,2,Downwind,26.855,-22.279,12.659,-146.059,216.711,14.018,166.578,8.105,65.878,126.655,92.013,none,port,1.821
2026-05-21 10:39:44,Boat-3,Northern Reach Sailing,2,Downwind,25.403,-23.717,13.037,159.007,217.372,14.094,191.811,11.46,57.597,-241.907,97.063,none,starboard,1.702
2026-05-21 10:39:44,Boat-4,Blue Horizon GP,2,Downwind,29.551,-26.564,13.26,154.016,215.473,14.242,189.047,8.165,71.531,-236.425,88.433,none,starboard,1.68
2026-05-21 10:39:44,Boat-5,Straitline Performance,2,Downwind,26.708,-21.047,13.017,142.003,217.371,13.77,208.812,12.28,68.107,-199.076,101.829,none,starboard,1.57
2026-05-21 10:39:46,Boat-1,Apex Wave Racing,2,Downwind,24.738,-21.723,13.421,-151.414,220.175,14.003,148.349,10.075,63.196,123.216,66.645,none,port,1.857
2026-05-21 10:39:46,Boat-2,Harbor Velocity Team,2,Downwind,27.584,-22.313,13.864,-143.99,217.354,14.131,164.659,7.642,69.092,130.862,79.838,none,port,1.818
2026-05-21 10:39:46,Boat-3,Northern Reach Sailing,2,Downwind,25.124,-24.48,13.638,167.007,217.91,14.342,187.465,9.395,60.602,-244.724,85.358,none,starboard,1.864
2026-05-21 10:39:46,Boat-4,Blue Horizon GP,2,Downwind,28.196,-24.442,13.68,150.095,215.681,13.702,191.404,7.514,69.216,-240.412,59.182,none,starboard,1.81
2026-05-21 10:39:46,Boat-5,Straitline Performance,2,Downwind,26.893,-20.907,13.388,141.024,217.595,14.244,188.699,12.157,67.833,-202.934,84.165,none,starboard,1.799
2026-05-21 10:39:48,Boat-1,Apex Wave Racing,2,Downwind,23.886,-21.678,13.402,-155.174,214.941,14.638,161.728,8.261,60.587,127.655,63.731,none,port,1.681
2026-05-21 10:39:48,Boat-2,Harbor Velocity Team,2,Downwind,26.8,-21.7,13.222,-144.066,216.826,14.359,167.894,9.522,67.754,135.08,61.302,none,port,1.668
2026-05-21 10:39:48,Boat-3,Northern Reach Sailing,2,Downwind,24.957,-23.289,13.054,158.939,217.266,14.609,186.274,11.875,59.183,-247.533,54.125,none,starboard,1.781
2026-05-21 10:39:48,Boat-4,Blue Horizon GP,2,Downwind,28.821,-24.767,13.019,149.244,216.569,14.915,203.106,9.908,67.774,-244.383,48.982,none,starboard,1.763
2026-05-21 10:39:48,Boat-5,Straitline Performance,2,Downwind,26.854,-23.125,13.328,149.445,217.277,14.564,188.955,11.188,68.207,-206.775,51.51,none,starboard,1.697
2026-05-21 10:39:50,Boat-1,Apex Wave Racing,2,Downwind,24.182,-20.931,13.78,-149.949,215.408,15.2,168.536,8.92,60.136,132.109,39.711,none,port,1.986
2026-05-21 10:39:50,Boat-2,Harbor Velocity Team,2,Downwind,27.547,-22.471,13.734,-144.661,215.52,15.667,171.808,9.051,67.404,139.307,40.465,none,port,1.957
2026-05-21 10:39:50,Boat-3,Northern Reach Sailing,2,Downwind,25.63,-24.164,13.84,160.523,216.002,15.541,188.135,11.657,59.426,-250.34,34.273,none,starboard,1.898
2026-05-21 10:39:50,Boat-4,Blue Horizon GP,2,Downwind,29.181,-26.396,13.728,154.762,214.356,15.127,196.395,7.057,70.741,-248.339,40.603,none,starboard,1.978
2026-05-21 10:39:50,Boat-5,Straitline Performance,2,Downwind,28.277,-22.219,13.816,141.793,216.091,15.555,189.536,11.335,62.974,-210.601,35.511,none,starboard,1.898
2026-05-21 10:39:52,Boat-1,Apex Wave Racing,2,Downwind,25.143,-22.295,13.25,-152.467,216.433,14.064,169.169,10.008,60.644,136.574,19.755,none,port,1.748
2026-05-21 10:39:52,Boat-2,Harbor Velocity Team,2,Downwind,26.221,-21.939,12.522,-146.791,217.137,13.969,169.855,7.787,65.137,143.54,2.535,none,port,1.695
2026-05-21 10:39:52,Boat-3,Northern Reach Sailing,2,Downwind,24.645,-23.632,13.156,163.514,215.758,13.987,193.179,11.984,60.805,-253.146,14.857,none,starboard,1.754
2026-05-21 10:39:52,Boat-4,Blue Horizon GP,2,Downwind,28.96,-25.042,12.809,149.851,217.505,13.872,189.905,5.888,72.573,-252.286,22.121,none,starboard,1.651
2026-05-21 10:39:52,Boat-5,Straitline Performance,2,Downwind,27.436,-21.595,13.231,141.918,215.783,13.945,194.176,10.681,67.42,-214.416,6.021,none,starboard,1.773
2026-05-21 10:39:54,Boat-1,Apex Wave Racing,2,Downwind,24.693,-21.921,12.568,-152.593,216.278,14.051,170.511,9.626,61.796,141.049,-7.019,none,port,1.845
2026-05-21 10:39:54,Boat-2,Harbor Velocity Team,2,Downwind,26.847,-21.472,13.004,-143.11,214.906,14.3,155.763,7.142,67.476,147.778,-6.878,none,port,1.797
2026-05-21 10:39:54,Boat-3,Northern Reach Sailing,2,Downwind,25.543,-23.801,13.355,158.714,215.513,14.576,211.593,10.427,57.747,-255.956,10.288,none,starboard,1.849
2026-05-21 10:39:54,Boat-4,Blue Horizon GP,2,Downwind,28.988,-25.811,13.494,152.925,215.477,14.155,188.4,8.097,71.789,-256.225,-4.558,none,starboard,1.791
2026-05-21 10:39:54,Boat-5,Straitline Performance,2,Downwind,27.509,-20.875,13.328,139.363,215.189,14.889,259.77,12.252,68.44,-218.223,5.334,none,starboard,1.896
2026-05-21 10:39:56,Boat-1,Apex Wave Racing,3,Upwind,24.759,19.328,13.387,-38.68,214.567,13.8,355.368,11.326,68.07,136.921,-5.996,none,port,1.848
2026-05-21 10:39:56,Boat-2,Harbor Velocity Team,3,Upwind,23.707,18.678,14.04,-38.012,216.399,14.04,356.195,17.29,73.065,148.061,-11.532,none,port,1.899
2026-05-21 10:39:56,Boat-3,Northern Reach Sailing,3,Upwind,25.956,20.866,13.145,36.497,216.63,14.186,31.88,16.236,70.05,-260.77,12.389,none,starboard,1.71
2026-05-21 10:39:56,Boat-4,Blue Horizon GP,3,Upwind,20.104,13.65,13.765,47.237,215.647,14.353,27.125,15.42,79.102,-252.959,-2.404,none,starboard,1.818
2026-05-21 10:39:56,Boat-5,Straitline Performance,3,Upwind,23.375,18.497,13.362,37.691,216.38,13.936,29.762,14.302,69.983,-219.224,6.342,none,starboard,1.798
2026-05-21 10:39:58,Boat-1,Apex Wave Racing,3,Upwind,24.555,20.093,12.665,-35.087,215.155,13.918,353.501,15.042,69.906,135.617,10.097,none,port,1.909
2026-05-21 10:39:58,Boat-2,Harbor Velocity Team,3,Upwind,23.707,19.247,13.167,-35.72,215.592,13.469,355.658,15.131,77.221,146.434,12.928,none,port,1.851
2026-05-21 10:39:58,Boat-3,Northern Reach Sailing,3,Upwind,25.56,20.42,12.726,36.976,216.096,13.079,15.716,16.916,74.536,-254.328,22.747,none,starboard,1.808
2026-05-21 10:39:58,Boat-4,Blue Horizon GP,3,Upwind,20.594,14.964,13.236,43.396,216.007,13.236,21.062,15.005,81.008,-247.749,7.765,none,starboard,1.853
2026-05-21 10:39:58,Boat-5,Straitline Performance,3,Upwind,24.299,19.766,13.274,35.566,216.682,14.256,29.611,17.001,68.406,-213.849,15.742,none,starboard,1.861
2026-05-21 10:40:00,Boat-1,Apex Wave Racing,3,Upwind,24.161,20.023,13.109,-34.031,213.839,13.773,356.472,11.91,67.782,134.32,16.841,none,port,1.703
2026-05-21 10:40:00,Boat-2,Harbor Velocity Team,3,Upwind,23.619,19.923,12.964,-32.488,218.116,13.812,353.42,14.347,72.522,144.801,31.403,none,port,1.631
2026-05-21 10:40:00,Boat-3,Northern Reach Sailing,3,Upwind,25.425,19.2,12.26,40.962,215.779,13.772,17.598,18.083,68.67,-247.878,58.206,none,starboard,1.651
2026-05-21 10:40:00,Boat-4,Blue Horizon GP,3,Upwind,19.388,13.965,12.513,43.922,214.93,13.487,12.11,16.385,79.32,-242.551,24.62,none,starboard,1.662
2026-05-21 10:40:00,Boat-5,Straitline Performance,3,Upwind,23.735,19.514,12.977,34.701,215.715,13.888,10.549,14.194,71.123,-208.474,25.256,none,starboard,1.719
2026-05-21 10:40:02,Boat-1,Apex Wave Racing,3,Upwind,24.915,21.169,12.964,-31.824,215.481,14.98,357.394,14.4,68.253,133.023,52.173,none,port,1.67
2026-05-21 10:40:02,Boat-2,Harbor Velocity Team,3,Upwind,24.655,18.634,13.05,-40.907,214.637,14.658,355.058,14.719,71.684,143.157,41.341,none,port,1.685
2026-05-21 10:40:02,Boat-3,Northern Reach Sailing,3,Upwind,25.683,18.002,13.239,45.499,215.007,14.721,34.545,18.02,68.405,-241.426,63.422,none,starboard,1.647
2026-05-21 10:40:02,Boat-4,Blue Horizon GP,3,Upwind,19.881,13.396,12.998,47.639,214.056,14.5,11.112,16.304,79.236,-237.368,56.143,none,starboard,1.639
2026-05-21 10:40:02,Boat-5,Straitline Performance,3,Upwind,23.434,19.044,13.372,35.643,213.957,14.835,11.603,12.86,69.334,-203.103,73.444,none,starboard,1.672
2026-05-21 10:40:04,Boat-1,Apex Wave Racing,3,Upwind,25.646,20.797,13.009,-35.811,216.064,13.957,357.082,12.987,68.388,131.722,73.923,none,port,1.623
2026-05-21 10:40:04,Boat-2,Harbor Velocity Team,3,Upwind,23.545,19.183,13.17,-35.441,215.606,13.667,356.383,15.07,73.14,141.496,69.626,none,port,1.797
2026-05-21 10:40:04,Boat-3,Northern Reach Sailing,3,Upwind,24.76,16.894,12.735,46.976,213.498,13.804,16.031,17.259,70.816,-234.979,76.943,none,starboard,1.648
2026-05-21 10:40:04,Boat-4,Blue Horizon GP,3,Upwind,20.81,13.691,12.46,48.861,216.297,13.882,15.986,16.898,79.644,-232.203,77.306,none,starboard,1.585
2026-05-21 10:40:04,Boat-5,Straitline Performance,3,Upwind,24.552,19.938,12.676,35.702,217.711,13.865,28.415,15.314,70.39,-197.738,77.545,none,starboard,1.664
2026-05-21 10:40:06,Boat-1,Apex Wave Racing,3,Upwind,25.232,19.375,12.063,-39.838,214.422,14.141,354.543,15.247,65.063,130.411,103.411,none,port,1.584
2026-05-21 10:40:06,Boat-2,Harbor Velocity Team,3,Upwind,24.475,19.139,12.862,-38.557,218.138,13.889,354.162,15.093,72.953,139.814,94.228,none,port,1.578
2026-05-21 10:40:06,Boat-3,Northern Reach Sailing,3,Upwind,25.255,20.356,12.316,36.291,216.013,14.49,16.244,14.409,70.454,-228.542,108.263,none,starboard,1.463
2026-05-21 10:40:06,Boat-4,Blue Horizon GP,3,Upwind,19.593,13.0,12.443,48.434,213.79,13.679,22.53,16.803,80.82,-227.059,92.13,none,starboard,1.499
2026-05-21 10:40:06,Boat-5,Straitline Performance,3,Upwind,23.833,17.112,12.231,44.112,215.729,14.463,17.133,14.936,70.844,-192.383,93.257,none,starboard,1.442
2026-05-21 10:40:08,Boat-1,Apex Wave Racing,3,Upwind,25.197,21.221,12.761,-32.627,214.344,14.271,350.296,16.829,65.49,129.085,101.52,none,port,1.679
2026-05-21 10:40:08,Boat-2,Harbor Velocity Team,3,Upwind,23.796,18.521,12.578,-38.894,215.038,13.469,351.334,14.945,71.961,138.105,102.798,none,port,1.582
2026-05-21 10:40:08,Boat-3,Northern Reach Sailing,3,Upwind,25.627,20.262,12.357,37.754,213.411,13.386,20.833,17.194,72.764,-222.121,121.076,none,starboard,1.69
2026-05-21 10:40:08,Boat-4,Blue Horizon GP,3,Upwind,20.208,14.564,12.728,43.889,213.942,13.369,20.173,16.899,78.252,-221.937,102.054,none,starboard,1.784
2026-05-21 10:40:08,Boat-5,Straitline Performance,3,Upwind,24.057,20.623,12.574,30.99,213.452,13.59,11.719,14.838,68.296,-187.041,112.243,none,starboard,1.736
2026-05-21 10:40:10,Boat-1,Apex Wave Racing,3,Upwind,24.775,21.244,12.693,-30.965,215.566,14.333,355.156,11.215,65.275,127.74,119.034,none,port,1.6
2026-05-21 10:40:10,Boat-2,Harbor Velocity Team,3,Upwind,24.528,20.2,12.366,-34.559,214.9,13.477,354.632,14.653,77.725,136.364,116.865,none,port,1.639
2026-05-21 10:40:10,Boat-3,Northern Reach Sailing,3,Upwind,25.44,19.076,12.5,41.424,215.656,14.084,24.42,15.238,72.018,-215.721,141.954,none,starboard,1.578
2026-05-21 10:40:10,Boat-4,Blue Horizon GP,3,Upwind,20.618,14.421,12.88,45.618,213.732,14.339,15.433,15.803,80.646,-216.841,119.941,none,starboard,1.671
2026-05-21 10:40:10,Boat-5,Straitline Performance,3,Upwind,23.805,20.022,12.311,32.744,215.205,13.712,15.951,14.645,68.702,-181.716,144.684,none,starboard,1.575
2026-05-21 10:40:12,Boat-1,Apex Wave Racing,3,Upwind,25.486,20.89,13.061,-34.95,214.468,14.028,356.251,14.502,64.908,126.368,133.586,none,port,1.626
2026-05-21 10:40:12,Boat-2,Harbor Velocity Team,3,Upwind,23.471,18.691,13.291,-37.219,214.167,14.207,355.814,16.078,73.982,134.586,140.241,none,port,1.644
2026-05-21 10:40:12,Boat-3,Northern Reach Sailing,3,Upwind,25.756,18.658,13.341,43.58,216.084,14.584,17.782,16.884,71.096,-209.35,149.203,none,starboard,1.639
2026-05-21 10:40:12,Boat-4,Blue Horizon GP,3,Upwind,20.479,15.161,13.074,42.242,215.926,14.297,11.776,15.204,84.067,-211.774,138.87,none,starboard,1.672
2026-05-21 10:40:12,Boat-5,Straitline Performance,3,Upwind,24.978,21.122,12.873,32.26,215.011,14.414,18.783,15.246,66.947,-176.408,149.444,none,starboard,1.585
2026-05-21 10:40:14,Boat-1,Apex Wave Racing,3,Upwind,25.905,21.641,13.057,-33.34,214.181,14.807,356.489,11.87,68.525,124.967,161.358,none,port,1.578
2026-05-21 10:40:14,Boat-2,Harbor Velocity Team,3,Upwind,24.061,18.583,12.787,-39.435,216.723,14.83,352.939,17.756,74.154,132.767,166.011,none,port,1.661
2026-05-21 10:40:14,Boat-3,Northern Reach Sailing,3,Upwind,27.137,22.867,12.851,32.582,213.787,14.619,11.837,15.854,71.823,-203.011,181.584,none,starboard,1.731
2026-05-21 10:40:14,Boat-4,Blue Horizon GP,3,Upwind,21.018,15.736,13.005,41.525,215.159,14.55,15.561,16.041,80.122,-206.737,168.406,none,starboard,1.637
2026-05-21 10:40:14,Boat-5,Straitline Performance,3,Upwind,24.58,19.711,12.659,36.689,215.049,14.692,15.52,14.951,68.293,-171.123,175.828,none,starboard,1.637
2026-05-21 10:40:16,Boat-1,Apex Wave Racing,3,Upwind,25.735,20.756,13.23,-36.243,216.243,13.926,354.442,14.337,67.691,123.529,179.861,none,port,1.675
2026-05-21 10:40:16,Boat-2,Harbor Velocity Team,3,Upwind,23.837,20.421,12.707,-31.05,213.652,13.717,353.861,15.875,72.568,130.901,169.99,none,port,1.588
2026-05-21 10:40:16,Boat-3,Northern Reach Sailing,3,Upwind,25.84,19.791,12.625,40.011,214.258,13.174,29.407,15.146,71.758,-196.712,209.505,none,starboard,1.599
2026-05-21 10:40:16,Boat-4,Blue Horizon GP,3,Upwind,21.147,14.587,12.554,46.386,215.899,13.788,15.08,16.219,79.804,-201.734,174.923,none,starboard,1.654
2026-05-21 10:40:16,Boat-5,Straitline Performance,3,Upwind,24.281,19.503,12.871,36.558,213.614,13.805,23.979,14.813,72.111,-165.863,187.418,none,starboard,1.661
2026-05-21 10:40:18,Boat-1,Apex Wave Racing,3,Upwind,25.481,20.224,12.453,-37.468,215.869,13.219,355.023,13.801,67.217,122.052,191.312,none,port,1.849
2026-05-21 10:40:18,Boat-2,Harbor Velocity Team,3,Upwind,24.122,20.37,12.627,-32.384,215.366,13.593,354.574,16.284,72.359,128.985,201.169,none,port,1.804
2026-05-21 10:40:18,Boat-3,Northern Reach Sailing,3,Upwind,26.053,20.497,12.298,38.115,217.23,13.53,27.366,16.785,74.466,-190.456,203.859,none,starboard,1.817
2026-05-21 10:40:18,Boat-4,Blue Horizon GP,3,Upwind,20.624,13.091,12.118,50.599,214.033,13.416,11.822,16.864,79.534,-196.766,205.413,none,starboard,1.763
2026-05-21 10:40:18,Boat-5,Straitline Performance,3,Upwind,23.649,19.627,12.51,33.909,214.956,13.373,12.907,15.976,70.066,-160.63,199.419,none,starboard,1.895
2026-05-21 10:40:20,Boat-1,Apex Wave Racing,3,Upwind,25.107,21.455,12.525,-31.29,215.694,13.66,353.891,13.644,62.685,120.529,214.313,none,port,1.62
2026-05-21 10:40:20,Boat-2,Harbor Velocity Team,3,Upwind,24.678,18.398,12.631,-41.797,214.511,13.546,353.426,15.537,75.085,127.013,210.918,none,port,1.603
2026-05-21 10:40:20,Boat-3,Northern Reach Sailing,3,Upwind,26.177,21.86,12.699,33.374,214.945,13.257,17.108,18.187,71.38,-184.251,233.579,none,starboard,1.519
2026-05-21 10:40:20,Boat-4,Blue Horizon GP,3,Upwind,21.25,14.642,12.724,46.447,213.654,13.195,13.952,15.567,80.581,-191.836,222.208,none,starboard,1.611
2026-05-21 10:40:20,Boat-5,Straitline Performance,3,Upwind,25.864,20.169,13.044,38.757,214.118,13.101,10.993,12.998,67.085,-155.428,232.954,none,starboard,1.518
2026-05-21 10:40:22,Boat-1,Apex Wave Racing,3,Upwind,25.958,21.671,12.675,-33.398,215.86,13.958,355.915,12.771,70.609,118.956,220.233,none,port,1.649
2026-05-21 10:40:22,Boat-2,Harbor Velocity Team,3,Upwind,24.505,18.694,13.299,-40.286,214.634,14.059,353.784,15.898,70.593,124.982,235.904,none,port,1.564
2026-05-21 10:40:22,Boat-3,Northern Reach Sailing,3,Upwind,26.434,21.571,12.931,35.31,213.5,13.744,12.97,15.875,69.827,-178.1,244.004,none,starboard,1.625
2026-05-21 10:40:22,Boat-4,Blue Horizon GP,3,Upwind,20.296,12.379,12.943,52.414,214.354,13.783,13.671,17.398,77.064,-186.946,244.94,none,starboard,1.704
2026-05-21 10:40:22,Boat-5,Straitline Performance,3,Upwind,25.715,20.531,13.236,37.02,214.458,13.479,21.753,13.751,71.664,-150.259,252.809,none,starboard,1.621
2026-05-21 10:40:24,Boat-1,Apex Wave Racing,3,Upwind,24.172,20.259,12.706,-33.059,212.566,12.978,355.84,14.436,65.599,117.329,259.115,none,port,1.688
2026-05-21 10:40:24,Boat-2,Harbor Velocity Team,3,Upwind,24.641,20.557,12.03,-33.461,213.174,13.482,352.285,15.674,71.309,122.887,248.804,none,port,1.755
2026-05-21 10:40:24,Boat-3,Northern Reach Sailing,3,Upwind,25.772,20.351,12.057,37.849,215.622,12.825,13.37,17.157,71.191,-172.009,286.729,none,starboard,1.707
2026-05-21 10:40:24,Boat-4,Blue Horizon GP,3,Upwind,20.564,14.394,12.342,45.576,214.54,12.8,16.694,15.031,82.603,-182.098,262.243,none,starboard,1.721
2026-05-21 10:40:24,Boat-5,Straitline Performance,3,Upwind,25.308,19.697,12.376,38.896,215.167,12.742,19.491,14.402,69.422,-145.125,258.775,none,starboard,1.68
2026-05-21 10:40:26,Boat-1,Apex Wave Racing,3,Upwind,25.79,22.398,12.527,-29.72,216.251,13.828,353.547,11.94,70.581,115.644,265.782,none,port,1.654
2026-05-21 10:40:26,Boat-2,Harbor Velocity Team,3,Upwind,23.919,19.263,12.438,-36.36,216.239,13.763,355.139,14.82,72.892,120.725,267.331,none,port,1.704
2026-05-21 10:40:26,Boat-3,Northern Reach Sailing,3,Upwind,26.691,20.471,12.43,39.917,213.912,13.677,30.99,18.912,66.458,-165.983,294.98,none,starboard,1.696
2026-05-21 10:40:26,Boat-4,Blue Horizon GP,3,Upwind,21.79,15.077,12.308,46.22,214.992,14.116,26.325,15.82,81.374,-177.294,277.126,none,starboard,1.79
2026-05-21 10:40:26,Boat-5,Straitline Performance,3,Upwind,24.412,18.763,12.574,39.772,214.237,13.967,13.488,13.604,70.202,-140.03,281.709,none,starboard,1.73
2026-05-21 10:40:28,Boat-1,Apex Wave Racing,3,Upwind,26.942,21.185,12.96,-38.158,215.173,13.432,353.741,15.305,64.694,113.895,289.48,none,port,1.692
2026-05-21 10:40:28,Boat-2,Harbor Velocity Team,3,Upwind,24.062,20.739,13.125,-30.468,214.436,14.057,351.714,14.583,75.712,118.491,300.507,none,port,1.652
2026-05-21 10:40:28,Boat-3,Northern Reach Sailing,3,Upwind,26.543,19.396,13.215,43.05,212.629,13.681,31.224,17.67,70.972,-160.027,306.678,none,starboard,1.719
2026-05-21 10:40:28,Boat-4,Blue Horizon GP,3,Upwind,21.766,15.958,12.867,42.847,212.891,14.017,14.165,17.12,78.694,-172.535,281.572,none,starboard,1.669
2026-05-21 10:40:28,Boat-5,Straitline Performance,3,Upwind,24.565,21.533,12.654,28.768,214.422,13.761,14.037,13.937,69.637,-134.975,301.094,none,starboard,1.704
2026-05-21 10:40:30,Boat-1,Apex Wave Racing,3,Upwind,24.981,20.082,12.449,-36.499,215.735,15.022,353.647,13.521,65.7,112.079,298.282,none,port,1.537
2026-05-21 10:40:30,Boat-2,Harbor Velocity Team,3,Upwind,24.234,20.235,12.045,-33.386,213.287,15.042,351.052,16.096,72.617,116.182,298.527,none,port,1.642
2026-05-21 10:40:30,Boat-3,Northern Reach Sailing,3,Upwind,25.558,19.32,12.308,40.892,215.195,15.095,22.708,15.99,72.749,-154.145,314.509,none,starboard,1.602
2026-05-21 10:40:30,Boat-4,Blue Horizon GP,3,Upwind,20.214,14.3,12.359,44.971,215.15,14.959,11.02,15.03,79.767,-167.823,314.649,none,starboard,1.579
2026-05-21 10:40:30,Boat-5,Straitline Performance,3,Upwind,24.932,19.63,12.3,38.063,215.526,14.466,11.286,14.582,69.463,-129.962,321.974,none,starboard,1.567
2026-05-21 10:40:32,Boat-1,Apex Wave Racing,3,Upwind,25.458,21.067,11.861,-34.156,214.96,12.209,355.125,12.341,63.248,110.192,322.739,none,port,1.628
2026-05-21 10:40:32,Boat-2,Harbor Velocity Team,3,Upwind,24.206,19.965,11.858,-34.432,215.912,12.873,355.3,16.416,73.933,113.794,330.333,none,port,1.526
2026-05-21 10:40:32,Boat-3,Northern Reach Sailing,3,Upwind,26.112,19.144,12.247,42.85,213.526,12.247,12.826,17.028,71.906,-148.341,334.603,none,starboard,1.551
2026-05-21 10:40:32,Boat-4,Blue Horizon GP,3,Upwind,20.706,15.341,11.784,42.19,213.551,12.527,17.092,16.989,78.68,-163.16,329.713,none,starboard,1.558
2026-05-21 10:40:32,Boat-5,Straitline Performance,3,Upwind,24.326,20.732,12.113,31.543,213.557,12.453,17.426,15.613,65.325,-124.995,351.1,none,starboard,1.608
2026-05-21 10:40:34,Boat-1,Apex Wave Racing,3,Upwind,25.851,20.77,12.916,-36.539,214.35,13.75,354.439,15.529,67.767,108.231,343.405,none,port,1.547
2026-05-21 10:40:34,Boat-2,Harbor Velocity Team,3,Upwind,24.339,18.971,12.528,-38.792,213.741,14.106,352.566,15.742,73.373,111.325,357.6,none,port,1.479
2026-05-21 10:40:34,Boat-3,Northern Reach Sailing,3,Upwind,26.206,20.13,12.666,39.811,214.649,14.307,18.385,17.029,71.452,-142.62,365.13,none,starboard,1.566
2026-05-21 10:40:34,Boat-4,Blue Horizon GP,3,Upwind,20.919,15.784,12.194,41.018,213.584,14.655,11.333,14.435,80.198,-158.547,344.817,none,starboard,1.508
2026-05-21 10:40:34,Boat-5,Straitline Performance,3,Upwind,24.467,19.636,12.749,36.623,213.583,13.936,25.236,14.957,70.699,-120.075,353.476,none,starboard,1.496
2026-05-21 10:40:36,Boat-1,Apex Wave Racing,3,Upwind,25.591,21.68,12.583,-32.093,213.891,13.788,354.397,13.511,65.229,106.191,363.829,none,port,1.614
2026-05-21 10:40:36,Boat-2,Harbor Velocity Team,3,Upwind,24.09,20.019,12.819,-33.798,214.562,13.163,341.645,14.08,75.573,108.772,368.825,none,port,1.512
2026-05-21 10:40:36,Boat-3,Northern Reach Sailing,3,Upwind,26.276,20.875,12.965,37.397,213.3,13.513,26.667,17.789,72.093,-136.985,368.77,none,starboard,1.53
2026-05-21 10:40:36,Boat-4,Blue Horizon GP,3,Upwind,21.201,15.694,12.651,42.247,215.485,13.38,13.223,14.358,79.862,-153.986,375.491,none,starboard,1.554
2026-05-21 10:40:36,Boat-5,Straitline Performance,3,Upwind,25.69,20.899,13.035,35.56,212.814,13.035,14.337,14.747,65.028,-115.203,371.875,none,starboard,1.62
2026-05-21 10:40:38,Boat-1,Apex Wave Racing,3,Upwind,26.14,21.335,11.893,-35.296,214.492,13.137,354.769,15.742,65.174,104.07,385.813,none,port,1.527
2026-05-21 10:40:38,Boat-2,Harbor Velocity Team,3,Upwind,24.887,19.168,11.866,-39.63,215.014,13.162,347.032,15.446,70.533,106.132,373.253,none,port,1.615
2026-05-21 10:40:38,Boat-3,Northern Reach Sailing,3,Upwind,26.506,20.565,12.466,39.117,214.866,13.474,13.332,17.706,72.79,-131.441,387.39,none,starboard,1.592
2026-05-21 10:40:38,Boat-4,Blue Horizon GP,3,Upwind,21.425,14.775,11.771,46.399,211.687,12.905,20.634,14.781,80.014,-149.476,383.422,none,starboard,1.51
2026-05-21 10:40:38,Boat-5,Straitline Performance,3,Upwind,24.7,20.058,11.708,35.701,213.183,13.009,16.393,14.592,70.388,-110.382,391.401,none,starboard,1.469
2026-05-21 10:40:40,Boat-1,Apex Wave Racing,3,Upwind,26.097,20.578,12.704,-37.953,213.699,13.92,353.399,15.268,64.786,101.865,411.074,none,port,1.832
2026-05-21 10:40:40,Boat-2,Harbor Velocity Team,3,Upwind,24.359,20.855,12.53,-31.113,214.563,13.684,352.316,13.619,74.578,103.402,392.145,none,port,1.751
2026-05-21 10:40:40,Boat-3,Northern Reach Sailing,3,Upwind,26.531,19.711,12.278,42.018,214.244,13.866,12.934,13.955,73.309,-125.989,415.171,none,starboard,1.806
2026-05-21 10:40:40,Boat-4,Blue Horizon GP,3,Upwind,21.974,15.89,12.821,43.686,214.397,14.512,10.905,16.175,78.035,-145.02,399.301,none,starboard,1.762
2026-05-21 10:40:40,Boat-5,Straitline Performance,3,Upwind,24.402,20.733,12.417,31.825,214.184,13.813,20.001,13.609,68.937,-105.613,404.475,none,starboard,1.798
2026-05-21 10:40:42,Boat-1,Apex Wave Racing,3,Upwind,25.958,21.403,12.66,-34.46,214.856,12.837,352.117,12.969,68.434,99.573,424.676,none,port,1.646
2026-05-21 10:40:42,Boat-2,Harbor Velocity Team,3,Upwind,25.163,20.855,12.342,-34.027,211.485,13.167,353.066,15.368,72.96,100.581,414.4,none,port,1.553
2026-05-21 10:40:42,Boat-3,Northern Reach Sailing,3,Upwind,26.634,19.438,12.899,43.13,211.053,12.899,15.072,15.957,71.74,-120.634,434.444,none,starboard,1.759
2026-05-21 10:40:42,Boat-4,Blue Horizon GP,3,Upwind,21.022,15.002,12.161,44.468,214.252,13.406,12.992,16.85,78.865,-140.618,429.401,none,starboard,1.636
2026-05-21 10:40:42,Boat-5,Straitline Performance,3,Upwind,25.437,19.712,12.685,39.201,214.604,13.509,11.919,16.142,70.228,-100.898,417.458,none,starboard,1.686
2026-05-21 10:40:44,Boat-1,Apex Wave Racing,3,Upwind,26.232,21.718,12.5,-34.115,212.138,14.078,353.419,13.655,68.298,97.192,444.829,none,port,1.647
2026-05-21 10:40:44,Boat-2,Harbor Velocity Team,3,Upwind,24.728,19.448,13.14,-38.142,214.648,14.113,352.319,15.878,74.99,97.665,439.312,none,port,1.642
2026-05-21 10:40:44,Boat-3,Northern Reach Sailing,3,Upwind,26.554,20.568,12.885,39.235,214.303,13.548,17.611,16.432,70.44,-115.379,454.571,none,starboard,1.73
2026-05-21 10:40:44,Boat-4,Blue Horizon GP,3,Upwind,21.665,14.645,12.631,47.47,212.982,14.344,18.975,17.653,81.703,-136.271,437.223,none,starboard,1.688
2026-05-21 10:40:44,Boat-5,Straitline Performance,3,Upwind,24.688,21.041,12.429,31.542,212.996,14.015,9.984,15.849,69.038,-96.237,448.892,none,starboard,1.693
2026-05-21 10:40:46,Boat-1,Apex Wave Racing,3,Upwind,25.916,22.075,12.63,-31.593,213.334,15.271,351.65,13.659,70.189,94.718,466.763,none,port,1.792
2026-05-21 10:40:46,Boat-2,Harbor Velocity Team,3,Upwind,24.922,20.957,12.645,-32.764,213.819,14.917,347.272,14.921,71.951,94.655,458.333,none,port,1.791
2026-05-21 10:40:46,Boat-3,Northern Reach Sailing,3,Upwind,26.319,21.114,12.385,36.657,213.611,15.632,14.113,15.28,66.97,-110.225,467.235,none,starboard,1.78
2026-05-21 10:40:46,Boat-4,Blue Horizon GP,3,Upwind,21.601,16.301,13.158,41.006,213.438,14.824,14.925,17.056,78.926,-131.979,454.528,none,starboard,1.761
2026-05-21 10:40:46,Boat-5,Straitline Performance,3,Upwind,24.038,18.87,12.367,38.277,214.601,15.15,14.276,13.965,70.534,-91.633,470.089,none,starboard,1.754
2026-05-21 10:40:48,Boat-1,Apex Wave Racing,3,Upwind,27.25,22.754,12.092,-33.38,216.123,12.696,348.921,15.207,65.862,92.151,479.174,none,port,1.666
2026-05-21 10:40:48,Boat-2,Harbor Velocity Team,3,Upwind,24.747,21.845,12.018,-28.023,213.512,13.114,347.883,15.054,73.291,91.548,466.395,none,port,1.724
2026-05-21 10:40:48,Boat-3,Northern Reach Sailing,3,Upwind,25.136,19.019,11.75,40.831,215.432,13.143,16.449,12.929,72.47,-105.176,495.154,none,starboard,1.649
2026-05-21 10:40:48,Boat-4,Blue Horizon GP,3,Upwind,21.003,14.488,11.848,46.385,215.217,12.764,13.388,17.137,75.143,-127.742,469.22,none,starboard,1.628
2026-05-21 10:40:48,Boat-5,Straitline Performance,3,Upwind,24.291,20.805,11.774,31.075,213.99,12.939,15.423,16.221,68.698,-87.085,484.858,none,starboard,1.754
2026-05-21 10:40:50,Boat-1,Apex Wave Racing,3,Upwind,26.053,21.811,12.891,-33.155,213.152,13.921,352.311,14.101,67.519,89.488,493.476,none,port,1.613
2026-05-21 10:40:50,Boat-2,Harbor Velocity Team,3,Upwind,24.202,19.546,12.345,-36.138,213.721,13.476,350.829,15.879,73.124,88.343,487.733,none,port,1.713
2026-05-21 10:40:50,Boat-3,Northern Reach Sailing,3,Upwind,26.617,19.997,12.333,41.3,214.276,13.715,15.718,15.941,71.771,-100.232,501.081,none,starboard,1.564
2026-05-21 10:40:50,Boat-4,Blue Horizon GP,3,Upwind,20.405,13.409,12.479,48.916,216.0,13.373,11.788,15.645,79.476,-123.561,489.894,none,starboard,1.505
2026-05-21 10:40:50,Boat-5,Straitline Performance,3,Upwind,24.734,20.076,12.418,35.741,212.32,13.743,16.263,14.304,69.245,-82.596,502.845,none,starboard,1.495
2026-05-21 10:40:52,Boat-1,Apex Wave Racing,3,Upwind,25.952,21.611,12.384,-33.62,213.51,14.362,352.861,13.877,64.879,86.727,519.343,none,port,1.538
2026-05-21 10:40:52,Boat-2,Harbor Velocity Team,3,Upwind,24.695,20.568,12.074,-33.604,212.001,14.15,350.914,15.516,71.554,85.04,506.707,none,port,1.661
2026-05-21 10:40:52,Boat-3,Northern Reach Sailing,3,Upwind,26.444,19.089,12.204,43.791,214.604,14.609,12.171,16.863,71.135,-95.397,529.901,none,starboard,1.618
2026-05-21 10:40:52,Boat-4,Blue Horizon GP,3,Upwind,21.64,14.139,12.344,49.201,214.943,14.391,9.862,15.659,83.811,-119.436,509.02,none,starboard,1.561
2026-05-21 10:40:52,Boat-5,Straitline Performance,3,Upwind,25.116,18.737,12.599,41.755,213.964,13.955,12.69,14.703,69.483,-78.165,515.435,none,starboard,1.536
2026-05-21 10:40:54,Boat-1,Apex Wave Racing,3,Upwind,25.065,20.457,12.355,-35.298,212.726,12.783,350.449,13.635,66.497,83.869,538.337,none,port,1.676
2026-05-21 10:40:54,Boat-2,Harbor Velocity Team,3,Upwind,25.553,20.449,12.632,-36.845,213.908,13.225,353.052,14.317,71.165,81.637,529.667,none,port,1.729
2026-05-21 10:40:54,Boat-3,Northern Reach Sailing,3,Upwind,25.72,20.409,12.065,37.483,212.915,13.771,14.311,15.836,69.685,-90.671,545.415,none,starboard,1.727
2026-05-21 10:40:54,Boat-4,Blue Horizon GP,3,Upwind,21.448,14.401,12.28,47.822,215.771,13.387,12.984,17.177,81.145,-115.367,537.034,none,starboard,1.651
2026-05-21 10:40:54,Boat-5,Straitline Performance,3,Upwind,24.922,18.049,11.899,43.594,215.01,13.688,11.075,16.076,71.883,-73.794,541.936,none,starboard,1.753
2026-05-21 10:40:56,Boat-1,Apex Wave Racing,3,Upwind,25.644,20.47,12.557,-37.041,213.904,13.571,342.77,13.923,66.215,80.911,553.912,none,port,1.584
2026-05-21 10:40:56,Boat-2,Harbor Velocity Team,3,Upwind,24.663,20.169,12.128,-35.138,212.034,14.447,347.416,15.129,72.279,78.135,563.371,none,port,1.507
2026-05-21 10:40:56,Boat-3,Northern Reach Sailing,3,Upwind,26.404,20.942,12.558,37.519,212.665,13.183,11.821,15.368,72.569,-86.055,566.521,none,starboard,1.522
2026-05-21 10:40:56,Boat-4,Blue Horizon GP,3,Upwind,21.414,14.89,12.505,45.945,212.774,13.048,22.036,17.66,78.743,-111.353,544.079,none,starboard,1.51
2026-05-21 10:40:56,Boat-5,Straitline Performance,3,Upwind,25.617,22.082,12.811,30.459,211.453,13.812,12.56,15.115,69.847,-69.481,559.8,none,starboard,1.508
2026-05-21 10:40:58,Boat-1,Apex Wave Racing,3,Upwind,26.428,21.981,12.624,-33.724,212.687,12.972,346.876,15.013,67.897,77.853,557.736,none,port,1.843
2026-05-21 10:40:58,Boat-2,Harbor Velocity Team,3,Upwind,25.139,19.146,12.87,-40.394,213.182,13.147,335.943,16.212,73.598,74.533,561.491,none,port,1.88
2026-05-21 10:40:58,Boat-3,Northern Reach Sailing,3,Upwind,26.661,19.745,13.01,42.218,213.468,13.01,16.832,16.782,70.559,-81.551,588.992,none,starboard,1.84
2026-05-21 10:40:58,Boat-4,Blue Horizon GP,3,Upwind,20.801,14.948,12.549,44.059,211.758,13.461,9.639,15.057,79.656,-107.393,556.733,none,starboard,1.777
2026-05-21 10:40:58,Boat-5,Straitline Performance,3,Upwind,25.0,20.853,13.119,33.475,215.702,13.119,12.542,14.725,66.636,-65.229,580.378,none,starboard,1.751
2026-05-21 10:41:00,Boat-1,Apex Wave Racing,3,Upwind,25.376,20.587,13.055,-35.776,213.205,14.504,351.946,13.877,68.901,74.694,580.575,none,port,1.605
2026-05-21 10:41:00,Boat-2,Harbor Velocity Team,3,Upwind,24.97,20.349,12.588,-35.422,213.581,14.365,348.131,16.983,72.048,70.832,579.73,none,port,1.636
2026-05-21 10:41:00,Boat-3,Northern Reach Sailing,3,Upwind,26.736,20.959,12.417,38.378,213.012,14.504,19.947,16.776,70.849,-77.158,595.931,none,starboard,1.657
2026-05-21 10:41:00,Boat-4,Blue Horizon GP,3,Upwind,22.278,15.519,13.054,45.845,213.351,14.443,9.65,17.525,80.974,-103.488,590.387,none,starboard,1.647
2026-05-21 10:41:00,Boat-5,Straitline Performance,3,Upwind,24.778,20.523,12.763,34.076,212.737,14.169,12.912,14.504,67.866,-61.036,597.762,none,starboard,1.631
2026-05-21 10:41:02,Boat-1,Apex Wave Racing,3,Upwind,24.906,21.762,12.747,-29.101,214.518,13.791,352.22,12.944,68.811,71.435,603.087,none,port,1.737
2026-05-21 10:41:02,Boat-2,Harbor Velocity Team,3,Upwind,24.788,20.236,12.603,-35.276,214.765,13.528,350.959,15.121,72.776,67.032,597.181,none,port,1.67
2026-05-21 10:41:02,Boat-3,Northern Reach Sailing,3,Upwind,26.416,20.748,12.461,38.239,215.056,13.621,16.698,15.954,70.819,-72.877,612.892,none,starboard,1.745
2026-05-21 10:41:02,Boat-4,Blue Horizon GP,3,Upwind,21.249,13.206,12.227,51.574,214.469,13.878,12.394,14.769,76.708,-99.637,602.352,none,starboard,1.67
2026-05-21 10:41:02,Boat-5,Straitline Performance,3,Upwind,25.506,18.58,12.769,43.242,211.77,13.584,10.601,16.769,69.851,-56.903,616.696,none,starboard,1.664
2026-05-21 10:41:04,Boat-1,Apex Wave Racing,3,Upwind,25.673,22.178,11.831,-30.248,212.928,12.971,350.049,12.866,65.556,68.076,629.015,none,port,1.535
2026-05-21 10:41:04,Boat-2,Harbor Velocity Team,3,Upwind,24.582,21.399,12.027,-29.483,212.795,13.321,349.994,15.48,70.045,63.134,628.107,none,port,1.541
2026-05-21 10:41:04,Boat-3,Northern Reach Sailing,3,Upwind,26.273,18.943,12.354,43.862,213.528,12.901,16.774,18.244,71.663,-68.707,624.102,none,starboard,1.513
2026-05-21 10:41:04,Boat-4,Blue Horizon GP,3,Upwind,20.69,14.106,12.395,47.018,211.656,12.476,8.504,16.715,78.264,-95.838,625.202,none,starboard,1.671
2026-05-21 10:41:04,Boat-5,Straitline Performance,3,Upwind,25.163,20.467,12.33,35.575,213.848,13.248,11.977,14.39,70.93,-52.829,641.613,none,starboard,1.593
2026-05-21 10:41:06,Boat-1,Apex Wave Racing,3,Upwind,26.365,22.214,12.248,-32.589,214.533,14.276,349.949,13.064,68.748,64.616,641.954,none,port,1.537
2026-05-21 10:41:06,Boat-2,Harbor Velocity Team,3,Upwind,24.746,18.578,12.083,-41.343,215.263,13.594,342.953,16.757,72.629,59.14,641.914,none,port,1.473
2026-05-21 10:41:06,Boat-3,Northern Reach Sailing,3,Upwind,26.554,21.699,12.468,35.199,212.319,13.913,9.589,16.237,68.963,-64.649,640.188,none,starboard,1.586
2026-05-21 10:41:06,Boat-4,Blue Horizon GP,3,Upwind,20.569,14.349,12.232,45.764,212.647,13.847,11.18,16.12,80.372,-92.09,652.818,none,starboard,1.473
2026-05-21 10:41:06,Boat-5,Straitline Performance,3,Upwind,24.427,18.89,12.432,39.347,214.58,13.18,14.414,15.307,67.615,-48.814,654.83,none,starboard,1.581
2026-05-21 10:41:08,Boat-1,Apex Wave Racing,3,Upwind,25.772,21.508,12.435,-33.428,214.402,13.338,351.17,12.283,67.004,61.058,668.608,none,port,1.633
2026-05-21 10:41:08,Boat-2,Harbor Velocity Team,3,Upwind,24.917,20.07,12.465,-36.347,214.539,13.198,346.64,15.282,75.057,55.049,654.475,none,port,1.538
2026-05-21 10:41:08,Boat-3,Northern Reach Sailing,3,Upwind,25.873,17.807,12.191,46.508,212.587,13.023,8.82,16.213,71.831,-60.702,671.49,none,starboard,1.587
2026-05-21 10:41:08,Boat-4,Blue Horizon GP,3,Upwind,21.523,14.408,12.457,47.977,212.601,13.586,10.762,16.197,82.439,-88.394,662.868,none,starboard,1.622
2026-05-21 10:41:08,Boat-5,Straitline Performance,3,Upwind,24.304,19.464,12.477,36.789,213.189,13.671,20.801,16.973,72.727,-44.857,672.631,none,starboard,1.566
2026-05-21 10:41:10,Boat-1,Apex Wave Racing,3,Upwind,25.482,20.882,12.084,-34.967,214.448,13.309,348.83,13.058,66.475,57.401,688.403,none,port,1.649
2026-05-21 10:41:10,Boat-2,Harbor Velocity Team,3,Upwind,23.706,20.284,11.57,-31.169,212.815,13.322,347.391,16.213,74.381,50.865,676.755,none,port,1.597
2026-05-21 10:41:10,Boat-3,Northern Reach Sailing,3,Upwind,26.198,20.728,12.352,37.701,214.349,13.309,13.967,15.258,69.674,-56.863,690.37,none,starboard,1.669
2026-05-21 10:41:10,Boat-4,Blue Horizon GP,3,Upwind,21.431,14.812,12.08,46.281,213.68,13.207,11.361,16.297,78.925,-84.746,691.46,none,starboard,1.601
2026-05-21 10:41:10,Boat-5,Straitline Performance,3,Upwind,23.269,19.767,12.042,31.843,213.63,13.341,10.722,13.721,69.267,-40.957,675.512,none,starboard,1.661
2026-05-21 10:41:12,Boat-1,Apex Wave Racing,3,Upwind,24.864,19.367,12.568,-38.839,213.508,14.429,348.178,15.616,65.894,53.647,706.137,none,port,1.703
2026-05-21 10:41:12,Boat-2,Harbor Velocity Team,3,Upwind,24.546,19.803,12.118,-36.218,212.134,14.026,348.291,16.672,73.118,46.589,692.299,none,port,1.7
2026-05-21 10:41:12,Boat-3,Northern Reach Sailing,3,Upwind,25.711,18.931,12.529,42.583,213.169,14.181,13.159,16.565,69.764,-53.133,701.922,none,starboard,1.712
2026-05-21 10:41:12,Boat-4,Blue Horizon GP,3,Upwind,20.987,14.35,12.555,46.862,213.604,13.705,12.044,15.459,82.408,-81.145,698.941,none,starboard,1.63
2026-05-21 10:41:12,Boat-5,Straitline Performance,3,Upwind,22.204,19.295,12.363,29.663,215.685,13.875,9.223,14.679,69.896,-37.113,713.526,none,starboard,1.594
2026-05-21 10:41:14,Boat-1,Apex Wave Racing,3,Upwind,25.884,21.101,12.542,-35.391,216.873,12.821,340.027,13.635,66.143,49.798,724.728,none,port,1.718
2026-05-21 10:41:14,Boat-2,Harbor Velocity Team,3,Upwind,24.381,19.728,12.4,-35.985,211.719,13.176,351.828,16.833,73.723,42.223,718.456,none,port,1.603
2026-05-21 10:41:14,Boat-3,Northern Reach Sailing,3,Upwind,26.403,20.413,12.41,39.364,213.065,13.106,7.392,17.648,72.426,-49.509,721.827,none,starboard,1.618
2026-05-21 10:41:14,Boat-4,Blue Horizon GP,3,Upwind,21.369,15.03,12.485,45.303,212.455,13.774,11.84,16.637,78.452,-77.591,724.993,none,starboard,1.652
2026-05-21 10:41:14,Boat-5,Straitline Performance,3,Upwind,22.692,18.862,12.329,33.777,213.534,12.844,14.047,16.816,67.255,-33.325,722.509,none,starboard,1.626
2026-05-21 10:41:16,Boat-1,Apex Wave Racing,3,Upwind,25.915,21.397,12.439,-34.343,214.448,14.516,346.016,14.463,70.042,45.855,727.577,none,port,1.532
2026-05-21 10:41:16,Boat-2,Harbor Velocity Team,3,Upwind,24.085,18.936,11.756,-38.17,213.587,13.978,346.975,16.092,71.808,37.769,753.72,none,port,1.503
2026-05-21 10:41:16,Boat-3,Northern Reach Sailing,3,Upwind,24.902,18.902,11.844,40.619,214.454,13.949,8.054,15.841,69.164,-45.989,756.99,none,starboard,1.558
2026-05-21 10:41:16,Boat-4,Blue Horizon GP,3,Upwind,21.31,15.135,12.016,44.748,213.486,13.611,12.782,16.212,73.912,-74.081,732.638,none,starboard,1.544
2026-05-21 10:41:16,Boat-5,Straitline Performance,3,Upwind,20.213,16.536,12.103,35.106,216.569,14.329,13.858,16.786,71.484,-29.591,743.592,none,starboard,1.634
2026-05-21 10:41:18,Boat-1,Apex Wave Racing,3,Upwind,24.619,20.429,11.91,-33.92,213.358,12.377,348.5,11.247,67.524,41.821,756.761,none,port,1.502
2026-05-21 10:41:18,Boat-2,Harbor Velocity Team,3,Upwind,24.906,19.492,12.223,-38.497,212.19,12.424,332.571,18.033,76.056,33.23,757.331,none,port,1.471
2026-05-21 10:41:18,Boat-3,Northern Reach Sailing,3,Upwind,25.888,20.16,12.063,38.856,211.995,12.175,21.267,17.18,72.429,-42.571,770.858,none,starboard,1.641
2026-05-21 10:41:18,Boat-4,Blue Horizon GP,3,Upwind,20.94,13.626,11.757,49.404,211.742,12.159,11.348,17.473,80.902,-70.614,755.749,none,starboard,1.511
2026-05-21 10:41:18,Boat-5,Straitline Performance,3,Upwind,19.453,18.023,11.888,22.105,214.392,12.41,8.166,16.448,69.016,-25.909,752.569,none,starboard,1.6
2026-05-21 10:41:20,Boat-1,Apex Wave Racing,3,Upwind,25.92,21.707,11.958,-33.128,212.071,13.408,339.399,14.232,67.306,37.697,767.676,none,port,1.413
2026-05-21 10:41:20,Boat-2,Harbor Velocity Team,3,Upwind,23.758,17.809,11.789,-41.445,214.354,12.943,341.937,15.323,76.764,28.609,771.369,none,port,1.459
2026-05-21 10:41:20,Boat-3,Northern Reach Sailing,3,Upwind,25.302,18.64,12.369,42.55,210.576,13.123,13.342,17.082,71.216,-39.253,774.297,none,starboard,1.434
2026-05-21 10:41:20,Boat-4,Blue Horizon GP,3,Upwind,20.475,15.758,11.901,39.681,212.566,13.086,12.557,17.38,80.598,-67.187,766.99,none,starboard,1.538
2026-05-21 10:41:20,Boat-5,Straitline Performance,3,Upwind,17.884,17.486,12.152,12.101,213.092,12.44,14.212,13.672,68.702,-22.279,794.551,none,starboard,1.52
2026-05-21 10:41:22,Boat-1,Apex Wave Racing,3,Upwind,25.709,21.888,12.055,-31.637,212.905,14.871,347.8,13.389,66.582,33.487,778.932,none,port,1.65
2026-05-21 10:41:22,Boat-2,Harbor Velocity Team,3,Upwind,23.375,18.545,12.229,-37.496,212.264,14.747,341.511,17.807,73.634,23.909,785.911,none,port,1.666
2026-05-21 10:41:22,Boat-3,Northern Reach Sailing,3,Upwind,25.223,19.719,12.067,38.577,212.074,14.293,7.462,18.838,68.31,-36.031,798.432,none,starboard,1.7
2026-05-21 10:41:22,Boat-4,Blue Horizon GP,3,Upwind,21.279,14.322,12.888,47.697,211.62,14.342,9.116,16.618,81.117,-63.798,786.347,none,starboard,1.553
2026-05-21 10:41:22,Boat-5,Straitline Performance,3,Upwind,18.744,18.744,12.771,0.177,213.332,14.283,14.022,14.451,69.581,-18.697,781.045,tack,starboard,1.633
2026-05-21 10:41:24,Boat-1,Apex Wave Racing,3,Upwind,25.787,20.605,12.055,-36.961,214.37,14.064,351.486,13.508,71.195,29.193,807.009,none,port,1.499
2026-05-21 10:41:24,Boat-2,Harbor Velocity Team,3,Upwind,24.002,18.736,11.904,-38.685,211.81,14.099,348.4,16.654,77.78,19.134,799.707,none,port,1.589
2026-05-21 10:41:24,Boat-3,Northern Reach Sailing,3,Upwind,23.801,18.799,12.062,37.832,213.067,14.045,9.849,17.429,73.596,-32.903,822.772,none,starboard,1.598
2026-05-21 10:41:24,Boat-4,Blue Horizon GP,3,Upwind,20.61,14.689,11.723,44.544,212.635,13.645,11.278,15.528,80.947,-60.446,809.0,none,starboard,1.605
2026-05-21 10:41:24,Boat-5,Straitline Performance,3,Upwind,17.858,17.411,11.867,-12.84,212.449,13.478,9.053,14.769,72.278,-14.119,827.224,none,port,1.663
2026-05-21 10:41:26,Boat-1,Apex Wave Racing,3,Upwind,25.417,20.317,12.157,-36.931,214.547,13.488,348.221,14.198,69.29,24.818,836.841,none,port,1.772
2026-05-21 10:41:26,Boat-2,Harbor Velocity Team,3,Upwind,22.573,18.484,12.134,-35.03,212.923,13.836,349.214,17.11,72.368,14.286,832.792,none,port,1.759
2026-05-21 10:41:26,Boat-3,Northern Reach Sailing,3,Upwind,23.514,16.421,12.427,45.707,212.392,13.515,11.949,17.295,72.069,-29.866,833.945,none,starboard,1.689
2026-05-21 10:41:26,Boat-4,Blue Horizon GP,3,Upwind,20.137,15.465,12.425,39.83,211.786,13.847,9.437,15.007,80.307,-57.127,819.798,none,starboard,1.792
2026-05-21 10:41:26,Boat-5,Straitline Performance,3,Upwind,19.956,18.549,12.167,-21.639,212.941,13.868,34.492,17.789,70.607,-9.586,838.226,none,port,1.761
2026-05-21 10:41:28,Boat-1,Apex Wave Racing,3,Upwind,25.157,21.811,11.912,-29.889,214.246,12.85,347.917,13.018,65.848,20.366,849.339,none,port,1.539
2026-05-21 10:41:28,Boat-2,Harbor Velocity Team,3,Upwind,21.794,17.169,12.581,-38.019,211.865,13.054,340.969,15.942,71.629,9.37,850.956,none,port,1.585
2026-05-21 10:41:28,Boat-3,Northern Reach Sailing,3,Upwind,22.609,16.054,12.283,44.758,210.903,13.375,8.526,19.014,72.424,-26.914,851.071,none,starboard,1.504
2026-05-21 10:41:28,Boat-4,Blue Horizon GP,3,Upwind,18.753,13.738,12.396,42.901,213.379,13.218,8.417,18.343,79.701,-53.84,848.739,none,starboard,1.636
2026-05-21 10:41:28,Boat-5,Straitline Performance,3,Upwind,20.937,17.154,11.883,-34.986,213.237,13.464,10.513,17.058,68.043,-5.097,840.355,none,port,1.596
2026-05-21 10:41:30,Boat-1,Apex Wave Racing,3,Upwind,24.676,20.896,11.739,-32.133,213.411,12.905,345.434,11.678,66.653,15.839,878.785,none,port,1.515
2026-05-21 10:41:30,Boat-2,Harbor Velocity Team,3,Upwind,22.253,17.771,12.492,-37.003,212.557,12.637,346.209,17.349,72.747,4.389,861.483,none,port,1.545
2026-05-21 10:41:30,Boat-3,Northern Reach Sailing,3,Upwind,21.771,18.526,11.437,31.687,213.665,12.708,6.444,18.339,73.559,-24.046,872.765,none,starboard,1.496
2026-05-21 10:41:30,Boat-4,Blue Horizon GP,3,Upwind,17.564,12.202,12.258,45.998,212.519,13.028,9.798,18.787,79.956,-50.583,864.03,none,starboard,1.456
2026-05-21 10:41:30,Boat-5,Straitline Performance,3,Upwind,21.524,17.504,12.244,-35.589,212.103,13.208,9.346,15.914,68.472,-0.649,886.39,none,port,1.541
2026-05-21 10:41:32,Boat-1,Apex Wave Racing,3,Upwind,24.362,19.718,12.174,-35.967,211.053,13.864,346.998,15.206,66.933,11.243,884.447,none,port,1.675
2026-05-21 10:41:32,Boat-2,Harbor Velocity Team,3,Upwind,20.983,16.582,12.441,-37.79,213.519,13.552,345.946,18.355,73.807,-0.652,891.785,none,port,1.619
2026-05-21 10:41:32,Boat-3,Northern Reach Sailing,3,Upwind,20.715,19.769,12.365,17.39,212.614,13.446,6.619,16.269,74.691,-21.256,901.168,none,starboard,1.693
2026-05-21 10:41:32,Boat-4,Blue Horizon GP,3,Upwind,17.22,12.055,12.412,45.57,212.185,13.649,12.122,18.43,79.806,-47.351,886.317,none,starboard,1.791
2026-05-21 10:41:32,Boat-5,Straitline Performance,3,Upwind,22.274,18.702,12.266,-32.897,210.916,13.552,55.121,15.682,71.563,3.761,894.174,none,port,1.618
2026-05-21 10:41:34,Boat-1,Apex Wave Racing,3,Upwind,22.323,18.279,12.212,-35.031,212.88,13.425,345.797,14.706,67.716,6.58,918.888,none,port,1.599
2026-05-21 10:41:34,Boat-2,Harbor Velocity Team,3,Upwind,20.255,18.541,12.38,-23.746,212.473,13.655,343.239,15.054,78.32,-5.749,901.984,none,port,1.634
2026-05-21 10:41:34,Boat-3,Northern Reach Sailing,3,Upwind,21.11,21.083,11.863,2.909,212.772,13.056,14.111,14.432,72.466,-18.541,920.204,tack,starboard,1.65
2026-05-21 10:41:34,Boat-4,Blue Horizon GP,3,Upwind,16.574,14.355,12.109,29.99,214.289,13.221,9.01,16.693,80.081,-44.144,894.009,none,starboard,1.667
2026-05-21 10:41:34,Boat-5,Straitline Performance,3,Upwind,22.809,17.843,12.033,-38.528,213.797,13.001,16.026,15.648,68.565,8.134,892.512,none,port,1.537
2026-05-21 10:41:36,Boat-1,Apex Wave Racing,3,Upwind,21.31,17.453,11.645,-35.016,210.869,12.684,334.699,14.472,66.401,1.854,921.542,none,port,1.423
2026-05-21 10:41:36,Boat-2,Harbor Velocity Team,3,Upwind,19.1,18.752,11.958,-10.949,212.368,12.243,345.15,15.196,74.006,-10.898,925.805,none,port,1.442
2026-05-21 10:41:36,Boat-3,Northern Reach Sailing,3,Upwind,19.94,19.551,11.212,-11.339,212.697,12.911,11.707,16.718,73.019,-15.218,925.187,none,port,1.451
2026-05-21 10:41:36,Boat-4,Blue Horizon GP,3,Upwind,15.837,15.371,11.784,13.936,212.657,12.704,6.238,16.405,77.791,-40.958,926.639,none,starboard,1.275
2026-05-21 10:41:36,Boat-5,Straitline Performance,3,Upwind,23.239,18.532,11.542,-37.115,213.306,12.463,8.607,16.004,69.732,12.474,924.506,none,port,1.486
2026-05-21 10:41:38,Boat-1,Apex Wave Racing,3,Upwind,20.69,16.719,12.307,-36.091,210.538,13.66,340.316,14.266,68.673,-2.929,939.003,none,port,1.643
2026-05-21 10:41:38,Boat-2,Harbor Velocity Team,3,Upwind,18.53,18.53,12.515,-0.096,212.4,13.201,339.116,12.437,73.163,-16.095,941.0,tack,port,1.569
2026-05-21 10:41:38,Boat-3,Northern Reach Sailing,3,Upwind,21.143,18.303,12.021,-30.041,210.746,13.609,8.757,17.5,72.565,-11.961,951.96,none,port,1.627
2026-05-21 10:41:38,Boat-4,Blue Horizon GP,3,Upwind,15.506,15.505,12.51,0.869,211.77,13.712,9.941,15.937,78.972,-37.79,952.136,tack,starboard,1.535
2026-05-21 10:41:38,Boat-5,Straitline Performance,3,Upwind,23.948,18.857,12.478,-38.055,210.616,13.439,9.408,14.416,70.218,16.782,949.647,none,port,1.632
2026-05-21 10:41:40,Boat-1,Apex Wave Racing,3,Upwind,19.803,18.432,11.876,-21.45,212.536,13.239,347.73,12.927,70.55,-7.767,948.437,none,port,1.492
2026-05-21 10:41:40,Boat-2,Harbor Velocity Team,3,Upwind,18.682,18.248,12.152,12.371,210.41,13.217,335.581,15.294,72.985,-22.507,956.232,none,starboard,1.53
2026-05-21 10:41:40,Boat-3,Northern Reach Sailing,3,Upwind,21.416,15.349,12.057,-44.216,212.606,12.683,13.443,16.718,71.138,-8.763,967.092,none,port,1.492
2026-05-21 10:41:40,Boat-4,Blue Horizon GP,3,Upwind,15.077,14.685,11.948,-13.091,211.631,13.195,12.544,14.904,80.617,-33.501,969.184,none,port,1.542
2026-05-21 10:41:40,Boat-5,Straitline Performance,3,Upwind,23.706,18.507,11.576,-38.675,212.461,12.928,15.741,16.627,62.863,21.062,976.341,none,port,1.525
2026-05-21 10:41:42,Boat-1,Apex Wave Racing,3,Upwind,19.121,18.657,11.297,-12.652,212.461,12.217,347.003,14.159,65.918,-12.653,983.713,none,port,1.304
2026-05-21 10:41:42,Boat-2,Harbor Velocity Team,3,Upwind,19.467,17.988,11.54,22.475,212.317,12.305,340.881,15.223,76.202,-28.958,969.333,none,starboard,1.327
2026-05-21 10:41:42,Boat-3,Northern Reach Sailing,3,Upwind,23.022,17.586,11.133,-40.195,212.884,11.619,10.166,17.807,68.656,-5.621,978.481,none,port,1.359
2026-05-21 10:41:42,Boat-4,Blue Horizon GP,3,Upwind,15.451,13.62,11.699,-28.172,210.587,11.977,17.593,16.517,76.891,-29.224,990.631,none,port,1.272
2026-05-21 10:41:42,Boat-5,Straitline Performance,3,Upwind,24.159,19.778,11.639,-35.049,213.016,12.265,53.132,13.617,70.814,25.316,979.926,none,port,1.321
2026-05-21 10:41:44,Boat-1,Apex Wave Racing,3,Upwind,18.651,18.647,10.826,-1.16,212.772,12.359,336.083,14.717,66.22,-17.584,990.97,tack,port,1.295
2026-05-21 10:41:44,Boat-2,Harbor Velocity Team,3,Upwind,19.753,15.984,11.579,35.982,211.955,12.179,345.339,16.566,75.746,-35.441,993.544,none,starboard,1.341
2026-05-21 10:41:44,Boat-3,Northern Reach Sailing,3,Upwind,23.591,17.997,11.626,-40.284,213.033,12.72,9.947,16.598,71.576,-2.529,1001.86,none,port,1.415
2026-05-21 10:41:44,Boat-4,Blue Horizon GP,3,Upwind,16.634,12.127,11.566,-43.194,211.706,12.281,21.854,16.246,77.048,-24.958,996.126,none,port,1.434
2026-05-21 10:41:44,Boat-5,Straitline Performance,3,Upwind,23.275,18.06,11.704,-39.111,212.795,12.974,9.592,15.458,67.217,29.548,982.705,none,port,1.302
2026-05-21 10:41:46,Boat-1,Apex Wave Racing,3,Upwind,19.35,18.908,11.418,12.28,212.268,13.142,346.218,14.108,67.348,-23.647,1008.502,none,starboard,1.391
2026-05-21 10:41:46,Boat-2,Harbor Velocity Team,3,Upwind,21.283,16.9,11.627,37.432,212.703,13.372,339.316,19.463,72.998,-41.952,1019.002,none,starboard,1.454
2026-05-21 10:41:46,Boat-3,Northern Reach Sailing,3,Upwind,24.123,16.441,11.684,-47.036,212.514,13.011,7.338,16.006,73.399,0.518,1013.49,none,port,1.417
2026-05-21 10:41:46,Boat-4,Blue Horizon GP,3,Upwind,17.523,11.776,11.433,-47.775,212.059,13.579,11.968,17.23,79.639,-20.698,1011.889,none,port,1.423
2026-05-21 10:41:46,Boat-5,Straitline Performance,3,Upwind,24.357,20.228,11.735,-33.854,210.958,13.196,8.123,14.002,68.054,33.76,1029.889,none,port,1.456
2026-05-21 10:41:48,Boat-1,Apex Wave Racing,3,Upwind,20.193,18.623,12.173,22.739,212.262,12.564,346.189,13.118,67.383,-29.745,1040.547,none,starboard,1.561
2026-05-21 10:41:48,Boat-2,Harbor Velocity Team,3,Upwind,21.591,17.506,11.447,35.826,212.344,12.33,339.104,17.804,70.397,-48.486,1028.096,none,starboard,1.6
2026-05-21 10:41:48,Boat-3,Northern Reach Sailing,3,Upwind,24.971,21.063,11.943,-32.489,212.242,12.146,6.043,15.831,71.971,3.526,1048.882,none,port,1.622
2026-05-21 10:41:48,Boat-4,Blue Horizon GP,3,Upwind,18.926,14.553,11.742,-39.74,209.572,11.947,12.671,17.936,79.825,-16.443,1036.294,none,port,1.538
2026-05-21 10:41:48,Boat-5,Straitline Performance,3,Upwind,23.398,18.471,11.733,-37.865,212.758,11.779,37.179,15.188,71.282,37.955,1041.606,none,port,1.572
2026-05-21 10:41:50,Boat-1,Apex Wave Racing,3,Upwind,19.996,16.18,11.357,35.983,210.471,13.431,341.189,15.448,71.182,-35.872,1058.232,none,starboard,1.446
2026-05-21 10:41:50,Boat-2,Harbor Velocity Team,3,Upwind,22.521,16.687,11.85,42.187,211.332,12.895,338.367,14.902,71.563,-55.037,1053.276,none,starboard,1.47
2026-05-21 10:41:50,Boat-3,Northern Reach Sailing,3,Upwind,24.297,18.495,11.851,-40.43,209.643,13.242,12.933,17.993,69.081,6.501,1070.009,none,port,1.447
2026-05-21 10:41:50,Boat-4,Blue Horizon GP,3,Upwind,18.855,13.823,11.89,-42.849,210.054,12.877,21.636,17.465,79.368,-12.189,1049.739,none,port,1.394
2026-05-21 10:41:50,Boat-5,Straitline Performance,3,Upwind,23.149,20.188,11.594,-29.296,211.571,12.623,13.134,15.447,71.104,42.136,1040.933,none,port,1.445
2026-05-21 10:41:52,Boat-1,Apex Wave Racing,3,Upwind,21.605,18.592,11.772,30.622,211.149,12.937,335.018,14.381,69.315,-42.024,1076.595,none,starboard,1.289
2026-05-21 10:41:52,Boat-2,Harbor Velocity Team,3,Upwind,22.739,18.424,11.358,35.88,212.4,12.685,341.595,16.218,76.22,-61.601,1061.164,none,starboard,1.277
2026-05-21 10:41:52,Boat-3,Northern Reach Sailing,3,Upwind,24.785,19.303,11.839,-38.848,211.248,12.543,15.348,17.731,72.72,9.448,1074.669,none,port,1.306
2026-05-21 10:41:52,Boat-4,Blue Horizon GP,3,Upwind,19.215,12.19,11.524,-50.625,210.696,12.25,10.846,16.969,75.686,-7.933,1057.749,none,port,1.379
2026-05-21 10:41:52,Boat-5,Straitline Performance,3,Upwind,23.62,19.734,11.715,-33.337,211.692,12.95,8.517,13.07,69.5,46.307,1077.402,none,port,1.338
2026-05-21 10:41:54,Boat-1,Apex Wave Racing,3,Upwind,22.163,18.514,12.464,33.35,209.567,13.053,336.786,15.192,69.111,-48.196,1084.682,none,starboard,1.376
2026-05-21 10:41:54,Boat-2,Harbor Velocity Team,3,Upwind,23.107,18.517,11.661,36.741,210.903,13.041,344.332,16.421,74.44,-68.172,1092.749,none,starboard,1.402
2026-05-21 10:41:54,Boat-3,Northern Reach Sailing,3,Upwind,24.597,19.11,12.102,-39.02,210.172,13.716,7.066,17.454,70.349,12.372,1091.4,none,port,1.393
2026-05-21 10:41:54,Boat-4,Blue Horizon GP,3,Upwind,20.679,14.573,11.98,-45.194,210.016,13.172,10.16,13.598,82.369,-3.672,1094.193,none,port,1.3
2026-05-21 10:41:54,Boat-5,Straitline Performance,3,Upwind,23.714,17.218,12.268,-43.442,210.213,13.498,14.486,15.421,69.983,50.47,1096.586,none,port,1.233
2026-05-21 10:41:56,Boat-1,Apex Wave Racing,3,Upwind,22.982,15.029,11.769,49.161,209.149,12.966,342.477,15.946,66.787,-54.381,1105.407,none,starboard,1.369
2026-05-21 10:41:56,Boat-2,Harbor Velocity Team,3,Upwind,23.317,18.248,12.007,38.5,211.624,12.713,330.487,15.365,73.393,-74.744,1108.024,none,starboard,1.499
2026-05-21 10:41:56,Boat-3,Northern Reach Sailing,3,Upwind,24.411,18.64,11.769,-40.216,212.763,12.938,6.642,16.858,67.259,15.281,1121.727,none,port,1.501
2026-05-21 10:41:56,Boat-4,Blue Horizon GP,3,Upwind,20.48,12.195,11.717,-53.453,211.4,13.623,22.104,16.236,77.21,0.596,1105.343,none,port,1.483
2026-05-21 10:41:56,Boat-5,Straitline Performance,3,Upwind,22.607,17.859,12.085,-37.817,206.67,12.939,16.568,13.701,70.38,54.629,1109.615,none,port,1.455
2026-05-21 10:41:58,Boat-1,Apex Wave Racing,3,Upwind,23.71,20.007,11.941,32.453,211.904,13.774,343.898,10.842,66.662,-60.576,1123.891,none,starboard,1.43
2026-05-21 10:41:58,Boat-2,Harbor Velocity Team,3,Upwind,22.849,18.029,11.662,37.902,210.747,13.963,338.5,15.804,76.388,-81.313,1115.964,none,starboard,1.526
2026-05-21 10:41:58,Boat-3,Northern Reach Sailing,3,Upwind,24.989,19.462,11.728,-38.844,212.333,14.053,14.996,17.069,72.537,18.179,1141.259,none,port,1.491
2026-05-21 10:41:58,Boat-4,Blue Horizon GP,3,Upwind,19.457,14.483,12.068,-41.898,211.29,13.612,13.71,16.04,78.294,4.875,1115.238,none,port,1.476
2026-05-21 10:41:58,Boat-5,Straitline Performance,3,Upwind,23.036,18.197,11.746,-37.818,210.234,13.926,13.409,14.861,71.098,58.787,1124.54,none,port,1.431
2026-05-21 10:42:00,Boat-1,Apex Wave Racing,3,Upwind,22.174,19.515,11.638,28.347,210.285,13.462,345.633,13.936,64.565,-66.774,1148.334,none,starboard,1.541
2026-05-21 10:42:00,Boat-2,Harbor Velocity Team,3,Upwind,23.127,18.525,11.962,36.774,211.622,13.499,345.859,15.797,76.576,-87.874,1141.356,none,starboard,1.584
2026-05-21 10:42:00,Boat-3,Northern Reach Sailing,3,Upwind,25.336,19.31,11.938,-40.344,210.068,13.589,11.99,16.69,69.229,21.072,1143.346,none,port,1.529
2026-05-21 10:42:00,Boat-4,Blue Horizon GP,3,Upwind,20.437,12.785,11.776,-51.278,210.979,13.297,10.627,16.458,77.487,9.167,1140.477,none,port,1.503
2026-05-21 10:42:00,Boat-5,Straitline Performance,3,Upwind,22.283,18.671,12.131,-33.081,211.704,13.317,11.643,13.319,71.372,62.947,1144.505,none,port,1.536
2026-05-21 10:42:02,Boat-1,Apex Wave Racing,3,Upwind,25.154,18.908,12.433,41.264,211.955,13.086,340.088,13.361,68.442,-72.97,1172.278,none,starboard,1.471
2026-05-21 10:42:02,Boat-2,Harbor Velocity Team,3,Upwind,23.12,19.576,12.061,32.145,210.581,12.267,336.344,13.799,73.197,-94.42,1167.989,none,starboard,1.392
2026-05-21 10:42:02,Boat-3,Northern Reach Sailing,3,Upwind,24.132,18.582,11.995,-39.645,210.945,13.021,7.473,15.43,73.872,23.966,1168.511,none,port,1.454
2026-05-21 10:42:02,Boat-4,Blue Horizon GP,3,Upwind,19.175,13.77,11.705,-44.102,211.6,12.758,11.982,16.127,81.826,13.476,1161.079,none,port,1.381
2026-05-21 10:42:02,Boat-5,Straitline Performance,3,Upwind,22.822,19.314,11.784,-32.189,210.769,12.244,10.817,14.852,68.855,67.112,1164.939,none,port,1.442
2026-05-21 10:42:04,Boat-1,Apex Wave Racing,3,Upwind,23.996,20.851,11.043,29.663,212.128,12.307,342.838,11.984,67.719,-79.159,1182.526,none,starboard,1.279
2026-05-21 10:42:04,Boat-2,Harbor Velocity Team,3,Upwind,21.604,18.358,11.11,31.816,212.721,12.97,330.545,14.086,73.084,-100.948,1171.201,none,starboard,1.3
2026-05-21 10:42:04,Boat-3,Northern Reach Sailing,3,Upwind,24.456,19.937,11.171,-35.388,211.182,13.125,10.164,15.289,72.672,26.868,1187.536,none,port,1.206
2026-05-21 10:42:04,Boat-4,Blue Horizon GP,3,Upwind,19.208,12.611,10.786,-48.963,210.265,12.592,12.638,16.724,80.195,17.804,1181.169,none,port,1.306
2026-05-21 10:42:04,Boat-5,Straitline Performance,3,Upwind,22.565,18.5,10.899,-34.928,211.624,13.355,10.594,14.483,67.286,71.285,1188.142,none,port,1.28
2026-05-21 10:42:06,Boat-1,Apex Wave Racing,3,Upwind,23.589,17.019,11.677,43.825,210.022,12.054,343.176,14.337,69.157,-85.336,1212.32,none,starboard,1.327
2026-05-21 10:42:06,Boat-2,Harbor Velocity Team,3,Upwind,23.033,18.03,11.44,38.483,212.922,12.414,344.054,15.822,72.174,-107.451,1191.063,none,starboard,1.38
2026-05-21 10:42:06,Boat-3,Northern Reach Sailing,3,Upwind,24.344,18.378,11.941,-40.982,211.694,12.886,8.336,16.034,70.449,29.783,1200.954,none,port,1.49
2026-05-21 10:42:06,Boat-4,Blue Horizon GP,3,Upwind,19.371,13.663,11.523,-45.142,210.652,12.586,10.614,15.641,78.784,22.153,1199.779,none,port,1.38
2026-05-21 10:42:06,Boat-5,Straitline Performance,3,Upwind,23.122,18.806,11.705,-35.579,211.92,13.055,23.405,15.709,68.227,75.469,1209.62,none,port,1.413
2026-05-21 10:42:08,Boat-1,Apex Wave Racing,3,Upwind,24.628,20.98,11.36,31.582,211.233,11.756,330.378,13.951,66.561,-91.495,1223.322,none,starboard,1.259
2026-05-21 10:42:08,Boat-2,Harbor Velocity Team,3,Upwind,22.693,18.092,11.247,37.13,211.545,11.878,347.759,15.641,72.65,-113.925,1216.618,none,starboard,1.304
2026-05-21 10:42:08,Boat-3,Northern Reach Sailing,3,Upwind,24.092,17.88,11.108,-42.086,208.74,11.816,8.977,18.131,71.492,32.716,1227.452,none,port,1.341
2026-05-21 10:42:08,Boat-4,Blue Horizon GP,3,Upwind,19.267,13.263,10.902,-46.499,209.48,12.433,17.48,16.276,78.571,26.527,1227.721,none,port,1.214
2026-05-21 10:42:08,Boat-5,Straitline Performance,3,Upwind,22.327,16.561,10.729,-42.118,210.22,11.758,14.24,16.713,68.73,79.668,1207.509,none,port,1.303
2026-05-21 10:42:10,Boat-1,Apex Wave Racing,3,Upwind,23.669,19.458,11.955,34.706,209.933,13.348,341.508,12.147,66.767,-97.632,1233.945,none,starboard,1.579
2026-05-21 10:42:10,Boat-2,Harbor Velocity Team,3,Upwind,22.944,18.313,11.767,37.045,212.356,13.347,338.662,14.826,70.685,-120.365,1250.583,none,starboard,1.561
2026-05-21 10:42:10,Boat-3,Northern Reach Sailing,3,Upwind,24.113,19.018,11.587,-37.934,208.23,12.966,11.098,17.474,74.904,35.675,1238.252,none,port,1.637
2026-05-21 10:42:10,Boat-4,Blue Horizon GP,3,Upwind,19.749,13.193,11.853,-48.083,210.973,13.459,18.495,16.26,79.943,30.928,1227.644,none,port,1.695
2026-05-21 10:42:10,Boat-5,Straitline Performance,3,Upwind,22.572,17.501,11.549,-39.163,210.188,12.736,8.685,15.259,68.547,83.884,1242.778,none,port,1.623
2026-05-21 10:42:12,Boat-1,Apex Wave Racing,3,Upwind,23.736,17.519,11.549,42.432,208.62,12.984,346.481,15.11,67.235,-103.74,1259.936,none,starboard,1.522
2026-05-21 10:42:12,Boat-2,Harbor Velocity Team,3,Upwind,22.056,18.55,11.878,32.748,208.958,12.759,333.533,14.396,70.695,-126.765,1249.487,none,starboard,1.456
2026-05-21 10:42:12,Boat-3,Northern Reach Sailing,3,Upwind,23.705,16.501,11.223,-45.887,210.693,13.026,8.346,15.954,72.428,38.664,1257.77,none,port,1.428
2026-05-21 10:42:12,Boat-4,Blue Horizon GP,3,Upwind,19.417,13.945,11.727,-44.093,210.734,12.657,12.56,15.387,77.5,35.359,1254.124,none,port,1.498
2026-05-21 10:42:12,Boat-5,Straitline Performance,3,Upwind,23.512,18.983,12.156,-36.16,208.245,12.848,13.182,15.902,67.007,88.12,1262.845,none,port,1.556
2026-05-21 10:42:14,Boat-1,Apex Wave Racing,3,Upwind,23.494,19.658,11.966,33.205,210.915,14.051,345.023,14.431,68.525,-109.816,1284.622,none,starboard,1.573
2026-05-21 10:42:14,Boat-2,Harbor Velocity Team,3,Upwind,22.429,18.386,11.829,34.94,209.216,14.171,343.809,15.276,70.293,-133.122,1276.207,none,starboard,1.552
2026-05-21 10:42:14,Boat-3,Northern Reach Sailing,3,Upwind,22.329,16.027,11.936,-44.13,207.995,14.332,11.419,16.947,71.24,41.689,1279.244,none,port,1.572
2026-05-21 10:42:14,Boat-4,Blue Horizon GP,3,Upwind,19.704,12.989,12.221,-48.761,209.461,13.879,10.813,18.31,80.34,39.821,1267.562,none,port,1.496
2026-05-21 10:42:14,Boat-5,Straitline Performance,3,Upwind,23.88,19.315,12.47,-36.017,209.077,13.875,15.587,16.379,69.518,92.38,1279.056,none,port,1.662
2026-05-21 10:42:16,Boat-1,Apex Wave Racing,3,Upwind,24.502,21.029,12.295,30.879,210.323,13.398,340.221,13.528,64.559,-115.853,1305.215,none,starboard,1.612
2026-05-21 10:42:16,Boat-2,Harbor Velocity Team,3,Upwind,22.084,18.065,12.127,35.114,210.488,12.765,336.93,16.266,75.109,-139.43,1293.107,none,starboard,1.577
2026-05-21 10:42:16,Boat-3,Northern Reach Sailing,3,Upwind,24.612,18.143,11.835,-42.508,211.016,13.394,14.968,16.361,75.732,44.755,1287.931,none,port,1.534
2026-05-21 10:42:16,Boat-4,Blue Horizon GP,3,Upwind,19.188,13.511,12.284,-45.24,210.671,13.204,12.95,15.706,78.77,44.318,1301.034,none,port,1.555
2026-05-21 10:42:16,Boat-5,Straitline Performance,3,Upwind,22.518,17.671,12.744,-38.302,209.367,13.234,10.673,14.257,66.151,96.667,1293.48,none,port,1.504
2026-05-21 10:42:18,Boat-1,Apex Wave Racing,3,Upwind,23.489,19.593,11.664,33.476,210.331,12.251,332.848,12.821,68.215,-121.848,1318.082,none,starboard,1.506
2026-05-21 10:42:18,Boat-2,Harbor Velocity Team,3,Upwind,22.862,19.032,12.095,33.65,210.86,12.361,341.113,15.186,70.607,-145.685,1305.704,none,starboard,1.48
2026-05-21 10:42:18,Boat-3,Northern Reach Sailing,3,Upwind,23.493,17.33,11.638,-42.468,211.466,12.784,6.675,16.605,70.99,47.869,1302.36,none,port,1.5
2026-05-21 10:42:18,Boat-4,Blue Horizon GP,3,Upwind,19.416,13.315,12.005,-46.705,210.773,12.97,19.405,14.045,80.544,48.852,1306.836,none,port,1.462
2026-05-21 10:42:18,Boat-5,Straitline Performance,3,Upwind,23.163,19.76,11.933,-31.448,211.427,13.036,9.999,16.066,68.84,100.982,1324.695,none,port,1.447
2026-05-21 10:42:20,Boat-1,Apex Wave Racing,3,Upwind,23.406,19.686,11.039,32.747,213.118,12.864,336.524,12.651,66.835,-127.796,1328.5,none,starboard,1.422
2026-05-21 10:42:20,Boat-2,Harbor Velocity Team,3,Upwind,21.749,17.281,11.811,37.388,210.727,12.414,342.055,17.185,76.533,-151.883,1329.504,none,starboard,1.491
2026-05-21 10:42:20,Boat-3,Northern Reach Sailing,3,Upwind,23.656,18.169,11.629,-39.822,212.305,12.725,7.905,16.013,71.778,51.035,1341.584,none,port,1.449
2026-05-21 10:42:20,Boat-4,Blue Horizon GP,3,Upwind,19.0,15.097,11.091,-37.388,211.254,12.513,10.762,17.337,80.349,53.425,1326.885,none,port,1.546
2026-05-21 10:42:20,Boat-5,Straitline Performance,3,Upwind,22.773,19.829,11.729,-29.46,210.592,12.156,19.696,14.435,68.918,105.329,1342.61,none,port,1.556
2026-05-21 10:42:22,Boat-1,Apex Wave Racing,3,Upwind,24.048,19.446,11.894,36.036,209.24,12.803,344.009,14.92,65.198,-133.691,1345.35,none,starboard,1.6
2026-05-21 10:42:22,Boat-2,Harbor Velocity Team,3,Upwind,21.89,18.779,11.708,30.919,209.112,12.914,339.957,14.349,71.961,-158.019,1343.786,none,starboard,1.577
2026-05-21 10:42:22,Boat-3,Northern Reach Sailing,3,Upwind,23.697,17.192,11.928,-43.49,210.233,13.12,8.174,18.248,69.243,54.258,1348.375,none,port,1.555
2026-05-21 10:42:22,Boat-4,Blue Horizon GP,3,Upwind,18.395,13.006,11.626,-45.004,211.268,13.004,10.77,15.317,78.594,58.038,1355.166,none,port,1.547
2026-05-21 10:42:22,Boat-5,Straitline Performance,3,Upwind,21.781,17.104,11.869,-38.253,210.331,13.28,18.119,14.197,68.881,109.71,1349.078,none,port,1.559
2026-05-21 10:42:24,Boat-1,Apex Wave Racing,3,Upwind,23.546,17.819,11.178,40.82,211.36,13.672,347.003,12.765,63.347,-139.529,1369.445,none,starboard,1.4
2026-05-21 10:42:24,Boat-2,Harbor Velocity Team,3,Upwind,22.44,18.286,11.411,35.426,212.205,13.08,337.115,15.598,76.112,-164.089,1362.962,none,starboard,1.388
2026-05-21 10:42:24,Boat-3,Northern Reach Sailing,3,Upwind,23.421,16.588,12.012,-44.907,211.116,13.497,6.787,16.937,68.0,57.544,1386.902,none,port,1.399
2026-05-21 10:42:24,Boat-4,Blue Horizon GP,3,Upwind,19.213,12.276,11.686,-50.287,210.145,13.561,13.163,17.486,76.123,62.695,1375.617,none,port,1.349
2026-05-21 10:42:24,Boat-5,Straitline Performance,3,Upwind,22.074,17.849,11.46,-36.038,210.225,13.346,11.194,15.297,70.071,114.128,1369.503,none,port,1.414
2026-05-21 10:42:26,Boat-1,Apex Wave Racing,3,Upwind,23.438,19.79,12.131,32.394,209.729,12.976,342.343,14.667,66.801,-145.307,1395.677,none,starboard,1.443
2026-05-21 10:42:26,Boat-2,Harbor Velocity Team,3,Upwind,21.872,17.178,11.48,38.244,213.193,12.957,343.167,15.276,72.548,-170.089,1372.383,none,starboard,1.509
2026-05-21 10:42:26,Boat-3,Northern Reach Sailing,3,Upwind,23.818,17.592,11.848,-42.39,211.54,13.431,20.311,16.97,70.333,60.897,1404.162,none,port,1.444
2026-05-21 10:42:26,Boat-4,Blue Horizon GP,3,Upwind,19.003,12.614,11.78,-48.41,211.664,13.345,30.136,15.755,79.207,67.396,1395.178,none,port,1.5
2026-05-21 10:42:26,Boat-5,Straitline Performance,3,Upwind,21.119,18.013,11.945,-31.47,209.967,13.555,10.915,14.561,69.918,118.586,1393.93,none,port,1.49
2026-05-21 10:42:28,Boat-1,Apex Wave Racing,3,Upwind,23.929,20.949,12.112,28.903,211.752,14.31,338.314,13.158,69.492,-151.019,1405.542,none,starboard,1.435
2026-05-21 10:42:28,Boat-2,Harbor Velocity Team,3,Upwind,21.79,17.588,11.904,36.178,212.162,14.363,347.916,16.053,70.57,-176.017,1402.386,none,starboard,1.379
2026-05-21 10:42:28,Boat-3,Northern Reach Sailing,3,Upwind,23.824,18.814,12.546,-37.841,209.459,14.338,9.977,16.615,70.992,64.322,1405.214,none,port,1.364
2026-05-21 10:42:28,Boat-4,Blue Horizon GP,3,Upwind,18.706,12.262,12.312,-49.043,211.328,14.127,17.578,17.056,77.243,72.143,1391.893,none,port,1.402
2026-05-21 10:42:28,Boat-5,Straitline Performance,3,Upwind,22.733,19.904,12.409,-28.887,211.768,14.23,19.332,13.019,72.545,123.085,1415.948,none,port,1.381
2026-05-21 10:42:30,Boat-1,Apex Wave Racing,3,Upwind,24.354,20.886,11.297,30.95,210.918,14.142,341.952,13.391,69.755,-156.663,1424.234,none,starboard,1.444
2026-05-21 10:42:30,Boat-2,Harbor Velocity Team,3,Upwind,22.415,19.141,11.174,31.355,211.784,13.844,342.852,14.298,75.305,-181.867,1427.396,none,starboard,1.456
2026-05-21 10:42:30,Boat-3,Northern Reach Sailing,3,Upwind,23.284,17.943,11.703,-39.592,211.596,13.835,8.586,15.503,71.36,67.823,1443.534,none,port,1.462
2026-05-21 10:42:30,Boat-4,Blue Horizon GP,3,Upwind,18.507,12.788,11.138,-46.293,209.793,14.294,10.819,16.218,79.664,76.939,1425.301,none,port,1.464
2026-05-21 10:42:30,Boat-5,Straitline Performance,3,Upwind,21.887,17.07,11.72,-38.75,210.692,14.348,23.925,14.114,67.783,127.628,1419.703,none,port,1.501
2026-05-21 10:42:32,Boat-1,Apex Wave Racing,3,Upwind,23.424,17.615,11.823,41.237,211.047,13.077,340.711,12.602,67.591,-162.234,1439.958,none,starboard,1.53
2026-05-21 10:42:32,Boat-2,Harbor Velocity Team,3,Upwind,22.582,18.076,11.963,36.823,210.878,12.295,343.397,17.444,75.625,-187.638,1440.049,none,starboard,1.688
2026-05-21 10:42:32,Boat-3,Northern Reach Sailing,3,Upwind,23.794,17.789,12.269,-41.616,210.931,12.525,24.49,16.801,68.472,71.405,1452.125,none,port,1.667
2026-05-21 10:42:32,Boat-4,Blue Horizon GP,3,Upwind,18.649,11.571,11.879,-51.649,209.372,12.818,16.298,17.695,79.205,81.783,1442.337,none,port,1.614
2026-05-21 10:42:32,Boat-5,Straitline Performance,3,Upwind,22.427,18.576,11.787,-34.079,211.72,12.022,11.709,16.479,69.148,132.217,1436.531,none,port,1.626
2026-05-21 10:42:34,Boat-1,Apex Wave Racing,3,Upwind,23.219,17.87,11.477,39.676,209.369,12.812,342.962,14.038,70.271,-167.728,1455.849,none,starboard,1.529
2026-05-21 10:42:34,Boat-2,Harbor Velocity Team,3,Upwind,22.474,19.0,12.107,32.286,209.482,13.577,344.515,13.463,71.723,-193.326,1465.826,none,starboard,1.514
2026-05-21 10:42:34,Boat-3,Northern Reach Sailing,3,Upwind,23.591,17.397,11.859,-42.488,209.743,13.077,31.381,17.824,71.947,75.071,1459.445,none,port,1.547
2026-05-21 10:42:34,Boat-4,Blue Horizon GP,3,Upwind,18.675,12.72,11.875,-47.069,209.696,12.664,15.444,16.115,78.641,86.679,1458.613,none,port,1.515
2026-05-21 10:42:34,Boat-5,Straitline Performance,3,Upwind,23.581,18.802,12.047,-37.121,207.996,13.509,14.388,15.364,69.078,136.854,1464.216,none,port,1.43
2026-05-21 10:42:36,Boat-1,Apex Wave Racing,3,Upwind,23.126,18.355,11.1,37.469,209.582,12.037,345.081,14.622,66.806,-173.143,1475.556,none,starboard,1.559
2026-05-21 10:42:36,Boat-2,Harbor Velocity Team,3,Upwind,22.275,17.676,11.179,37.484,210.504,11.839,339.055,17.285,72.56,-198.928,1480.8,none,starboard,1.55
2026-05-21 10:42:36,Boat-3,Northern Reach Sailing,3,Upwind,23.835,18.4,11.106,-39.467,210.579,11.548,9.355,17.993,69.299,78.825,1464.291,none,port,1.602
2026-05-21 10:42:36,Boat-4,Blue Horizon GP,3,Upwind,19.444,14.002,11.417,-43.939,208.805,11.78,12.097,15.423,77.37,91.626,1477.964,none,port,1.527
2026-05-21 10:42:36,Boat-5,Straitline Performance,3,Upwind,22.897,18.772,11.182,-34.93,211.01,11.779,23.816,16.392,68.868,141.54,1472.875,none,port,1.556
2026-05-21 10:42:38,Boat-1,Apex Wave Racing,3,Upwind,23.915,18.337,12.302,39.934,211.342,12.594,348.113,12.869,68.68,-178.475,1496.185,none,starboard,1.469
2026-05-21 10:42:38,Boat-2,Harbor Velocity Team,3,Upwind,21.949,17.309,12.025,37.947,212.638,13.265,339.095,15.697,71.711,-204.441,1494.866,none,starboard,1.485
2026-05-21 10:42:38,Boat-3,Northern Reach Sailing,3,Upwind,22.976,18.142,11.935,-37.853,210.169,12.963,8.045,15.243,71.87,82.672,1505.581,none,port,1.483
2026-05-21 10:42:38,Boat-4,Blue Horizon GP,3,Upwind,19.711,12.948,12.057,-48.939,210.551,12.776,12.912,16.735,81.686,96.626,1505.024,none,port,1.522
2026-05-21 10:42:38,Boat-5,Straitline Performance,3,Upwind,21.976,17.849,11.966,-35.687,209.79,12.942,13.727,14.554,66.549,146.278,1485.567,none,port,1.43
2026-05-21 10:42:40,Boat-1,Apex Wave Racing,3,Upwind,23.065,19.001,12.507,34.531,212.332,13.054,343.203,14.272,66.323,-183.721,1525.811,none,starboard,1.544
2026-05-21 10:42:40,Boat-2,Harbor Velocity Team,3,Upwind,21.901,18.317,11.894,33.243,209.997,12.911,342.499,15.783,73.026,-209.864,1509.432,none,starboard,1.535
2026-05-21 10:42:40,Boat-3,Northern Reach Sailing,3,Upwind,23.215,16.429,11.946,-44.951,211.242,12.89,12.843,15.441,72.426,86.613,1519.384,none,port,1.621
2026-05-21 10:42:40,Boat-4,Blue Horizon GP,3,Upwind,17.462,11.419,12.066,-49.162,211.686,12.842,16.489,16.114,78.898,101.68,1521.819,none,port,1.528
2026-05-21 10:42:40,Boat-5,Straitline Performance,3,Upwind,21.939,18.221,12.358,-33.846,210.074,13.276,10.225,14.021,66.746,151.069,1511.882,none,port,1.61
2026-05-21 10:42:42,Boat-1,Apex Wave Racing,3,Upwind,23.055,19.252,11.92,33.379,210.923,12.69,338.099,13.77,66.127,-188.879,1530.652,none,starboard,1.444
2026-05-21 10:42:42,Boat-2,Harbor Velocity Team,3,Upwind,21.698,17.027,12.002,38.304,209.895,12.546,341.286,16.97,73.431,-215.195,1528.969,none,starboard,1.458
2026-05-21 10:42:42,Boat-3,Northern Reach Sailing,3,Upwind,23.824,19.229,11.582,-36.184,209.999,12.686,13.16,16.32,70.11,90.652,1540.586,none,port,1.393
2026-05-21 10:42:42,Boat-4,Blue Horizon GP,3,Upwind,18.822,12.547,11.71,-48.195,211.959,12.818,18.206,14.49,83.617,106.788,1539.353,none,port,1.52
2026-05-21 10:42:42,Boat-5,Straitline Performance,3,Upwind,22.761,18.519,11.439,-35.548,211.883,12.216,10.323,13.276,68.631,155.914,1538.988,none,port,1.567
2026-05-21 10:42:44,Boat-1,Apex Wave Racing,3,Upwind,22.34,17.264,11.412,39.397,209.548,12.542,342.936,13.519,65.774,-193.946,1551.245,none,starboard,1.438
2026-05-21 10:42:44,Boat-2,Harbor Velocity Team,3,Upwind,21.879,18.41,11.282,32.706,211.753,12.093,344.963,16.045,72.542,-220.431,1540.625,none,starboard,1.418
2026-05-21 10:42:44,Boat-3,Northern Reach Sailing,3,Upwind,23.098,18.539,11.184,-36.617,210.785,12.534,18.015,17.402,69.084,94.792,1554.365,none,port,1.509
2026-05-21 10:42:44,Boat-4,Blue Horizon GP,3,Upwind,19.024,13.502,11.778,-44.788,209.337,13.117,12.542,15.545,79.686,111.951,1553.049,none,port,1.477
2026-05-21 10:42:44,Boat-5,Straitline Performance,3,Upwind,21.821,17.264,11.977,-37.705,210.106,11.977,18.772,16.1,66.022,160.814,1565.385,none,port,1.501
2026-05-21 10:42:46,Boat-1,Apex Wave Racing,3,Upwind,22.464,19.027,11.292,32.113,210.917,12.46,346.718,14.434,63.405,-198.92,1563.365,none,starboard,1.397
2026-05-21 10:42:46,Boat-2,Harbor Velocity Team,3,Upwind,21.534,17.798,11.256,34.26,211.835,11.824,348.121,14.582,70.043,-225.571,1567.594,none,starboard,1.374
2026-05-21 10:42:46,Boat-3,Northern Reach Sailing,3,Upwind,23.054,18.805,11.504,-35.344,209.861,13.018,13.636,16.55,73.395,99.034,1566.361,none,port,1.506
2026-05-21 10:42:46,Boat-4,Blue Horizon GP,3,Upwind,18.469,12.585,11.823,-47.046,211.409,11.883,17.74,19.196,80.231,117.17,1586.02,none,port,1.365
2026-05-21 10:42:46,Boat-5,Straitline Performance,3,Upwind,22.624,18.557,11.537,-34.89,211.085,12.509,21.636,15.317,68.067,165.771,1567.991,none,port,1.417
2026-05-21 10:42:48,Boat-1,Apex Wave Racing,3,Upwind,22.76,19.154,11.273,32.694,212.947,12.421,349.614,11.424,69.093,-203.8,1592.986,none,starboard,1.45
2026-05-21 10:42:48,Boat-2,Harbor Velocity Team,3,Upwind,21.573,16.93,11.3,38.303,209.344,11.802,348.913,16.235,72.154,-230.613,1589.031,none,starboard,1.434
2026-05-21 10:42:48,Boat-3,Northern Reach Sailing,3,Upwind,23.143,18.578,11.261,-36.609,209.245,12.568,10.034,16.972,72.218,103.383,1589.78,none,port,1.464
2026-05-21 10:42:48,Boat-4,Blue Horizon GP,3,Upwind,18.831,11.923,11.232,-50.715,210.37,12.234,47.124,14.799,79.611,122.444,1585.848,none,port,1.561
2026-05-21 10:42:48,Boat-5,Straitline Performance,3,Upwind,23.387,19.227,11.395,-34.702,209.157,12.012,13.222,14.484,67.513,170.786,1590.525,none,port,1.418
2026-05-21 10:42:50,Boat-1,Apex Wave Racing,3,Upwind,23.241,18.686,12.405,36.486,210.303,14.061,347.707,14.276,65.984,-208.582,1616.083,none,starboard,1.601
2026-05-21 10:42:50,Boat-2,Harbor Velocity Team,3,Upwind,22.111,17.966,11.606,35.656,209.903,13.615,346.17,17.291,74.384,-235.558,1618.562,none,starboard,1.544
2026-05-21 10:42:50,Boat-3,Northern Reach Sailing,3,Upwind,23.435,16.903,11.507,-43.839,210.379,13.426,13.589,15.51,71.029,107.838,1616.116,none,port,1.625
2026-05-21 10:42:50,Boat-4,Blue Horizon GP,3,Upwind,19.306,12.995,11.901,-47.693,207.555,13.674,15.748,16.62,80.226,127.774,1595.866,none,port,1.548
2026-05-21 10:42:50,Boat-5,Straitline Performance,3,Upwind,22.56,17.825,11.907,-37.805,210.23,13.338,17.079,14.347,68.184,175.859,1610.927,none,port,1.6
2026-05-21 10:42:52,Boat-1,Apex Wave Racing,3,Upwind,23.821,19.454,11.319,35.246,211.579,11.668,342.242,15.45,65.549,-213.268,1636.434,none,starboard,1.453
2026-05-21 10:42:52,Boat-2,Harbor Velocity Team,3,Upwind,22.346,17.792,11.498,37.231,209.419,12.27,333.249,14.662,72.817,-240.403,1628.797,none,starboard,1.516
2026-05-21 10:42:52,Boat-3,Northern Reach Sailing,3,Upwind,23.347,16.808,11.085,-43.95,208.985,11.731,17.48,16.307,73.204,112.402,1627.09,none,port,1.509
2026-05-21 10:42:52,Boat-4,Blue Horizon GP,3,Upwind,17.817,13.398,11.565,-41.241,209.606,12.107,12.517,15.619,81.452,133.16,1623.847,none,port,1.475
2026-05-21 10:42:52,Boat-5,Straitline Performance,3,Upwind,22.625,17.822,11.195,-38.025,208.221,12.193,18.582,16.284,70.509,180.991,1623.74,none,port,1.464
2026-05-21 10:42:54,Boat-1,Apex Wave Racing,3,Upwind,23.514,17.716,12.383,41.111,209.016,14.883,343.036,15.74,65.065,-217.854,1645.032,none,starboard,1.463
2026-05-21 10:42:54,Boat-2,Harbor Velocity Team,3,Upwind,22.057,18.228,11.82,34.268,209.907,14.162,338.059,17.431,72.663,-245.149,1637.59,none,starboard,1.537
2026-05-21 10:42:54,Boat-3,Northern Reach Sailing,3,Upwind,23.48,18.123,11.795,-39.479,210.711,14.979,18.271,14.325,70.956,117.075,1645.449,none,port,1.497
2026-05-21 10:42:54,Boat-4,Blue Horizon GP,3,Upwind,18.602,13.372,12.0,-44.042,209.343,14.862,12.828,17.923,81.537,138.601,1644.633,none,port,1.535
2026-05-21 10:42:54,Boat-5,Straitline Performance,3,Upwind,22.702,19.243,11.717,-32.047,209.768,14.747,13.418,14.502,66.829,186.182,1641.633,none,port,1.625
2026-05-21 10:42:56,Boat-1,Apex Wave Racing,3,Upwind,22.672,18.395,11.616,35.774,209.888,12.607,345.615,14.262,66.609,-222.34,1666.175,none,starboard,1.334
2026-05-21 10:42:56,Boat-2,Harbor Velocity Team,3,Upwind,22.57,19.703,11.281,29.19,211.148,12.303,347.567,15.292,71.557,-249.796,1652.114,none,starboard,1.433
2026-05-21 10:42:56,Boat-3,Northern Reach Sailing,3,Upwind,22.936,17.215,11.02,-41.361,210.585,12.734,13.617,16.529,69.643,121.86,1655.737,none,port,1.414
2026-05-21 10:42:56,Boat-4,Blue Horizon GP,3,Upwind,19.231,13.86,11.165,-43.889,211.266,12.364,18.472,14.963,76.531,144.097,1671.877,none,port,1.466
2026-05-21 10:42:56,Boat-5,Straitline Performance,3,Upwind,21.86,17.751,11.286,-35.705,210.358,12.458,17.452,14.805,70.076,191.432,1667.51,none,port,1.504
2026-05-21 10:42:58,Boat-1,Apex Wave Racing,3,Upwind,22.668,18.647,11.197,34.653,210.614,12.894,346.729,13.481,69.891,-226.726,1679.626,none,starboard,1.431
2026-05-21 10:42:58,Boat-2,Harbor Velocity Team,3,Upwind,21.584,17.318,11.951,36.643,209.048,12.635,350.341,15.069,72.202,-254.343,1679.289,none,starboard,1.302
2026-05-21 10:42:58,Boat-3,Northern Reach Sailing,3,Upwind,23.919,18.407,11.575,-39.688,209.091,13.438,14.023,14.374,69.078,126.756,1685.412,none,port,1.4
2026-05-21 10:42:58,Boat-4,Blue Horizon GP,3,Upwind,17.884,12.945,11.696,-43.628,208.974,12.863,19.577,16.155,81.069,149.648,1677.704,none,port,1.406
2026-05-21 10:42:58,Boat-5,Straitline Performance,3,Upwind,22.326,18.493,11.55,-34.072,211.15,12.726,20.111,14.24,67.666,196.743,1675.226,none,port,1.418
2026-05-21 10:43:00,Boat-1,Apex Wave Racing,3,Upwind,23.742,19.655,11.577,34.12,210.208,11.968,348.148,13.105,70.51,-231.012,1702.944,none,starboard,1.484
2026-05-21 10:43:00,Boat-2,Harbor Velocity Team,3,Upwind,21.1,17.562,12.077,33.658,210.969,12.402,346.622,14.37,75.654,-258.791,1704.962,none,starboard,1.574
2026-05-21 10:43:00,Boat-3,Northern Reach Sailing,3,Upwind,24.276,19.692,11.894,-35.79,210.006,12.477,13.375,17.559,70.646,131.763,1695.391,none,port,1.573
2026-05-21 10:43:00,Boat-4,Blue Horizon GP,3,Upwind,18.315,14.203,11.348,-39.15,210.39,12.34,20.398,16.381,80.407,155.252,1703.245,none,port,1.586
2026-05-21 10:43:00,Boat-5,Straitline Performance,3,Upwind,21.759,17.638,11.51,-35.846,208.871,12.048,13.836,14.576,67.872,202.113,1696.679,none,port,1.595
2026-05-21 10:43:02,Boat-1,Apex Wave Racing,3,Upwind,23.843,19.899,12.396,33.427,208.728,15.085,346.253,13.382,64.25,-235.197,1719.992,none,starboard,1.61
2026-05-21 10:43:02,Boat-2,Harbor Velocity Team,3,Upwind,22.302,18.193,12.152,35.339,209.683,14.796,346.269,15.175,71.332,-263.14,1716.281,none,starboard,1.609
2026-05-21 10:43:02,Boat-3,Northern Reach Sailing,3,Upwind,23.01,15.68,12.707,-47.043,208.725,14.203,14.702,18.681,72.263,136.883,1728.005,none,port,1.624
2026-05-21 10:43:02,Boat-4,Blue Horizon GP,3,Upwind,18.454,11.271,12.559,-52.356,209.453,14.969,15.431,16.572,79.805,160.91,1707.991,none,port,1.616
2026-05-21 10:43:02,Boat-5,Straitline Performance,3,Upwind,23.051,17.52,12.508,-40.532,208.989,14.766,13.781,15.908,69.572,207.542,1719.075,none,port,1.578
2026-05-21 10:43:04,Boat-1,Apex Wave Racing,3,Upwind,23.075,19.159,11.208,33.871,208.607,12.784,347.317,14.264,66.292,-239.282,1736.748,none,starboard,1.476
2026-05-21 10:43:04,Boat-2,Harbor Velocity Team,3,Upwind,21.449,17.497,11.39,35.341,212.056,13.367,347.319,13.443,74.381,-267.392,1740.164,none,starboard,1.408
2026-05-21 10:43:04,Boat-3,Northern Reach Sailing,3,Upwind,22.812,16.337,11.063,-44.26,207.733,13.254,20.484,17.044,73.067,142.114,1734.838,none,port,1.557
2026-05-21 10:43:04,Boat-4,Blue Horizon GP,3,Upwind,18.743,13.657,10.863,-43.225,207.907,13.282,13.475,15.254,82.401,166.62,1744.427,none,port,1.561
2026-05-21 10:43:04,Boat-5,Straitline Performance,3,Upwind,21.596,17.25,10.899,-36.985,208.789,13.07,21.724,13.658,68.074,213.031,1741.193,none,port,1.402
2026-05-21 10:43:06,Boat-1,Apex Wave Racing,3,Upwind,23.126,18.815,12.213,35.549,210.361,13.638,348.825,13.047,65.287,-243.267,1755.851,none,starboard,1.797
2026-05-21 10:43:06,Boat-2,Harbor Velocity Team,3,Upwind,21.911,17.734,12.285,35.965,209.625,14.012,347.896,15.033,73.37,-271.548,1753.647,none,starboard,1.806
2026-05-21 10:43:06,Boat-3,Northern Reach Sailing,3,Upwind,24.224,18.312,11.902,-40.893,208.617,13.858,10.706,15.122,70.87,147.456,1756.308,none,port,1.772
2026-05-21 10:43:06,Boat-4,Blue Horizon GP,3,Upwind,19.175,13.917,12.355,-43.464,208.667,13.748,22.808,16.018,82.693,172.381,1755.861,none,port,1.764
2026-05-21 10:43:06,Boat-5,Straitline Performance,3,Upwind,22.686,16.607,11.91,-42.942,208.995,13.624,18.304,15.631,67.174,218.578,1746.772,none,port,1.656
2026-05-21 10:43:08,Boat-1,Apex Wave Racing,3,Upwind,23.949,19.917,12.518,33.733,210.427,12.518,347.304,14.467,68.772,-247.154,1776.597,none,starboard,1.419
2026-05-21 10:43:08,Boat-2,Harbor Velocity Team,3,Upwind,21.092,16.564,11.654,38.249,209.009,12.466,343.542,15.368,73.611,-275.609,1778.48,none,starboard,1.41
2026-05-21 10:43:08,Boat-3,Northern Reach Sailing,3,Upwind,24.456,19.558,11.625,-36.899,209.061,12.704,16.691,16.691,72.851,152.907,1791.926,none,port,1.405
2026-05-21 10:43:08,Boat-4,Blue Horizon GP,3,Upwind,18.506,14.237,11.49,-39.71,210.801,12.153,12.769,15.43,81.121,178.192,1771.945,none,port,1.437
2026-05-21 10:43:08,Boat-5,Straitline Performance,3,Upwind,22.803,18.325,11.449,-36.525,208.056,12.116,16.329,15.993,67.992,224.182,1774.905,none,port,1.484
2026-05-21 10:43:10,Boat-1,Apex Wave Racing,3,Upwind,22.785,19.455,11.595,31.37,210.74,13.495,346.932,15.654,67.44,-250.943,1789.921,none,starboard,1.331
2026-05-21 10:43:10,Boat-2,Harbor Velocity Team,3,Upwind,21.587,17.83,11.946,34.314,209.708,13.538,349.731,14.242,71.994,-279.577,1780.825,none,starboard,1.387
2026-05-21 10:43:10,Boat-3,Northern Reach Sailing,3,Upwind,22.892,17.796,12.028,-38.981,209.65,13.709,31.159,18.341,70.485,158.468,1793.033,none,port,1.417
2026-05-21 10:43:10,Boat-4,Blue Horizon GP,3,Upwind,18.562,12.184,11.905,-48.976,208.886,14.126,14.197,16.169,78.722,184.051,1807.356,none,port,1.307
2026-05-21 10:43:10,Boat-5,Straitline Performance,3,Upwind,22.289,18.202,12.282,-35.251,206.703,13.379,19.019,14.851,65.727,229.844,1785.227,none,port,1.324
2026-05-21 10:43:12,Boat-1,Apex Wave Racing,3,Upwind,23.513,19.263,11.823,34.992,211.122,12.261,351.88,13.748,65.905,-254.636,1808.829,none,starboard,1.528
2026-05-21 10:43:12,Boat-2,Harbor Velocity Team,3,Upwind,21.19,17.062,11.334,36.373,208.767,12.344,349.279,16.229,72.549,-283.453,1821.78,none,starboard,1.442
2026-05-21 10:43:12,Boat-3,Northern Reach Sailing,3,Upwind,24.281,19.279,11.988,-37.438,209.302,12.722,14.883,16.834,69.514,164.136,1810.496,none,port,1.384
2026-05-21 10:43:12,Boat-4,Blue Horizon GP,3,Upwind,17.762,12.379,11.846,-45.817,210.134,12.557,38.604,17.159,77.609,189.957,1818.45,none,port,1.468
2026-05-21 10:43:12,Boat-5,Straitline Performance,3,Upwind,22.12,17.956,11.867,-35.735,207.991,12.167,12.59,16.028,69.333,235.561,1807.917,none,port,1.471
2026-05-21 10:43:14,Boat-1,Apex Wave Racing,3,Upwind,24.468,20.373,12.039,33.629,209.282,13.784,352.989,12.357,67.143,-258.234,1841.024,none,starboard,1.699
2026-05-21 10:43:14,Boat-2,Harbor Velocity Team,3,Upwind,21.932,17.187,12.251,38.406,207.159,14.836,346.591,15.425,73.275,-287.242,1821.309,none,starboard,1.5
2026-05-21 10:43:14,Boat-3,Northern Reach Sailing,3,Upwind,24.702,18.911,11.973,-40.045,210.132,13.813,23.041,17.752,68.62,169.909,1836.081,none,port,1.585
2026-05-21 10:43:14,Boat-4,Blue Horizon GP,3,Upwind,19.245,13.618,11.904,-44.959,210.07,14.218,22.53,16.563,80.928,195.908,1822.207,none,port,1.638
2026-05-21 10:43:14,Boat-5,Straitline Performance,3,Upwind,22.453,18.102,12.034,-36.271,209.08,13.953,15.737,16.358,63.437,241.333,1836.669,none,port,1.614
2026-05-21 10:43:16,Boat-1,Apex Wave Racing,3,Upwind,23.473,19.159,11.68,35.292,208.44,13.455,337.503,12.489,66.154,-261.74,1866.593,none,starboard,1.563
2026-05-21 10:43:16,Boat-2,Harbor Velocity Team,3,Upwind,21.879,18.539,11.809,32.073,208.517,13.06,350.333,14.501,72.333,-290.943,1853.197,none,starboard,1.523
2026-05-21 10:43:16,Boat-3,Northern Reach Sailing,3,Upwind,23.603,17.882,11.981,-40.746,207.703,13.117,15.956,16.138,69.981,175.785,1837.885,none,port,1.528
2026-05-21 10:43:16,Boat-4,Blue Horizon GP,3,Upwind,18.363,12.954,11.522,-45.134,208.289,13.273,10.73,16.726,81.899,201.902,1847.246,none,port,1.524
2026-05-21 10:43:16,Boat-5,Straitline Performance,3,Upwind,22.078,17.664,11.683,-36.866,208.619,13.334,15.208,15.968,70.167,247.159,1849.074,none,port,1.538
2026-05-21 10:43:18,Boat-1,Apex Wave Racing,3,Upwind,23.209,18.581,12.276,36.811,210.228,13.903,324.066,14.732,69.799,-265.155,1857.735,none,starboard,1.631
2026-05-21 10:43:18,Boat-2,Harbor Velocity Team,3,Upwind,22.192,18.158,12.032,35.093,208.46,13.443,346.889,15.053,73.815,-294.562,1864.281,none,starboard,1.594
2026-05-21 10:43:18,Boat-3,Northern Reach Sailing,3,Upwind,24.946,19.497,12.681,-38.597,208.328,13.761,12.092,15.58,68.79,181.762,1877.539,none,port,1.635
2026-05-21 10:43:18,Boat-4,Blue Horizon GP,3,Upwind,18.651,12.466,12.196,-48.057,207.33,13.658,13.192,16.738,76.24,207.938,1885.692,none,port,1.572
2026-05-21 10:43:18,Boat-5,Straitline Performance,3,Upwind,22.772,19.2,12.375,-32.527,209.349,13.591,17.741,14.18,69.807,253.036,1879.717,none,port,1.655
2026-05-21 10:43:20,Boat-1,Apex Wave Racing,3,Upwind,23.573,19.781,11.324,32.952,209.458,12.572,350.396,13.587,67.842,-268.482,1875.895,none,starboard,1.479
2026-05-21 10:43:20,Boat-2,Harbor Velocity Team,3,Upwind,22.619,18.259,11.439,36.173,206.922,12.156,349.376,15.82,73.94,-298.099,1883.921,none,starboard,1.502
2026-05-21 10:43:20,Boat-3,Northern Reach Sailing,3,Upwind,23.9,19.596,11.465,-34.923,210.483,11.648,21.111,16.086,74.181,187.837,1894.142,none,port,1.457
2026-05-21 10:43:20,Boat-4,Blue Horizon GP,3,Upwind,19.121,13.631,11.881,-44.533,207.407,11.94,26.582,17.086,81.489,214.013,1898.915,none,port,1.585
2026-05-21 10:43:20,Boat-5,Straitline Performance,3,Upwind,22.206,18.184,11.88,-35.031,209.6,12.241,20.416,14.882,71.409,258.963,1885.971,none,port,1.457
2026-05-21 10:43:22,Boat-1,Apex Wave Racing,3,Upwind,23.421,18.825,12.174,36.509,207.567,12.455,351.936,14.808,68.179,-271.724,1896.558,none,starboard,1.647
2026-05-21 10:43:22,Boat-2,Harbor Velocity Team,3,Upwind,22.471,19.262,11.722,30.998,208.567,13.133,350.213,15.124,76.899,-301.56,1901.589,none,starboard,1.574
2026-05-21 10:43:22,Boat-3,Northern Reach Sailing,3,Upwind,24.435,16.74,12.519,-46.759,206.523,13.349,63.478,15.177,71.67,194.007,1909.256,none,port,1.574
2026-05-21 10:43:22,Boat-4,Blue Horizon GP,3,Upwind,18.84,14.526,12.042,-39.554,210.244,12.333,50.048,17.032,79.233,220.126,1910.05,none,port,1.708
2026-05-21 10:43:22,Boat-5,Straitline Performance,3,Upwind,22.379,18.681,12.25,-33.41,208.153,12.513,15.606,15.134,72.452,264.939,1911.695,none,port,1.655
2026-05-21 10:43:24,Boat-1,Apex Wave Racing,3,Upwind,22.925,19.138,11.66,33.403,207.628,13.305,352.895,13.149,62.429,-274.884,1921.081,none,starboard,1.527
2026-05-21 10:43:24,Boat-2,Harbor Velocity Team,3,Upwind,21.395,16.029,11.454,41.479,206.491,13.357,350.929,15.188,73.638,-304.946,1923.611,none,starboard,1.528
2026-05-21 10:43:24,Boat-3,Northern Reach Sailing,3,Upwind,23.765,18.069,11.467,-40.507,208.268,12.699,21.938,18.868,70.602,200.269,1900.346,none,port,1.461
2026-05-21 10:43:24,Boat-4,Blue Horizon GP,3,Upwind,19.129,14.248,11.538,-41.855,208.932,12.996,17.164,15.625,76.515,226.274,1909.185,none,port,1.536
2026-05-21 10:43:24,Boat-5,Straitline Performance,3,Upwind,22.997,17.822,11.943,-39.198,207.021,12.493,21.936,14.781,70.287,270.961,1928.925,none,port,1.514
2026-05-21 10:43:26,Boat-1,Apex Wave Racing,3,Upwind,23.983,19.745,11.826,34.584,208.983,13.385,351.747,14.608,66.874,-277.964,1946.621,none,starboard,1.585
2026-05-21 10:43:26,Boat-2,Harbor Velocity Team,3,Upwind,22.51,19.25,11.623,31.22,208.059,13.914,351.261,15.194,69.94,-308.262,1943.57,none,starboard,1.533
2026-05-21 10:43:26,Boat-3,Northern Reach Sailing,3,Upwind,24.744,18.609,11.999,-41.23,207.263,13.881,13.935,16.801,73.772,206.62,1940.571,none,port,1.588
2026-05-21 10:43:26,Boat-4,Blue Horizon GP,3,Upwind,19.003,14.192,11.605,-41.684,206.534,13.49,15.223,16.717,80.398,232.454,1949.965,none,port,1.648
2026-05-21 10:43:26,Boat-5,Straitline Performance,3,Upwind,23.035,20.059,11.735,-29.446,208.885,13.533,28.838,13.968,67.598,277.027,1941.711,none,port,1.583
2026-05-21 10:43:28,Boat-1,Apex Wave Racing,3,Upwind,24.162,19.627,11.54,35.68,208.1,13.613,349.498,13.707,70.486,-280.969,1963.036,none,starboard,1.497
2026-05-21 10:43:28,Boat-2,Harbor Velocity Team,3,Upwind,22.199,17.415,11.066,38.325,208.563,12.682,351.629,15.586,75.084,-311.511,1966.321,none,starboard,1.436
2026-05-21 10:43:28,Boat-3,Northern Reach Sailing,3,Upwind,24.627,19.319,11.574,-38.329,208.08,13.403,15.568,17.296,68.567,213.055,1951.878,none,port,1.588
2026-05-21 10:43:28,Boat-4,Blue Horizon GP,3,Upwind,18.876,12.867,11.652,-47.026,209.212,13.127,18.601,15.029,81.154,238.665,1954.72,none,port,1.572
2026-05-21 10:43:28,Boat-5,Straitline Performance,3,Upwind,22.627,18.232,11.547,-36.318,208.284,12.962,18.686,14.457,72.33,283.136,1951.037,none,port,1.58
2026-05-21 10:43:30,Boat-1,Apex Wave Racing,3,Upwind,23.744,19.268,12.292,35.76,208.261,12.292,351.014,13.139,69.312,-283.901,1978.648,none,starboard,1.547
2026-05-21 10:43:30,Boat-2,Harbor Velocity Team,3,Upwind,22.412,18.421,12.133,34.722,208.397,12.84,348.837,14.209,72.92,-314.698,1987.313,none,starboard,1.619
2026-05-21 10:43:30,Boat-3,Northern Reach Sailing,3,Upwind,25.069,20.643,11.445,-34.568,207.812,12.302,13.872,15.667,70.528,219.572,1987.058,none,port,1.494
2026-05-21 10:43:30,Boat-4,Blue Horizon GP,3,Upwind,19.046,12.449,11.959,-49.186,206.325,12.043,18.937,14.245,79.056,244.904,1986.956,none,port,1.666
2026-05-21 10:43:30,Boat-5,Straitline Performance,3,Upwind,22.2,19.071,12.115,-30.79,208.006,12.115,16.233,17.122,66.692,289.285,1977.953,none,port,1.607
2026-05-21 10:43:32,Boat-1,Apex Wave Racing,3,Upwind,23.83,19.192,12.528,36.354,209.205,13.557,349.661,13.518,63.953,-286.765,1999.692,none,starboard,1.685
2026-05-21 10:43:32,Boat-2,Harbor Velocity Team,3,Upwind,22.617,17.977,12.613,37.361,207.573,13.698,351.014,15.271,76.759,-317.827,1998.326,none,starboard,1.665
2026-05-21 10:43:32,Boat-3,Northern Reach Sailing,3,Upwind,25.148,19.42,12.052,-39.448,208.687,13.482,22.728,14.976,74.252,226.164,2004.958,none,port,1.727
2026-05-21 10:43:32,Boat-4,Blue Horizon GP,3,Upwind,18.472,11.636,12.103,-50.954,207.116,13.773,21.907,18.466,77.878,251.168,1991.159,none,port,1.701
2026-05-21 10:43:32,Boat-5,Straitline Performance,3,Upwind,23.544,18.747,12.061,-37.227,209.367,14.283,20.256,14.822,65.479,295.471,1993.402,none,port,1.683
2026-05-21 10:43:34,Boat-1,Apex Wave Racing,3,Upwind,23.446,17.932,11.787,40.108,208.962,13.451,350.083,13.022,66.449,-289.565,2009.692,none,starboard,1.477
2026-05-21 10:43:34,Boat-2,Harbor Velocity Team,3,Upwind,22.575,17.676,11.762,38.466,208.033,14.002,350.228,16.228,75.712,-320.902,2026.544,none,starboard,1.428
2026-05-21 10:43:34,Boat-3,Northern Reach Sailing,3,Upwind,24.406,19.059,11.464,-38.656,208.408,13.009,32.521,17.881,70.52,232.829,2018.707,none,port,1.511
2026-05-21 10:43:34,Boat-4,Blue Horizon GP,3,Upwind,18.893,14.318,11.771,-40.722,208.216,14.047,18.503,15.488,82.536,257.454,2018.165,none,port,1.472
2026-05-21 10:43:34,Boat-5,Straitline Performance,3,Upwind,22.794,18.788,11.78,-34.484,208.622,13.796,16.653,15.943,71.821,301.692,2011.574,none,port,1.474
2026-05-21 10:43:36,Boat-1,Apex Wave Racing,3,Upwind,23.8,19.866,11.443,33.414,209.559,12.101,352.608,15.673,64.888,-292.304,2031.374,none,starboard,1.459
2026-05-21 10:43:36,Boat-2,Harbor Velocity Team,3,Upwind,22.198,19.011,11.66,31.084,207.234,11.66,349.573,15.63,72.337,-323.927,2033.744,none,starboard,1.377
2026-05-21 10:43:36,Boat-3,Northern Reach Sailing,3,Upwind,25.865,19.202,11.291,-42.064,206.66,11.965,16.892,15.604,74.898,239.561,2025.97,none,port,1.401
2026-05-21 10:43:36,Boat-4,Blue Horizon GP,3,Upwind,19.492,13.001,11.676,-48.164,210.868,12.163,22.11,16.669,78.475,263.76,2028.787,none,port,1.476
2026-05-21 10:43:36,Boat-5,Straitline Performance,3,Upwind,23.891,20.731,11.276,-29.805,208.231,12.324,22.189,13.63,69.619,307.946,2035.108,none,port,1.478
2026-05-21 10:43:38,Boat-1,Apex Wave Racing,3,Upwind,23.634,19.614,11.274,33.913,205.998,12.817,349.142,13.627,69.814,-294.987,2051.488,none,starboard,1.521
2026-05-21 10:43:38,Boat-2,Harbor Velocity Team,3,Upwind,22.463,19.59,11.533,29.294,208.135,12.797,351.463,14.684,74.404,-326.908,2059.181,none,starboard,1.588
2026-05-21 10:43:38,Boat-3,Northern Reach Sailing,3,Upwind,25.209,18.522,11.644,-42.713,207.476,12.566,17.461,17.129,72.127,246.356,2063.253,none,port,1.451
2026-05-21 10:43:38,Boat-4,Blue Horizon GP,3,Upwind,18.66,13.403,11.772,-44.087,209.02,12.365,15.424,14.865,81.597,270.084,2049.251,none,port,1.528
2026-05-21 10:43:38,Boat-5,Straitline Performance,3,Upwind,22.974,17.877,11.392,-38.91,208.303,12.634,22.994,16.93,65.425,314.229,2042.312,none,port,1.475
2026-05-21 10:43:40,Boat-1,Apex Wave Racing,3,Upwind,23.593,20.036,11.689,31.873,208.258,13.339,349.837,14.205,67.382,-297.619,2059.086,none,starboard,1.434
2026-05-21 10:43:40,Boat-2,Harbor Velocity Team,3,Upwind,23.204,18.736,11.739,36.15,208.044,13.025,347.188,16.14,72.198,-329.848,2073.185,none,starboard,1.436
2026-05-21 10:43:40,Boat-3,Northern Reach Sailing,3,Upwind,25.052,18.545,12.261,-42.248,207.98,13.528,19.441,17.186,73.104,253.209,2069.358,none,port,1.447
2026-05-21 10:43:40,Boat-4,Blue Horizon GP,3,Upwind,18.794,10.573,11.732,-55.765,207.449,12.885,22.677,15.753,77.047,276.421,2074.675,none,port,1.521
2026-05-21 10:43:40,Boat-5,Straitline Performance,3,Upwind,23.231,20.607,11.674,-27.496,208.914,13.32,17.565,13.936,66.352,320.54,2064.785,none,port,1.453
2026-05-21 10:43:42,Boat-1,Apex Wave Racing,3,Upwind,24.912,20.043,11.339,36.431,208.767,12.409,352.754,13.388,65.609,-300.205,2080.593,none,starboard,1.526
2026-05-21 10:43:42,Boat-2,Harbor Velocity Team,3,Upwind,22.224,18.356,11.006,34.313,207.013,12.583,350.716,14.336,73.102,-332.753,2084.884,none,starboard,1.452
2026-05-21 10:43:42,Boat-3,Northern Reach Sailing,3,Upwind,24.161,17.675,11.212,-42.984,208.816,12.176,18.892,16.876,72.996,260.114,2102.232,none,port,1.415
2026-05-21 10:43:42,Boat-4,Blue Horizon GP,3,Upwind,18.586,11.776,10.931,-50.683,208.034,12.298,14.452,15.905,80.207,282.77,2079.614,none,port,1.512
2026-05-21 10:43:42,Boat-5,Straitline Performance,3,Upwind,22.921,18.615,11.192,-35.697,207.244,12.284,17.111,15.024,69.521,326.874,2082.26,none,port,1.431
2026-05-21 10:43:44,Boat-1,Apex Wave Racing,3,Upwind,24.339,21.405,11.405,28.422,206.378,11.426,354.298,12.233,66.983,-302.748,2099.417,none,starboard,1.57
2026-05-21 10:43:44,Boat-2,Harbor Velocity Team,3,Upwind,22.224,18.153,11.361,35.232,208.351,11.92,352.663,14.44,74.3,-335.628,2108.543,none,starboard,1.416
2026-05-21 10:43:44,Boat-3,Northern Reach Sailing,3,Upwind,24.111,16.847,11.738,-45.675,210.733,11.96,26.716,16.232,70.808,267.067,2109.853,none,port,1.522
2026-05-21 10:43:44,Boat-4,Blue Horizon GP,3,Upwind,19.296,11.951,11.649,-51.733,209.069,11.649,18.024,17.345,80.266,289.128,2123.978,none,port,1.486
2026-05-21 10:43:44,Boat-5,Straitline Performance,3,Upwind,23.355,18.384,11.423,-38.081,207.089,12.069,18.255,13.329,67.139,333.23,2106.008,none,port,1.379
2026-05-21 10:43:46,Boat-1,Apex Wave Racing,3,Upwind,24.527,19.86,11.7,35.93,207.291,13.273,353.908,13.651,62.536,-305.254,2131.163,none,starboard,1.501
2026-05-21 10:43:46,Boat-2,Harbor Velocity Team,3,Upwind,22.856,19.851,11.86,29.709,208.299,13.165,350.935,14.696,75.118,-338.477,2129.341,none,starboard,1.452
2026-05-21 10:43:46,Boat-3,Northern Reach Sailing,3,Upwind,24.355,18.378,12.305,-41.01,208.784,12.667,23.852,16.494,70.061,274.061,2129.944,none,port,1.473
2026-05-21 10:43:46,Boat-4,Blue Horizon GP,3,Upwind,20.11,13.255,12.381,-48.765,209.575,13.146,44.7,15.948,81.202,295.491,2118.707,none,port,1.477
2026-05-21 10:43:46,Boat-5,Straitline Performance,3,Upwind,25.064,19.103,12.062,-40.344,207.753,13.112,20.717,16.459,67.48,339.604,2120.853,none,port,1.465
2026-05-21 10:43:48,Boat-1,Apex Wave Racing,3,Upwind,24.817,19.672,12.03,37.565,207.041,13.431,352.222,15.117,65.174,-307.727,2146.078,none,starboard,1.547
2026-05-21 10:43:48,Boat-2,Harbor Velocity Team,3,Upwind,22.558,16.66,12.389,42.393,207.783,13.13,351.2,17.46,74.827,-341.307,2144.139,none,starboard,1.558
2026-05-21 10:43:48,Boat-3,Northern Reach Sailing,3,Upwind,24.676,17.944,12.379,-43.35,206.852,13.591,18.105,15.881,70.706,281.092,2141.575,none,port,1.563
2026-05-21 10:43:48,Boat-4,Blue Horizon GP,3,Upwind,19.841,13.435,12.627,-47.377,207.693,13.853,14.674,16.018,82.292,301.856,2136.841,none,port,1.623
2026-05-21 10:43:48,Boat-5,Straitline Performance,3,Upwind,23.383,20.15,12.106,-30.487,206.67,13.436,16.489,15.887,72.063,345.994,2139.755,none,port,1.597
2026-05-21 10:43:50,Boat-1,Apex Wave Racing,3,Upwind,24.934,19.66,12.448,37.956,207.948,14.427,347.783,13.527,67.143,-310.174,2167.185,none,starboard,1.805
2026-05-21 10:43:50,Boat-2,Harbor Velocity Team,3,Upwind,22.467,18.588,12.863,34.175,210.587,14.062,352.618,15.468,73.504,-344.121,2165.8,none,starboard,1.813
2026-05-21 10:43:50,Boat-3,Northern Reach Sailing,3,Upwind,25.921,19.458,12.854,-41.353,207.821,13.408,17.719,17.48,69.295,288.154,2173.047,none,port,1.852
2026-05-21 10:43:50,Boat-4,Blue Horizon GP,3,Upwind,18.643,13.231,12.585,-44.789,207.684,13.906,13.339,15.402,78.364,308.221,2167.325,none,port,1.882
2026-05-21 10:43:50,Boat-5,Straitline Performance,3,Upwind,24.492,20.282,13.325,-34.097,207.874,14.091,18.325,13.656,72.555,352.395,2164.063,none,port,1.849
2026-05-21 10:43:52,Boat-1,Apex Wave Racing,3,Upwind,24.261,18.476,11.625,40.399,209.538,12.461,347.842,13.372,68.395,-312.599,2168.576,none,starboard,1.54
2026-05-21 10:43:52,Boat-2,Harbor Velocity Team,3,Upwind,22.899,18.089,11.736,37.819,207.593,12.62,350.648,15.321,77.429,-346.926,2187.512,none,starboard,1.515
2026-05-21 10:43:52,Boat-3,Northern Reach Sailing,3,Upwind,25.284,21.095,11.622,-33.453,207.947,13.302,20.959,16.611,70.676,295.241,2185.858,none,port,1.45
2026-05-21 10:43:52,Boat-4,Blue Horizon GP,3,Upwind,19.778,14.193,11.616,-44.139,206.834,12.696,22.696,17.26,80.488,314.583,2190.518,none,port,1.551
2026-05-21 10:43:52,Boat-5,Straitline Performance,3,Upwind,23.655,18.285,11.825,-39.376,207.854,13.113,19.626,16.44,68.928,358.806,2178.438,none,port,1.512
2026-05-21 10:43:54,Boat-1,Apex Wave Racing,3,Upwind,24.743,21.51,12.036,29.619,209.882,12.979,353.471,13.536,63.719,-315.006,2189.615,none,starboard,1.559
2026-05-21 10:43:54,Boat-2,Harbor Velocity Team,3,Upwind,23.861,17.396,12.022,43.195,207.35,13.608,347.198,17.571,72.63,-349.727,2199.836,none,starboard,1.504
2026-05-21 10:43:54,Boat-3,Northern Reach Sailing,3,Upwind,25.064,19.42,12.538,-39.213,207.085,13.417,16.337,16.479,70.918,302.347,2210.1,none,port,1.518
2026-05-21 10:43:54,Boat-4,Blue Horizon GP,3,Upwind,19.531,14.172,12.396,-43.477,208.388,13.331,41.373,16.91,77.396,320.939,2197.734,none,port,1.529
2026-05-21 10:43:54,Boat-5,Straitline Performance,3,Upwind,24.312,18.733,12.203,-39.599,207.581,13.51,16.547,13.946,68.479,365.222,2200.034,none,port,1.545
2026-05-21 10:43:56,Boat-1,Apex Wave Racing,4,Downwind,28.286,-22.471,12.015,142.603,207.185,12.937,155.333,14.512,70.881,-317.885,2188.214,none,starboard,1.607
2026-05-21 10:43:56,Boat-2,Harbor Velocity Team,4,Downwind,26.612,-22.08,12.038,146.071,206.787,13.154,171.779,9.758,69.324,-346.245,2211.031,none,starboard,1.492
2026-05-21 10:43:56,Boat-3,Northern Reach Sailing,4,Downwind,29.877,-27.989,11.694,-159.527,207.866,12.807,223.064,9.535,71.178,307.925,2210.238,none,port,1.443
2026-05-21 10:43:56,Boat-4,Blue Horizon GP,4,Downwind,27.732,-24.63,12.463,-152.644,208.35,13.287,187.539,11.559,61.239,321.415,2193.85,none,port,1.574
2026-05-21 10:43:56,Boat-5,Straitline Performance,4,Downwind,23.497,-22.339,11.98,-161.936,208.126,13.731,190.269,8.553,61.816,363.475,2192.498,none,port,1.475
2026-05-21 10:43:58,Boat-1,Apex Wave Racing,4,Downwind,27.526,-20.947,12.302,139.552,208.931,13.789,165.976,12.312,70.387,-313.441,2178.536,none,starboard,1.513
2026-05-21 10:43:58,Boat-2,Harbor Velocity Team,4,Downwind,27.066,-22.299,11.738,145.474,206.533,13.007,171.661,9.376,68.877,-341.496,2178.157,none,starboard,1.741
2026-05-21 10:43:58,Boat-3,Northern Reach Sailing,4,Downwind,29.53,-28.468,11.784,-164.584,206.353,13.046,191.752,8.785,69.291,304.801,2206.895,none,port,1.723
2026-05-21 10:43:58,Boat-4,Blue Horizon GP,4,Downwind,28.05,-24.441,11.784,-150.612,209.32,13.708,190.151,13.809,66.101,318.326,2170.514,none,port,1.61
2026-05-21 10:43:58,Boat-5,Straitline Performance,4,Downwind,23.887,-22.658,12.094,-161.548,206.951,13.092,190.735,10.39,63.615,359.879,2172.652,none,port,1.58
2026-05-21 10:44:00,Boat-1,Apex Wave Racing,4,Downwind,28.949,-21.144,12.033,136.918,205.995,13.145,170.094,13.089,71.625,-308.991,2152.603,none,starboard,1.495
2026-05-21 10:44:00,Boat-2,Harbor Velocity Team,4,Downwind,26.834,-22.251,11.978,146.019,206.451,13.479,164.596,9.947,68.83,-336.758,2146.31,none,starboard,1.534
2026-05-21 10:44:00,Boat-3,Northern Reach Sailing,4,Downwind,29.512,-27.662,12.464,-159.602,208.014,13.292,188.933,8.552,69.062,301.658,2180.11,none,port,1.608
2026-05-21 10:44:00,Boat-4,Blue Horizon GP,4,Downwind,27.345,-25.3,12.167,-157.7,207.967,13.096,193.898,11.793,66.979,315.233,2159.324,none,port,1.553
2026-05-21 10:44:00,Boat-5,Straitline Performance,4,Downwind,23.552,-22.31,12.095,-161.312,209.349,13.244,196.773,8.309,63.033,356.286,2154.577,none,port,1.502
2026-05-21 10:44:02,Boat-1,Apex Wave Racing,4,Downwind,28.073,-21.301,11.932,139.356,208.011,12.778,169.051,13.325,71.422,-304.538,2127.559,none,starboard,1.391
2026-05-21 10:44:02,Boat-2,Harbor Velocity Team,4,Downwind,26.91,-21.515,11.778,143.084,207.116,12.924,131.901,11.475,69.928,-332.035,2143.819,none,starboard,1.469
2026-05-21 10:44:02,Boat-3,Northern Reach Sailing,4,Downwind,29.618,-28.521,11.947,-164.363,207.994,13.321,186.893,7.187,67.78,298.493,2166.768,none,port,1.502
2026-05-21 10:44:02,Boat-4,Blue Horizon GP,4,Downwind,27.914,-25.465,12.21,-155.822,207.164,12.434,188.469,11.527,65.11,312.132,2145.478,none,port,1.383
2026-05-21 10:44:02,Boat-5,Straitline Performance,4,Downwind,22.968,-21.293,12.177,-157.984,209.142,12.577,194.612,8.107,67.621,352.692,2148.806,none,port,1.334
2026-05-21 10:44:04,Boat-1,Apex Wave Racing,4,Downwind,28.912,-22.665,12.219,141.623,208.645,13.415,164.245,13.298,70.622,-300.086,2106.574,none,starboard,1.638
2026-05-21 10:44:04,Boat-2,Harbor Velocity Team,4,Downwind,28.015,-23.152,12.123,145.733,208.07,13.552,163.953,8.636,69.749,-327.328,2137.848,none,starboard,1.656
2026-05-21 10:44:04,Boat-3,Northern Reach Sailing,4,Downwind,30.204,-28.502,11.638,-160.674,208.059,13.359,186.297,8.663,67.291,295.304,2127.551,none,port,1.743
2026-05-21 10:44:04,Boat-4,Blue Horizon GP,4,Downwind,28.166,-23.346,12.197,-145.985,208.242,13.544,188.609,10.655,63.727,309.019,2117.589,none,port,1.725
2026-05-21 10:44:04,Boat-5,Straitline Performance,4,Downwind,22.985,-22.215,12.233,-165.13,207.561,13.063,189.418,9.004,64.578,349.095,2126.992,none,port,1.631
2026-05-21 10:44:06,Boat-1,Apex Wave Racing,4,Downwind,28.267,-20.339,11.506,136.018,207.494,12.077,164.765,13.294,67.907,-295.636,2096.004,none,starboard,1.546
2026-05-21 10:44:06,Boat-2,Harbor Velocity Team,4,Downwind,27.709,-24.798,11.813,153.503,206.765,12.418,169.901,9.874,67.774,-322.639,2111.151,none,starboard,1.56
2026-05-21 10:44:06,Boat-3,Northern Reach Sailing,4,Downwind,30.165,-27.736,11.777,-156.851,206.616,12.967,194.74,9.359,68.323,292.088,2108.717,none,port,1.581
2026-05-21 10:44:06,Boat-4,Blue Horizon GP,4,Downwind,27.556,-24.399,11.795,-152.302,205.904,12.147,196.77,14.087,61.398,305.891,2104.255,none,port,1.572
2026-05-21 10:44:06,Boat-5,Straitline Performance,4,Downwind,23.896,-22.998,12.184,-164.242,207.029,12.216,191.753,8.846,59.979,345.491,2105.392,none,port,1.58
2026-05-21 10:44:08,Boat-1,Apex Wave Racing,4,Downwind,28.656,-20.082,11.451,134.491,207.853,13.53,165.258,14.14,73.267,-291.191,2073.915,none,starboard,1.419
2026-05-21 10:44:08,Boat-2,Harbor Velocity Team,4,Downwind,27.71,-23.752,11.615,149.002,207.916,13.151,166.37,11.268,69.62,-317.97,2085.313,none,starboard,1.466
2026-05-21 10:44:08,Boat-3,Northern Reach Sailing,4,Downwind,29.7,-27.906,11.207,-159.983,208.254,12.792,194.237,8.887,67.379,288.841,2102.986,none,port,1.49
2026-05-21 10:44:08,Boat-4,Blue Horizon GP,4,Downwind,28.367,-25.374,11.525,-153.443,205.366,12.924,187.86,11.87,63.451,302.744,2096.769,none,port,1.395
2026-05-21 10:44:08,Boat-5,Straitline Performance,4,Downwind,23.624,-22.729,11.552,-164.178,206.661,12.913,191.85,8.85,63.54,341.879,2092.312,none,port,1.412
2026-05-21 10:44:10,Boat-1,Apex Wave Racing,4,Downwind,28.724,-23.953,11.356,146.5,209.015,12.872,167.892,12.701,69.967,-286.755,2062.251,none,starboard,1.361
2026-05-21 10:44:10,Boat-2,Harbor Velocity Team,4,Downwind,27.273,-22.113,11.555,144.174,204.473,13.488,160.768,10.091,68.223,-313.324,2072.737,none,starboard,1.427
2026-05-21 10:44:10,Boat-3,Northern Reach Sailing,4,Downwind,29.281,-27.917,11.121,-162.445,205.629,12.903,191.396,9.397,72.214,285.562,2082.996,none,port,1.362
2026-05-21 10:44:10,Boat-4,Blue Horizon GP,4,Downwind,27.13,-23.994,11.442,-152.179,208.152,12.646,190.825,9.707,64.753,299.577,2058.519,none,port,1.377
2026-05-21 10:44:10,Boat-5,Straitline Performance,4,Downwind,23.491,-22.222,11.539,-161.085,207.426,12.195,190.441,9.97,64.167,338.255,2070.906,none,port,1.401
2026-05-21 10:44:12,Boat-1,Apex Wave Racing,4,Downwind,28.477,-21.097,12.219,137.804,209.175,13.637,164.806,14.638,70.2,-282.329,2032.604,none,starboard,1.686
2026-05-21 10:44:12,Boat-2,Harbor Velocity Team,4,Downwind,27.782,-22.303,12.147,143.399,206.607,13.058,166.984,9.807,71.275,-308.702,2058.746,none,starboard,1.737
2026-05-21 10:44:12,Boat-3,Northern Reach Sailing,4,Downwind,29.771,-27.88,12.754,-159.471,206.557,13.963,187.383,7.583,67.193,282.247,2070.27,none,port,1.663
2026-05-21 10:44:12,Boat-4,Blue Horizon GP,4,Downwind,27.763,-26.011,12.202,-159.536,207.263,13.698,191.43,12.377,65.238,296.384,2063.509,none,port,1.765
2026-05-21 10:44:12,Boat-5,Straitline Performance,4,Downwind,23.652,-22.162,12.245,-159.554,207.572,14.091,190.49,9.183,62.841,334.618,2052.906,none,port,1.709
2026-05-21 10:44:14,Boat-1,Apex Wave Racing,4,Downwind,29.232,-22.219,12.156,139.471,206.994,14.042,161.402,13.266,69.746,-277.916,2029.705,none,starboard,1.516
2026-05-21 10:44:14,Boat-2,Harbor Velocity Team,4,Downwind,28.182,-20.165,11.579,135.687,208.346,13.527,160.151,11.878,69.797,-304.106,2032.863,none,starboard,1.46
2026-05-21 10:44:14,Boat-3,Northern Reach Sailing,4,Downwind,30.458,-29.54,11.856,-165.899,206.759,14.092,189.351,8.341,69.865,278.894,2031.534,none,port,1.481
2026-05-21 10:44:14,Boat-4,Blue Horizon GP,4,Downwind,27.348,-25.222,11.859,-157.263,208.123,13.528,187.515,11.521,64.946,293.164,2026.801,none,port,1.4
2026-05-21 10:44:14,Boat-5,Straitline Performance,4,Downwind,24.189,-23.266,11.879,-164.122,206.841,13.758,189.261,9.024,61.717,330.963,2031.52,none,port,1.4
2026-05-21 10:44:16,Boat-1,Apex Wave Racing,4,Downwind,28.399,-21.306,11.986,138.611,206.408,12.476,167.965,14.777,69.473,-273.519,2006.423,none,starboard,1.587
2026-05-21 10:44:16,Boat-2,Harbor Velocity Team,4,Downwind,28.016,-23.926,11.461,148.653,206.806,12.071,167.174,8.932,66.85,-299.538,2033.361,none,starboard,1.603
2026-05-21 10:44:16,Boat-3,Northern Reach Sailing,4,Downwind,29.595,-28.452,11.891,-164.026,205.605,12.344,199.96,10.667,70.358,275.501,2029.303,none,port,1.667
2026-05-21 10:44:16,Boat-4,Blue Horizon GP,4,Downwind,27.849,-25.906,11.818,-158.469,206.056,12.26,195.692,10.543,65.825,289.913,2014.457,none,port,1.634
2026-05-21 10:44:16,Boat-5,Straitline Performance,4,Downwind,24.692,-22.828,11.455,-157.595,206.561,11.817,197.758,10.593,64.651,327.289,2007.964,none,port,1.627
2026-05-21 10:44:18,Boat-1,Apex Wave Racing,4,Downwind,29.139,-22.878,11.888,141.733,206.071,12.611,162.387,13.464,72.913,-269.14,1988.542,none,starboard,1.577
2026-05-21 10:44:18,Boat-2,Harbor Velocity Team,4,Downwind,28.805,-24.353,12.832,147.722,206.171,13.054,169.402,9.968,72.081,-295.0,1992.868,none,starboard,1.662
2026-05-21 10:44:18,Boat-3,Northern Reach Sailing,4,Downwind,30.229,-28.858,12.052,-162.678,206.764,12.697,191.02,9.776,70.249,272.065,2012.73,none,port,1.557
2026-05-21 10:44:18,Boat-4,Blue Horizon GP,4,Downwind,28.219,-25.309,11.974,-153.747,208.497,12.732,193.627,12.783,67.096,286.628,2003.536,none,port,1.662
2026-05-21 10:44:18,Boat-5,Straitline Performance,4,Downwind,24.441,-22.287,12.369,-155.768,207.471,12.414,200.363,9.646,62.031,323.594,2008.508,none,port,1.54
2026-05-21 10:44:20,Boat-1,Apex Wave Racing,4,Downwind,28.779,-23.795,12.402,145.774,208.191,14.244,168.084,10.434,72.722,-264.782,1978.901,none,starboard,1.632
2026-05-21 10:44:20,Boat-2,Harbor Velocity Team,4,Downwind,28.903,-23.183,12.737,143.331,206.394,14.357,162.226,9.302,64.531,-290.493,1985.022,none,starboard,1.605
2026-05-21 10:44:20,Boat-3,Northern Reach Sailing,4,Downwind,31.637,-29.468,12.304,-158.662,207.36,13.835,188.496,9.718,70.436,268.584,1993.786,none,port,1.592
2026-05-21 10:44:20,Boat-4,Blue Horizon GP,4,Downwind,28.763,-26.347,12.084,-156.346,207.854,14.436,188.915,9.095,63.12,283.307,1987.204,none,port,1.669
2026-05-21 10:44:20,Boat-5,Straitline Performance,4,Downwind,25.027,-23.4,12.271,-159.229,207.193,13.794,191.207,9.597,64.629,319.874,1987.985,none,port,1.612
2026-05-21 10:44:22,Boat-1,Apex Wave Racing,4,Downwind,29.205,-22.963,12.542,141.838,205.64,13.648,170.556,15.166,71.142,-260.447,1947.349,none,starboard,1.588
2026-05-21 10:44:22,Boat-2,Harbor Velocity Team,4,Downwind,28.341,-21.837,12.504,140.401,203.818,13.852,169.667,8.706,69.153,-286.019,1964.852,none,starboard,1.617
2026-05-21 10:44:22,Boat-3,Northern Reach Sailing,4,Downwind,30.59,-28.73,11.959,-159.919,205.14,13.964,190.054,9.392,71.236,265.056,1965.814,none,port,1.601
2026-05-21 10:44:22,Boat-4,Blue Horizon GP,4,Downwind,28.444,-25.74,12.385,-154.814,207.115,13.886,187.289,11.053,68.623,279.946,1960.934,none,port,1.687
2026-05-21 10:44:22,Boat-5,Straitline Performance,4,Downwind,24.263,-22.316,12.059,-156.889,206.519,13.592,188.463,7.872,61.841,316.127,1970.825,none,port,1.494
2026-05-21 10:44:24,Boat-1,Apex Wave Racing,4,Downwind,28.676,-20.246,11.686,134.913,206.869,13.337,167.12,12.534,70.075,-256.137,1926.933,none,starboard,1.416
2026-05-21 10:44:24,Boat-2,Harbor Velocity Team,4,Downwind,27.469,-21.442,11.725,141.314,206.033,13.049,168.947,10.351,66.769,-281.579,1936.133,none,starboard,1.492
2026-05-21 10:44:24,Boat-3,Northern Reach Sailing,4,Downwind,30.742,-28.793,11.816,-159.492,206.712,13.672,190.278,8.67,68.847,261.48,1953.719,none,port,1.538
2026-05-21 10:44:24,Boat-4,Blue Horizon GP,4,Downwind,28.216,-25.808,12.022,-156.155,207.375,13.335,188.525,11.36,60.366,276.542,1934.316,none,port,1.549
2026-05-21 10:44:24,Boat-5,Straitline Performance,4,Downwind,24.63,-23.63,11.758,-163.615,207.271,13.185,188.16,12.471,62.666,312.352,1937.431,none,port,1.535
2026-05-21 10:44:26,Boat-1,Apex Wave Racing,4,Downwind,29.18,-20.761,12.606,135.356,207.47,13.987,165.53,14.569,71.449,-251.855,1909.779,none,starboard,1.772
2026-05-21 10:44:26,Boat-2,Harbor Velocity Team,4,Downwind,28.225,-23.561,12.572,146.593,208.52,13.412,160.627,8.817,71.279,-277.175,1919.575,none,starboard,1.759
2026-05-21 10:44:26,Boat-3,Northern Reach Sailing,4,Downwind,30.167,-28.583,12.654,-161.348,205.434,13.36,189.682,7.133,69.88,257.853,1926.087,none,port,1.714
2026-05-21 10:44:26,Boat-4,Blue Horizon GP,4,Downwind,28.081,-26.469,13.039,-160.496,207.739,13.693,190.887,12.164,62.629,273.094,1915.229,none,port,1.768
2026-05-21 10:44:26,Boat-5,Straitline Performance,4,Downwind,25.224,-24.19,12.234,-163.536,206.691,13.71,191.959,7.167,65.271,308.545,1917.945,none,port,1.665
2026-05-21 10:44:28,Boat-1,Apex Wave Racing,4,Downwind,28.72,-21.546,12.662,138.607,206.711,14.349,165.85,12.84,70.53,-247.604,1893.865,none,starboard,1.605
2026-05-21 10:44:28,Boat-2,Harbor Velocity Team,4,Downwind,28.558,-23.345,12.507,144.831,206.624,14.128,165.23,10.21,68.5,-272.808,1911.187,none,starboard,1.631
2026-05-21 10:44:28,Boat-3,Northern Reach Sailing,4,Downwind,30.241,-29.049,13.065,-163.859,209.51,14.473,190.757,9.143,69.294,254.173,1910.893,none,port,1.661
2026-05-21 10:44:28,Boat-4,Blue Horizon GP,4,Downwind,28.236,-24.979,12.803,-152.208,206.322,14.256,201.112,14.215,64.257,269.599,1898.216,none,port,1.604
2026-05-21 10:44:28,Boat-5,Straitline Performance,4,Downwind,24.699,-23.043,12.689,-158.896,206.438,14.659,197.358,8.59,64.545,304.705,1901.33,none,port,1.567
2026-05-21 10:44:30,Boat-1,Apex Wave Racing,4,Downwind,29.291,-22.119,12.333,139.039,207.264,14.172,168.488,13.84,70.032,-243.384,1876.176,none,starboard,1.55
2026-05-21 10:44:30,Boat-2,Harbor Velocity Team,4,Downwind,28.173,-23.736,12.021,147.408,206.445,13.927,168.329,11.131,66.648,-268.478,1886.588,none,starboard,1.448
2026-05-21 10:44:30,Boat-3,Northern Reach Sailing,4,Downwind,31.105,-28.492,12.586,-156.347,207.19,13.698,190.545,6.839,71.935,250.44,1887.071,none,port,1.555
2026-05-21 10:44:30,Boat-4,Blue Horizon GP,4,Downwind,28.858,-27.277,12.245,-160.944,206.533,14.022,191.344,11.032,64.767,266.055,1896.997,none,port,1.507
2026-05-21 10:44:30,Boat-5,Straitline Performance,4,Downwind,24.791,-23.401,12.478,-160.721,206.951,13.767,192.874,8.414,63.735,300.83,1893.262,none,port,1.431
2026-05-21 10:44:32,Boat-1,Apex Wave Racing,4,Downwind,29.187,-20.363,12.127,134.241,209.902,14.618,170.596,12.474,70.899,-239.199,1852.598,none,starboard,1.736
2026-05-21 10:44:32,Boat-2,Harbor Velocity Team,4,Downwind,28.173,-23.194,12.388,145.411,204.516,14.549,170.198,12.03,67.599,-264.188,1869.455,none,starboard,1.694
2026-05-21 10:44:32,Boat-3,Northern Reach Sailing,4,Downwind,30.57,-29.321,12.23,-163.561,207.22,14.558,193.608,8.384,73.238,246.652,1870.489,none,port,1.767
2026-05-21 10:44:32,Boat-4,Blue Horizon GP,4,Downwind,29.206,-26.989,12.379,-157.53,207.445,14.363,188.603,12.009,63.544,262.458,1862.622,none,port,1.741
2026-05-21 10:44:32,Boat-5,Straitline Performance,4,Downwind,24.635,-23.625,12.359,-163.542,206.449,13.893,189.249,10.866,63.613,296.917,1867.254,none,port,1.7
2026-05-21 10:44:34,Boat-1,Apex Wave Racing,4,Downwind,29.163,-23.176,13.0,142.628,206.825,14.291,166.687,13.117,69.705,-235.049,1825.851,none,starboard,1.791
2026-05-21 10:44:34,Boat-2,Harbor Velocity Team,4,Downwind,28.87,-24.567,12.979,148.316,205.165,13.731,166.316,10.036,66.927,-259.937,1837.15,none,starboard,1.74
2026-05-21 10:44:34,Boat-3,Northern Reach Sailing,4,Downwind,31.443,-29.524,12.895,-159.875,207.214,13.871,192.387,9.001,67.738,242.808,1855.54,none,port,1.751
2026-05-21 10:44:34,Boat-4,Blue Horizon GP,4,Downwind,28.726,-26.902,12.659,-159.47,206.491,13.712,190.036,14.143,63.053,258.809,1849.101,none,port,1.733
2026-05-21 10:44:34,Boat-5,Straitline Performance,4,Downwind,25.265,-23.062,12.907,-155.892,206.153,14.056,192.995,8.769,63.9,292.965,1844.965,none,port,1.725
2026-05-21 10:44:36,Boat-1,Apex Wave Racing,4,Downwind,29.283,-21.185,12.434,136.339,206.426,12.925,157.866,12.741,70.799,-230.937,1817.686,none,starboard,1.666
2026-05-21 10:44:36,Boat-2,Harbor Velocity Team,4,Downwind,29.956,-24.935,12.838,146.346,208.214,12.894,160.386,11.12,67.6,-255.727,1834.708,none,starboard,1.711
2026-05-21 10:44:36,Boat-3,Northern Reach Sailing,4,Downwind,30.975,-29.396,12.746,-161.628,207.57,13.332,190.914,8.417,66.292,238.906,1835.218,none,port,1.712
2026-05-21 10:44:36,Boat-4,Blue Horizon GP,4,Downwind,29.55,-27.404,12.766,-158.032,205.289,13.037,188.972,11.514,67.656,255.103,1821.061,none,port,1.679
2026-05-21 10:44:36,Boat-5,Straitline Performance,4,Downwind,25.371,-23.781,12.535,-159.609,208.055,12.762,191.83,9.514,62.345,288.972,1832.827,none,port,1.757
2026-05-21 10:44:38,Boat-1,Apex Wave Racing,4,Downwind,29.469,-24.096,12.722,144.852,208.113,14.053,165.756,13.893,70.761,-226.865,1805.731,none,starboard,1.657
2026-05-21 10:44:38,Boat-2,Harbor Velocity Team,4,Downwind,28.497,-24.13,12.223,147.861,207.675,14.421,168.832,10.378,67.469,-251.559,1813.641,none,starboard,1.754
2026-05-21 10:44:38,Boat-3,Northern Reach Sailing,4,Downwind,32.478,-30.401,12.31,-159.4,208.072,14.156,190.558,11.214,70.647,234.946,1814.771,none,port,1.762
2026-05-21 10:44:38,Boat-4,Blue Horizon GP,4,Downwind,28.515,-25.729,12.405,-154.462,207.32,13.9,194.442,12.263,62.933,251.341,1801.804,none,port,1.615
2026-05-21 10:44:38,Boat-5,Straitline Performance,4,Downwind,25.058,-23.278,12.083,-158.277,206.564,14.164,189.402,8.616,61.044,284.937,1806.637,none,port,1.67
2026-05-21 10:44:40,Boat-1,Apex Wave Racing,4,Downwind,29.054,-24.068,12.324,145.932,207.001,14.891,165.462,12.666,71.379,-222.835,1785.766,none,starboard,1.558
2026-05-21 10:44:40,Boat-2,Harbor Velocity Team,4,Downwind,28.791,-21.473,12.401,138.23,205.31,13.953,167.309,10.367,66.777,-247.433,1792.697,none,starboard,1.67
2026-05-21 10:44:40,Boat-3,Northern Reach Sailing,4,Downwind,30.711,-29.409,12.525,-163.256,205.017,13.895,204.095,10.559,71.532,230.927,1792.413,none,port,1.621
2026-05-21 10:44:40,Boat-4,Blue Horizon GP,4,Downwind,28.745,-25.154,12.112,-151.053,207.657,14.863,193.903,10.83,62.08,247.52,1791.615,none,port,1.629
2026-05-21 10:44:40,Boat-5,Straitline Performance,4,Downwind,25.015,-23.899,12.823,-162.82,208.765,14.311,194.863,7.775,64.701,280.857,1783.817,none,port,1.668
2026-05-21 10:44:42,Boat-1,Apex Wave Racing,4,Downwind,29.299,-22.147,12.316,139.105,208.105,14.367,161.757,13.709,69.3,-218.846,1774.809,none,starboard,1.672
2026-05-21 10:44:42,Boat-2,Harbor Velocity Team,4,Downwind,28.275,-21.99,12.659,141.053,205.828,14.142,168.346,8.599,68.552,-243.35,1777.184,none,starboard,1.721
2026-05-21 10:44:42,Boat-3,Northern Reach Sailing,4,Downwind,31.16,-28.847,12.615,-157.784,207.963,14.918,194.596,10.205,73.052,226.849,1796.666,none,port,1.754
2026-05-21 10:44:42,Boat-4,Blue Horizon GP,4,Downwind,28.866,-27.173,12.287,-160.28,207.697,14.03,191.376,13.289,66.714,243.639,1770.689,none,port,1.633
2026-05-21 10:44:42,Boat-5,Straitline Performance,4,Downwind,24.403,-22.126,12.522,-155.051,207.211,14.004,194.937,10.007,66.289,276.732,1775.722,none,port,1.726
2026-05-21 10:44:44,Boat-1,Apex Wave Racing,4,Downwind,28.894,-22.572,12.229,141.373,206.445,12.837,168.875,10.428,71.547,-214.902,1761.7,none,starboard,1.583
2026-05-21 10:44:44,Boat-2,Harbor Velocity Team,4,Downwind,29.262,-23.65,11.783,143.924,206.232,12.413,169.564,11.921,68.627,-239.309,1753.307,none,starboard,1.482
2026-05-21 10:44:44,Boat-3,Northern Reach Sailing,4,Downwind,30.482,-27.998,11.938,-156.71,207.634,12.782,189.74,8.333,70.878,222.711,1760.862,none,port,1.618
2026-05-21 10:44:44,Boat-4,Blue Horizon GP,4,Downwind,29.662,-27.297,11.93,-156.967,206.849,13.069,190.012,10.881,65.23,239.696,1752.732,none,port,1.496
2026-05-21 10:44:44,Boat-5,Straitline Performance,4,Downwind,25.021,-23.673,12.142,-161.109,205.361,12.594,192.46,8.233,64.659,272.561,1752.717,none,port,1.473
2026-05-21 10:44:46,Boat-1,Apex Wave Racing,4,Downwind,30.594,-21.955,12.824,135.858,205.83,14.15,169.246,12.947,68.888,-211.004,1734.927,none,starboard,1.702
2026-05-21 10:44:46,Boat-2,Harbor Velocity Team,4,Downwind,29.305,-25.036,12.595,148.689,204.788,14.158,167.477,8.864,66.39,-235.311,1733.543,none,starboard,1.586
2026-05-21 10:44:46,Boat-3,Northern Reach Sailing,4,Downwind,31.575,-29.273,12.696,-157.987,206.03,13.946,190.427,11.077,72.11,218.513,1748.103,none,port,1.669
2026-05-21 10:44:46,Boat-4,Blue Horizon GP,4,Downwind,29.253,-27.642,12.761,-160.9,207.003,14.035,192.746,11.548,65.772,235.692,1725.672,none,port,1.506
2026-05-21 10:44:46,Boat-5,Straitline Performance,4,Downwind,25.15,-23.191,12.797,-157.232,207.379,13.869,189.243,9.47,64.162,268.341,1737.746,none,port,1.594
2026-05-21 10:44:48,Boat-1,Apex Wave Racing,4,Downwind,29.799,-23.476,11.928,141.982,204.129,13.749,168.23,12.954,69.321,-207.151,1720.889,none,starboard,1.43
2026-05-21 10:44:48,Boat-2,Harbor Velocity Team,4,Downwind,29.138,-25.566,11.977,151.332,203.887,13.474,167.702,11.084,65.171,-231.357,1717.507,none,starboard,1.587
2026-05-21 10:44:48,Boat-3,Northern Reach Sailing,4,Downwind,31.076,-29.336,11.661,-160.738,205.961,13.993,195.979,9.555,72.404,214.255,1714.908,none,port,1.438
2026-05-21 10:44:48,Boat-4,Blue Horizon GP,4,Downwind,28.093,-25.884,11.505,-157.126,207.178,13.423,207.52,11.822,64.055,231.624,1717.042,none,port,1.529
2026-05-21 10:44:48,Boat-5,Straitline Performance,4,Downwind,25.105,-23.945,11.64,-162.518,205.303,13.787,191.261,9.466,61.502,264.073,1700.56,none,port,1.563
2026-05-21 10:44:50,Boat-1,Apex Wave Racing,4,Downwind,29.531,-22.042,12.284,138.28,204.308,14.244,167.641,13.063,69.449,-203.346,1698.179,none,starboard,1.699
2026-05-21 10:44:50,Boat-2,Harbor Velocity Team,4,Downwind,29.455,-24.005,12.191,144.584,205.915,14.059,158.762,10.778,68.551,-227.446,1697.464,none,starboard,1.672
2026-05-21 10:44:50,Boat-3,Northern Reach Sailing,4,Downwind,30.673,-29.284,12.592,-162.694,202.677,14.862,200.179,7.837,72.212,209.937,1718.152,none,port,1.66
2026-05-21 10:44:50,Boat-4,Blue Horizon GP,4,Downwind,29.543,-26.751,12.16,-154.891,206.177,14.649,191.114,11.846,61.481,227.492,1709.933,none,port,1.78
2026-05-21 10:44:50,Boat-5,Straitline Performance,4,Downwind,25.16,-23.648,11.963,-160.038,208.261,14.57,205.155,10.945,65.096,259.755,1694.622,none,port,1.784
2026-05-21 10:44:52,Boat-1,Apex Wave Racing,4,Downwind,30.068,-21.751,12.777,136.336,204.04,13.468,165.667,13.956,68.599,-199.59,1686.381,none,starboard,1.584
2026-05-21 10:44:52,Boat-2,Harbor Velocity Team,4,Downwind,28.813,-23.044,12.912,143.108,206.689,13.735,164.285,9.384,69.035,-223.578,1697.492,none,starboard,1.594
2026-05-21 10:44:52,Boat-3,Northern Reach Sailing,4,Downwind,30.93,-27.295,12.367,-151.945,204.691,13.606,190.046,9.672,71.186,205.559,1691.247,none,port,1.573
2026-05-21 10:44:52,Boat-4,Blue Horizon GP,4,Downwind,30.157,-26.773,12.904,-152.597,203.728,13.479,191.519,11.51,64.076,223.295,1674.649,none,port,1.592
2026-05-21 10:44:52,Boat-5,Straitline Performance,4,Downwind,26.133,-24.357,13.107,-158.754,206.308,13.614,191.999,7.879,64.595,255.386,1682.063,none,port,1.629
2026-05-21 10:44:54,Boat-1,Apex Wave Racing,4,Downwind,28.603,-21.577,12.706,138.969,206.243,13.922,170.08,12.418,72.138,-195.883,1668.967,none,starboard,1.765
2026-05-21 10:44:54,Boat-2,Harbor Velocity Team,4,Downwind,28.786,-21.617,12.545,138.675,206.477,13.95,172.655,11.026,69.317,-219.753,1670.125,none,starboard,1.754
2026-05-21 10:44:54,Boat-3,Northern Reach Sailing,4,Downwind,31.834,-30.681,12.852,-164.53,206.397,13.854,192.187,9.591,67.581,201.122,1668.397,none,port,1.771
2026-05-21 10:44:54,Boat-4,Blue Horizon GP,4,Downwind,29.14,-27.732,12.595,-162.12,207.102,13.413,188.84,11.424,61.312,219.034,1668.434,none,port,1.827
2026-05-21 10:44:54,Boat-5,Straitline Performance,4,Downwind,25.129,-22.588,13.167,-154.01,206.423,14.168,190.703,9.368,65.077,250.967,1653.276,none,port,1.784
2026-05-21 10:44:56,Boat-1,Apex Wave Racing,4,Downwind,28.355,-21.199,12.791,138.387,203.987,14.747,170.791,12.88,68.776,-192.225,1644.269,none,starboard,1.528
2026-05-21 10:44:56,Boat-2,Harbor Velocity Team,4,Downwind,29.777,-25.245,12.818,147.976,206.448,14.601,165.506,12.103,69.054,-215.971,1638.477,none,starboard,1.6
2026-05-21 10:44:56,Boat-3,Northern Reach Sailing,4,Downwind,31.833,-29.588,13.048,-158.35,206.806,14.738,197.939,8.528,69.776,196.627,1649.886,none,port,1.638
2026-05-21 10:44:56,Boat-4,Blue Horizon GP,4,Downwind,28.91,-25.83,12.809,-153.312,204.503,14.355,190.121,13.644,64.33,214.708,1619.433,none,port,1.683
2026-05-21 10:44:56,Boat-5,Straitline Performance,4,Downwind,24.7,-23.497,12.972,-162.046,205.519,14.52,199.02,8.766,65.513,246.496,1635.027,none,port,1.639
2026-05-21 10:44:58,Boat-1,Apex Wave Racing,4,Downwind,29.293,-22.058,12.588,138.851,206.81,13.581,170.933,13.975,69.205,-188.617,1624.156,none,starboard,1.531
2026-05-21 10:44:58,Boat-2,Harbor Velocity Team,4,Downwind,29.1,-23.335,12.079,143.31,203.72,13.805,167.379,11.879,70.679,-212.231,1641.024,none,starboard,1.561
2026-05-21 10:44:58,Boat-3,Northern Reach Sailing,4,Downwind,30.485,-28.675,12.523,-160.16,206.231,13.36,189.498,9.122,70.222,192.073,1640.446,none,port,1.721
2026-05-21 10:44:58,Boat-4,Blue Horizon GP,4,Downwind,29.583,-27.494,12.178,-158.338,204.185,13.951,198.751,13.766,64.934,210.317,1619.599,none,port,1.635
2026-05-21 10:44:58,Boat-5,Straitline Performance,4,Downwind,24.734,-23.231,12.205,-159.926,205.721,13.529,202.756,9.048,66.337,241.974,1627.187,none,port,1.628
2026-05-21 10:45:00,Boat-1,Apex Wave Racing,4,Downwind,28.669,-22.913,11.903,143.058,205.343,13.033,170.461,10.178,72.425,-185.06,1599.374,none,starboard,1.546
2026-05-21 10:45:00,Boat-2,Harbor Velocity Team,4,Downwind,27.686,-25.069,11.686,154.889,205.374,12.501,171.795,8.904,69.642,-208.532,1605.254,none,starboard,1.483
2026-05-21 10:45:00,Boat-3,Northern Reach Sailing,4,Downwind,30.772,-29.176,11.899,-161.464,205.227,12.554,190.72,9.194,69.448,187.463,1595.116,none,port,1.544
2026-05-21 10:45:00,Boat-4,Blue Horizon GP,4,Downwind,30.083,-28.111,12.111,-159.142,204.096,12.99,201.602,11.245,65.641,205.862,1593.374,none,port,1.516
2026-05-21 10:45:00,Boat-5,Straitline Performance,4,Downwind,25.053,-23.333,12.496,-158.642,205.058,12.885,191.945,11.719,61.79,237.4,1613.339,none,port,1.524
2026-05-21 10:45:02,Boat-1,Apex Wave Racing,4,Downwind,29.393,-21.613,12.789,137.332,205.034,14.332,169.544,13.504,69.453,-181.554,1582.122,none,starboard,1.368
2026-05-21 10:45:02,Boat-2,Harbor Velocity Team,4,Downwind,29.074,-23.123,12.389,142.686,205.008,14.15,165.261,9.681,72.608,-204.874,1590.004,none,starboard,1.438
2026-05-21 10:45:02,Boat-3,Northern Reach Sailing,4,Downwind,32.015,-30.206,12.71,-160.647,207.421,14.48,208.475,7.842,69.675,182.797,1591.446,none,port,1.449
2026-05-21 10:45:02,Boat-4,Blue Horizon GP,4,Downwind,29.717,-26.912,12.699,-154.906,208.036,13.717,207.601,11.31,63.744,201.342,1596.932,none,port,1.448
2026-05-21 10:45:02,Boat-5,Straitline Performance,4,Downwind,25.798,-24.949,12.261,-165.264,204.285,14.074,192.014,8.447,61.458,232.773,1583.698,none,port,1.55
2026-05-21 10:45:04,Boat-1,Apex Wave Racing,4,Downwind,29.506,-24.36,12.481,145.649,204.397,14.469,167.958,11.916,70.057,-178.098,1561.646,none,starboard,1.672
2026-05-21 10:45:04,Boat-2,Harbor Velocity Team,4,Downwind,28.672,-25.333,12.764,152.073,205.229,14.116,171.962,9.743,73.38,-201.255,1577.594,none,starboard,1.659
2026-05-21 10:45:04,Boat-3,Northern Reach Sailing,4,Downwind,31.051,-29.685,12.533,-162.942,206.431,14.138,196.385,8.489,72.377,178.076,1577.809,none,port,1.638
2026-05-21 10:45:04,Boat-4,Blue Horizon GP,4,Downwind,28.622,-25.515,12.859,-153.059,205.81,13.988,189.91,11.098,65.197,196.758,1575.962,none,port,1.722
2026-05-21 10:45:04,Boat-5,Straitline Performance,4,Downwind,24.803,-24.24,12.642,-167.77,205.699,14.144,196.187,5.899,63.958,228.095,1569.618,none,port,1.671
2026-05-21 10:45:06,Boat-1,Apex Wave Racing,4,Downwind,29.839,-21.301,12.579,135.551,205.965,13.84,170.283,12.145,68.672,-174.692,1549.959,none,starboard,1.644
2026-05-21 10:45:06,Boat-2,Harbor Velocity Team,4,Downwind,29.207,-24.659,12.229,147.596,205.048,13.778,170.991,9.835,65.04,-197.676,1539.036,none,starboard,1.702
2026-05-21 10:45:06,Boat-3,Northern Reach Sailing,4,Downwind,31.14,-29.234,12.278,-159.849,204.847,13.671,207.081,7.981,68.388,173.303,1559.156,none,port,1.695
2026-05-21 10:45:06,Boat-4,Blue Horizon GP,4,Downwind,29.579,-26.907,12.293,-155.46,204.135,14.125,192.835,14.401,62.304,192.111,1544.101,none,port,1.629
2026-05-21 10:45:06,Boat-5,Straitline Performance,4,Downwind,24.827,-23.851,12.467,-163.881,206.408,14.126,191.661,8.532,62.112,223.366,1551.292,none,port,1.648
2026-05-21 10:45:08,Boat-1,Apex Wave Racing,4,Downwind,29.006,-23.834,13.156,145.255,204.426,14.614,171.091,12.618,71.895,-171.337,1522.168,none,starboard,1.605
2026-05-21 10:45:08,Boat-2,Harbor Velocity Team,4,Downwind,29.153,-22.889,13.035,141.733,204.585,14.149,165.475,11.669,64.414,-194.135,1532.68,none,starboard,1.584
2026-05-21 10:45:08,Boat-3,Northern Reach Sailing,4,Downwind,31.614,-29.747,12.693,-160.213,207.711,14.251,194.109,9.846,71.095,168.477,1559.036,none,port,1.584
2026-05-21 10:45:08,Boat-4,Blue Horizon GP,4,Downwind,29.563,-27.551,12.92,-158.736,204.559,14.782,204.005,11.582,65.578,187.403,1534.898,none,port,1.612
2026-05-21 10:45:08,Boat-5,Straitline Performance,4,Downwind,25.689,-23.717,13.034,-157.403,204.001,14.001,199.584,9.131,61.902,218.586,1523.541,none,port,1.499
2026-05-21 10:45:10,Boat-1,Apex Wave Racing,4,Downwind,29.523,-21.44,12.472,136.569,204.194,13.647,172.256,14.204,71.815,-168.032,1507.473,none,starboard,1.703
2026-05-21 10:45:10,Boat-2,Harbor Velocity Team,4,Downwind,28.05,-23.225,12.662,145.892,201.958,13.551,168.368,10.876,68.081,-190.63,1511.84,none,starboard,1.684
2026-05-21 10:45:10,Boat-3,Northern Reach Sailing,4,Downwind,30.464,-27.003,12.497,-152.422,204.072,13.946,191.596,8.693,70.246,163.602,1520.563,none,port,1.634
2026-05-21 10:45:10,Boat-4,Blue Horizon GP,4,Downwind,28.69,-26.099,11.918,-155.462,205.277,13.603,198.047,12.83,64.931,182.633,1522.817,none,port,1.741
2026-05-21 10:45:10,Boat-5,Straitline Performance,4,Downwind,25.694,-23.273,12.23,-154.931,206.973,13.533,199.569,9.206,65.719,213.755,1524.277,none,port,1.638
2026-05-21 10:45:12,Boat-1,Apex Wave Racing,4,Downwind,29.361,-22.466,12.665,139.921,206.589,14.481,164.561,13.747,71.661,-164.777,1473.924,none,starboard,1.799
2026-05-21 10:45:12,Boat-2,Harbor Velocity Team,4,Downwind,28.854,-24.382,12.28,147.672,206.56,15.413,167.192,8.302,68.893,-187.161,1498.803,none,starboard,1.823
2026-05-21 10:45:12,Boat-3,Northern Reach Sailing,4,Downwind,30.586,-28.303,12.34,-157.724,203.662,14.259,204.115,9.469,68.226,158.679,1511.286,none,port,1.819
2026-05-21 10:45:12,Boat-4,Blue Horizon GP,4,Downwind,29.914,-27.641,12.766,-157.522,205.878,15.018,191.401,12.247,62.551,177.803,1505.437,none,port,1.806
2026-05-21 10:45:12,Boat-5,Straitline Performance,4,Downwind,24.684,-23.685,12.645,-163.641,205.943,15.142,191.921,8.031,61.991,208.874,1496.221,none,port,1.908
2026-05-21 10:45:14,Boat-1,Apex Wave Racing,4,Downwind,29.39,-21.946,12.286,138.306,205.527,13.3,163.762,12.702,71.262,-161.57,1484.072,none,starboard,1.766
2026-05-21 10:45:14,Boat-2,Harbor Velocity Team,4,Downwind,28.783,-23.398,12.226,144.383,205.5,13.079,170.043,10.716,67.899,-183.726,1481.472,none,starboard,1.757
2026-05-21 10:45:14,Boat-3,Northern Reach Sailing,4,Downwind,30.941,-28.993,12.744,-159.556,204.674,13.174,194.224,7.64,67.915,153.71,1498.463,none,port,1.674
2026-05-21 10:45:14,Boat-4,Blue Horizon GP,4,Downwind,29.43,-26.254,12.443,-153.135,205.444,13.36,189.026,14.109,64.765,172.916,1474.628,none,port,1.779
2026-05-21 10:45:14,Boat-5,Straitline Performance,4,Downwind,24.449,-23.573,12.137,-164.61,204.657,13.387,196.67,7.351,63.612,203.945,1477.809,none,port,1.755
2026-05-21 10:45:16,Boat-1,Apex Wave Racing,4,Downwind,29.137,-21.92,13.044,138.79,204.798,13.842,172.182,13.674,70.587,-158.411,1452.067,none,starboard,1.764
2026-05-21 10:45:16,Boat-2,Harbor Velocity Team,4,Downwind,29.06,-24.615,13.232,147.891,203.424,13.454,170.489,9.798,69.375,-180.324,1459.855,none,starboard,1.732
2026-05-21 10:45:16,Boat-3,Northern Reach Sailing,4,Downwind,31.698,-29.663,13.083,-159.359,204.222,14.536,190.459,7.913,66.903,148.696,1471.904,none,port,1.728
2026-05-21 10:45:16,Boat-4,Blue Horizon GP,4,Downwind,30.0,-26.384,13.214,-151.58,204.035,14.444,193.832,11.778,65.831,167.971,1443.538,none,port,1.738
2026-05-21 10:45:16,Boat-5,Straitline Performance,4,Downwind,25.093,-22.839,12.986,-155.53,204.556,14.049,192.091,11.558,60.985,198.968,1463.137,none,port,1.739
2026-05-21 10:45:18,Boat-1,Apex Wave Racing,4,Downwind,29.847,-23.701,12.523,142.568,205.727,14.772,166.147,13.364,69.492,-155.299,1438.399,none,starboard,1.663
2026-05-21 10:45:18,Boat-2,Harbor Velocity Team,4,Downwind,29.022,-24.563,12.826,147.819,205.542,14.27,166.956,10.02,67.658,-176.953,1441.044,none,starboard,1.74
2026-05-21 10:45:18,Boat-3,Northern Reach Sailing,4,Downwind,31.596,-28.679,13.145,-155.188,204.62,14.604,191.292,8.198,70.631,143.642,1443.92,none,port,1.695
2026-05-21 10:45:18,Boat-4,Blue Horizon GP,4,Downwind,28.651,-25.248,12.242,-151.791,205.37,13.648,211.959,10.901,63.966,162.972,1434.242,none,port,1.696
2026-05-21 10:45:18,Boat-5,Straitline Performance,4,Downwind,25.678,-24.485,12.729,-162.461,207.072,14.3,196.936,9.163,63.827,193.944,1431.119,none,port,1.699
2026-05-21 10:45:20,Boat-1,Apex Wave Racing,4,Downwind,29.096,-23.797,12.417,144.873,205.071,14.669,170.872,12.224,68.982,-152.233,1427.014,none,starboard,1.747
2026-05-21 10:45:20,Boat-2,Harbor Velocity Team,4,Downwind,29.202,-24.517,11.981,147.094,204.569,14.091,168.923,10.29,66.811,-173.611,1430.879,none,starboard,1.681
2026-05-21 10:45:20,Boat-3,Northern Reach Sailing,4,Downwind,31.358,-30.212,12.879,-164.461,205.939,14.404,200.597,8.349,69.658,138.547,1421.073,none,port,1.7
2026-05-21 10:45:20,Boat-4,Blue Horizon GP,4,Downwind,29.282,-26.58,12.177,-155.194,204.389,14.032,212.479,13.596,62.425,157.919,1427.426,none,port,1.696
2026-05-21 10:45:20,Boat-5,Straitline Performance,4,Downwind,25.407,-24.139,12.669,-161.822,206.094,14.12,208.57,8.703,65.721,188.874,1429.991,none,port,1.677
2026-05-21 10:45:22,Boat-1,Apex Wave Racing,4,Downwind,29.971,-24.202,12.656,143.853,205.377,13.343,170.764,11.7,72.596,-149.211,1400.512,none,starboard,1.837
2026-05-21 10:45:22,Boat-2,Harbor Velocity Team,4,Downwind,28.861,-23.662,12.818,145.072,204.495,13.215,171.494,11.401,67.194,-170.297,1407.048,none,starboard,1.877
2026-05-21 10:45:22,Boat-3,Northern Reach Sailing,4,Downwind,30.845,-29.312,12.565,-161.861,204.919,13.524,211.753,9.028,68.316,133.416,1416.711,none,port,1.794
2026-05-21 10:45:22,Boat-4,Blue Horizon GP,4,Downwind,28.781,-25.275,12.689,-151.424,206.108,12.978,193.512,12.941,64.202,152.816,1418.287,none,port,1.805
2026-05-21 10:45:22,Boat-5,Straitline Performance,4,Downwind,24.918,-22.724,12.447,-155.78,206.21,12.618,193.606,11.507,65.74,183.76,1412.418,none,port,1.797
2026-05-21 10:45:24,Boat-1,Apex Wave Racing,4,Downwind,28.805,-21.603,12.912,138.588,204.062,13.35,172.917,12.179,71.742,-146.233,1390.12,none,starboard,1.87
2026-05-21 10:45:24,Boat-2,Harbor Velocity Team,4,Downwind,28.56,-22.273,12.509,141.249,204.116,13.093,170.23,11.486,67.73,-167.01,1386.741,none,starboard,1.783
2026-05-21 10:45:24,Boat-3,Northern Reach Sailing,4,Downwind,31.354,-30.617,12.478,-167.552,204.952,13.667,195.05,8.761,66.521,128.25,1404.435,none,port,1.747
2026-05-21 10:45:24,Boat-4,Blue Horizon GP,4,Downwind,29.179,-27.148,12.291,-158.498,205.023,13.523,190.495,11.928,64.779,147.664,1384.746,none,port,1.892
2026-05-21 10:45:24,Boat-5,Straitline Performance,4,Downwind,25.621,-23.464,12.643,-156.322,204.685,13.197,194.142,8.467,65.484,178.604,1387.56,none,port,1.711
2026-05-21 10:45:26,Boat-1,Apex Wave Racing,4,Downwind,29.401,-22.697,12.665,140.532,207.149,13.039,169.046,13.497,69.226,-143.298,1352.917,none,starboard,1.656
2026-05-21 10:45:26,Boat-2,Harbor Velocity Team,4,Downwind,29.114,-23.812,12.863,144.873,205.463,13.374,165.079,9.469,69.557,-163.746,1369.001,none,starboard,1.614
2026-05-21 10:45:26,Boat-3,Northern Reach Sailing,4,Downwind,30.578,-28.626,12.021,-159.414,204.937,12.952,194.597,7.283,70.386,123.053,1378.17,none,port,1.581
2026-05-21 10:45:26,Boat-4,Blue Horizon GP,4,Downwind,29.815,-25.622,12.733,-149.245,204.037,12.915,207.852,13.747,62.495,142.465,1362.41,none,port,1.571
2026-05-21 10:45:26,Boat-5,Straitline Performance,4,Downwind,25.35,-23.422,12.846,-157.512,205.483,13.181,194.536,9.844,63.606,173.407,1371.324,none,port,1.602
2026-05-21 10:45:28,Boat-1,Apex Wave Racing,4,Downwind,29.271,-21.527,13.882,137.343,204.164,14.446,164.325,12.872,70.655,-140.402,1359.991,none,starboard,1.931
2026-05-21 10:45:28,Boat-2,Harbor Velocity Team,4,Downwind,29.661,-24.505,13.257,145.707,203.921,14.57,170.039,10.093,67.355,-160.505,1362.331,none,starboard,1.836
2026-05-21 10:45:28,Boat-3,Northern Reach Sailing,4,Downwind,31.11,-28.937,13.328,-158.459,202.258,15.025,204.662,8.981,69.571,117.826,1364.41,none,port,1.82
2026-05-21 10:45:28,Boat-4,Blue Horizon GP,4,Downwind,28.646,-26.655,13.585,-158.516,205.559,14.841,199.427,11.984,62.321,137.222,1364.985,none,port,1.892
2026-05-21 10:45:28,Boat-5,Straitline Performance,4,Downwind,25.384,-24.656,13.644,-166.243,205.185,14.987,197.099,7.298,65.752,168.17,1347.318,none,port,1.905
2026-05-21 10:45:30,Boat-1,Apex Wave Racing,4,Downwind,28.824,-20.96,12.761,136.652,206.556,12.963,173.784,11.923,69.909,-137.546,1332.419,none,starboard,1.721
2026-05-21 10:45:30,Boat-2,Harbor Velocity Team,4,Downwind,28.883,-21.777,12.787,138.935,203.638,13.904,173.143,10.245,67.621,-157.284,1332.202,none,starboard,1.69
2026-05-21 10:45:30,Boat-3,Northern Reach Sailing,4,Downwind,31.049,-29.926,13.241,-164.544,203.178,14.022,194.776,7.948,68.679,112.574,1355.347,none,port,1.727
2026-05-21 10:45:30,Boat-4,Blue Horizon GP,4,Downwind,28.365,-26.95,12.48,-161.828,205.266,13.522,189.659,12.776,64.755,131.938,1332.562,none,port,1.728
2026-05-21 10:45:30,Boat-5,Straitline Performance,4,Downwind,24.324,-23.468,12.439,-164.748,204.652,13.327,194.662,9.425,64.421,162.896,1337.156,none,port,1.774
2026-05-21 10:45:32,Boat-1,Apex Wave Racing,4,Downwind,29.197,-21.052,12.715,136.141,204.342,13.601,170.756,11.326,68.494,-134.726,1307.873,none,starboard,1.539
2026-05-21 10:45:32,Boat-2,Harbor Velocity Team,4,Downwind,28.466,-23.511,12.64,145.684,205.794,13.548,172.933,8.472,69.059,-154.081,1308.906,none,starboard,1.482
2026-05-21 10:45:32,Boat-3,Northern Reach Sailing,4,Downwind,30.935,-28.374,12.567,-156.522,204.126,13.484,189.527,9.939,68.223,107.298,1324.493,none,port,1.521
2026-05-21 10:45:32,Boat-4,Blue Horizon GP,4,Downwind,29.467,-25.677,12.807,-150.623,204.027,13.863,194.737,12.349,65.318,126.615,1302.659,none,port,1.455
2026-05-21 10:45:32,Boat-5,Straitline Performance,4,Downwind,24.683,-22.703,12.854,-156.897,204.67,13.572,193.838,8.186,63.026,157.586,1306.865,none,port,1.645
2026-05-21 10:45:34,Boat-1,Apex Wave Racing,4,Downwind,28.564,-21.386,12.108,138.48,205.226,13.8,173.203,13.655,70.623,-131.941,1297.984,none,starboard,1.599
2026-05-21 10:45:34,Boat-2,Harbor Velocity Team,4,Downwind,28.394,-23.204,12.152,144.807,204.142,13.727,171.665,10.114,67.679,-150.894,1280.658,none,starboard,1.573
2026-05-21 10:45:34,Boat-3,Northern Reach Sailing,4,Downwind,29.539,-28.342,12.098,-163.63,203.411,13.988,193.97,8.674,69.5,102.001,1292.355,none,port,1.64
2026-05-21 10:45:34,Boat-4,Blue Horizon GP,4,Downwind,28.737,-26.544,11.848,-157.472,205.142,13.847,206.736,12.458,67.43,121.256,1291.952,none,port,1.639
2026-05-21 10:45:34,Boat-5,Straitline Performance,4,Downwind,25.499,-23.891,11.948,-159.546,205.56,13.554,199.058,9.615,64.324,152.243,1293.911,none,port,1.625
2026-05-21 10:45:36,Boat-1,Apex Wave Racing,4,Downwind,27.454,-21.26,12.268,140.748,204.913,12.913,173.602,12.095,69.639,-129.19,1261.428,none,starboard,1.846
2026-05-21 10:45:36,Boat-2,Harbor Velocity Team,4,Downwind,28.324,-21.964,12.456,140.847,203.943,13.965,166.74,12.386,69.961,-147.721,1265.498,none,starboard,1.883
2026-05-21 10:45:36,Boat-3,Northern Reach Sailing,4,Downwind,28.816,-27.466,12.459,-162.388,203.851,13.653,208.197,9.112,70.923,96.688,1281.844,none,port,1.863
2026-05-21 10:45:36,Boat-4,Blue Horizon GP,4,Downwind,29.479,-26.661,12.941,-154.743,204.798,13.854,196.462,12.304,65.075,115.864,1281.316,none,port,1.825
2026-05-21 10:45:36,Boat-5,Straitline Performance,4,Downwind,24.286,-23.245,12.825,-163.161,205.865,13.382,196.233,10.874,65.383,146.868,1275.841,none,port,1.729
2026-05-21 10:45:38,Boat-1,Apex Wave Racing,4,Downwind,27.284,-18.82,12.585,133.615,205.033,14.108,163.703,13.543,68.774,-126.47,1249.188,none,starboard,1.726
2026-05-21 10:45:38,Boat-2,Harbor Velocity Team,4,Downwind,28.226,-22.843,12.788,144.027,204.533,14.322,167.159,8.576,66.551,-144.56,1253.78,none,starboard,1.729
2026-05-21 10:45:38,Boat-3,Northern Reach Sailing,4,Downwind,28.852,-27.258,12.938,-160.864,205.316,14.302,195.206,8.765,69.846,91.36,1272.506,none,port,1.837
2026-05-21 10:45:38,Boat-4,Blue Horizon GP,4,Downwind,28.466,-26.491,12.896,-158.53,205.093,13.98,195.816,11.157,61.89,110.442,1255.355,none,port,1.793
2026-05-21 10:45:38,Boat-5,Straitline Performance,4,Downwind,23.547,-22.36,13.309,-161.732,203.495,13.702,200.052,9.234,61.807,141.465,1256.891,none,port,1.874
2026-05-21 10:45:40,Boat-1,Apex Wave Racing,4,Downwind,29.215,-22.305,12.589,139.771,202.711,13.783,173.613,13.96,67.879,-123.779,1242.918,none,starboard,1.88
2026-05-21 10:45:40,Boat-2,Harbor Velocity Team,4,Downwind,29.047,-23.528,12.428,144.097,202.901,14.539,170.493,10.262,66.132,-141.408,1237.805,none,starboard,1.739
2026-05-21 10:45:40,Boat-3,Northern Reach Sailing,4,Downwind,27.982,-26.574,13.043,-161.747,203.554,13.861,196.448,11.38,68.636,86.021,1242.601,none,port,1.911
2026-05-21 10:45:40,Boat-4,Blue Horizon GP,4,Downwind,28.638,-24.107,12.562,-147.329,204.417,13.813,192.902,12.191,67.382,104.993,1242.94,none,port,1.866
2026-05-21 10:45:40,Boat-5,Straitline Performance,4,Downwind,22.709,-20.892,12.069,-156.928,202.191,13.699,206.974,7.484,62.24,136.034,1246.158,none,port,1.775
2026-05-21 10:45:42,Boat-1,Apex Wave Racing,4,Downwind,29.41,-24.07,13.755,144.927,204.855,15.076,172.965,10.999,67.91,-121.114,1201.339,none,starboard,1.922
2026-05-21 10:45:42,Boat-2,Harbor Velocity Team,4,Downwind,27.879,-24.5,13.594,151.495,203.157,15.06,169.455,9.646,68.765,-138.264,1216.188,none,starboard,1.833
2026-05-21 10:45:42,Boat-3,Northern Reach Sailing,4,Downwind,26.237,-7.786,13.086,-107.262,202.218,15.21,196.608,12.933,70.783,80.674,1236.31,none,port,1.912
2026-05-21 10:45:42,Boat-4,Blue Horizon GP,4,Downwind,28.84,-24.751,13.162,-149.117,203.437,14.776,191.79,11.897,65.837,99.52,1207.676,none,port,1.89
2026-05-21 10:45:42,Boat-5,Straitline Performance,4,Downwind,22.218,-20.226,13.307,-155.554,205.48,15.155,193.588,10.017,64.195,130.58,1235.504,none,port,1.886
2026-05-21 10:45:44,Boat-1,Apex Wave Racing,4,Downwind,29.453,-23.714,12.948,143.626,205.616,14.319,165.273,12.366,69.816,-118.474,1199.931,none,starboard,1.729
2026-05-21 10:45:44,Boat-2,Harbor Velocity Team,4,Downwind,28.453,-23.548,13.0,145.852,203.921,14.594,170.39,10.459,68.865,-135.125,1204.049,none,starboard,1.725
2026-05-21 10:45:44,Boat-3,Northern Reach Sailing,4,Downwind,25.22,16.47,12.619,-49.227,202.713,14.612,193.284,18.604,72.746,75.322,1206.729,none,port,1.767
2026-05-21 10:45:44,Boat-4,Blue Horizon GP,4,Downwind,28.215,-24.441,13.053,-150.025,201.725,14.585,199.634,12.548,60.689,94.027,1190.404,none,port,1.761
2026-05-21 10:45:44,Boat-5,Straitline Performance,4,Downwind,21.373,-19.391,13.022,-155.132,205.407,14.488,192.622,10.711,62.553,125.103,1200.93,none,port,1.75
2026-05-21 10:45:46,Boat-1,Apex Wave Racing,4,Downwind,28.611,-21.259,13.37,137.993,203.271,14.308,169.04,12.692,70.366,-115.856,1181.333,none,starboard,1.931
2026-05-21 10:45:46,Boat-2,Harbor Velocity Team,4,Downwind,27.631,-23.571,13.087,148.545,201.861,14.982,172.207,9.029,66.76,-131.989,1179.126,none,starboard,1.881
2026-05-21 10:45:46,Boat-3,Northern Reach Sailing,4,Downwind,26.31,26.286,13.862,2.44,205.438,14.746,196.981,22.907,71.281,69.968,1190.966,gybe,starboard,1.935
2026-05-21 10:45:46,Boat-4,Blue Horizon GP,4,Downwind,26.902,-24.349,13.83,-154.837,203.761,14.352,200.917,11.547,62.577,88.516,1176.831,none,port,1.855
2026-05-21 10:45:46,Boat-5,Straitline Performance,4,Downwind,20.305,-4.4,13.49,-102.515,203.996,14.311,194.748,15.543,62.818,119.607,1186.504,none,port,1.911
2026-05-21 10:45:48,Boat-1,Apex Wave Racing,4,Downwind,27.962,-19.88,13.394,135.314,203.673,14.812,174.268,13.456,69.026,-113.257,1172.993,none,starboard,1.725
2026-05-21 10:45:48,Boat-2,Harbor Velocity Team,4,Downwind,26.663,-21.771,13.336,144.737,203.878,13.841,167.671,8.936,70.622,-128.853,1158.218,none,starboard,1.708
2026-05-21 10:45:48,Boat-3,Northern Reach Sailing,4,Downwind,25.0,12.897,13.271,58.943,205.32,14.438,198.966,17.975,71.183,63.373,1167.598,none,starboard,1.737
2026-05-21 10:45:48,Boat-4,Blue Horizon GP,4,Downwind,27.985,-24.685,12.895,-151.892,204.011,14.616,200.581,12.826,63.517,82.991,1161.531,none,port,1.749
2026-05-21 10:45:48,Boat-5,Straitline Performance,4,Downwind,18.89,12.407,13.323,-48.943,205.607,14.088,198.475,20.547,64.336,114.094,1159.107,none,port,1.716
2026-05-21 10:45:50,Boat-1,Apex Wave Racing,4,Downwind,28.319,-22.145,13.493,141.441,203.167,15.178,172.54,13.826,71.635,-110.675,1129.727,none,starboard,1.742
2026-05-21 10:45:50,Boat-2,Harbor Velocity Team,4,Downwind,26.577,-20.04,13.061,138.942,202.911,14.488,163.341,9.552,71.683,-125.715,1150.422,none,starboard,1.758
2026-05-21 10:45:50,Boat-3,Northern Reach Sailing,4,Downwind,25.438,-10.172,13.041,113.57,204.398,14.926,201.642,12.948,70.321,56.782,1152.598,none,starboard,1.709
2026-05-21 10:45:50,Boat-4,Blue Horizon GP,4,Downwind,25.784,-23.425,12.995,-155.304,203.799,14.978,199.959,12.714,66.003,77.456,1147.376,none,port,1.697
2026-05-21 10:45:50,Boat-5,Straitline Performance,4,Downwind,19.416,19.384,13.125,3.32,204.103,14.808,198.491,24.3,66.765,108.566,1153.459,gybe,starboard,1.709
2026-05-21 10:45:52,Boat-1,Apex Wave Racing,4,Downwind,28.427,-19.123,13.402,132.276,203.302,14.436,170.194,11.99,70.404,-108.108,1133.675,none,starboard,1.813
2026-05-21 10:45:52,Boat-2,Harbor Velocity Team,4,Downwind,25.569,-21.527,13.128,147.345,204.624,14.365,172.687,11.741,67.518,-122.573,1137.233,none,starboard,1.943
2026-05-21 10:45:52,Boat-3,Northern Reach Sailing,4,Downwind,26.953,-26.467,13.515,169.102,201.964,14.352,194.877,7.255,69.215,50.199,1134.396,none,starboard,1.879
2026-05-21 10:45:52,Boat-4,Blue Horizon GP,4,Downwind,23.913,-21.954,12.9,-156.644,200.371,14.471,206.738,12.626,60.753,71.913,1131.027,none,port,1.781
2026-05-21 10:45:52,Boat-5,Straitline Performance,4,Downwind,19.365,11.112,12.955,54.98,202.683,14.438,209.108,18.459,66.651,102.395,1124.126,none,starboard,1.815
2026-05-21 10:45:54,Boat-1,Apex Wave Racing,4,Downwind,27.778,-22.354,12.933,143.587,205.677,13.658,174.31,12.984,71.426,-105.553,1100.091,none,starboard,1.895
2026-05-21 10:45:54,Boat-2,Harbor Velocity Team,4,Downwind,25.057,-19.999,13.338,142.954,204.396,13.922,171.999,9.973,71.356,-119.425,1101.411,none,starboard,2.002
2026-05-21 10:45:54,Boat-3,Northern Reach Sailing,4,Downwind,27.711,-26.513,12.805,163.089,204.132,13.537,197.469,8.64,68.818,43.627,1103.076,none,starboard,1.851
2026-05-21 10:45:54,Boat-4,Blue Horizon GP,4,Downwind,23.763,-4.875,13.536,-101.839,204.541,13.604,193.4,17.23,64.91,66.367,1125.364,none,port,1.943
2026-05-21 10:45:54,Boat-5,Straitline Performance,4,Downwind,19.424,-6.368,12.892,109.137,202.351,13.89,195.35,13.453,65.376,96.215,1131.277,none,starboard,2.031
2026-05-21 10:45:56,Boat-1,Apex Wave Racing,4,Downwind,29.102,-22.037,13.65,139.219,202.651,15.426,173.004,13.796,70.242,-103.008,1082.478,none,starboard,1.848
2026-05-21 10:45:56,Boat-2,Harbor Velocity Team,4,Downwind,23.764,-18.922,13.856,142.772,204.211,14.951,171.548,10.687,65.09,-116.269,1092.381,none,starboard,1.77
2026-05-21 10:45:56,Boat-3,Northern Reach Sailing,4,Downwind,28.18,-25.681,14.006,155.688,204.177,15.513,200.781,8.77,67.531,37.069,1092.673,none,starboard,1.893
2026-05-21 10:45:56,Boat-4,Blue Horizon GP,4,Downwind,22.975,15.12,13.296,-48.845,202.752,15.951,191.125,20.825,66.562,60.82,1084.463,none,port,1.908
2026-05-21 10:45:56,Boat-5,Straitline Performance,4,Downwind,20.647,-19.237,13.476,158.7,202.302,15.434,195.724,8.827,65.005,90.029,1079.078,none,starboard,1.883
2026-05-21 10:45:58,Boat-1,Apex Wave Racing,4,Downwind,29.111,-24.125,12.84,145.967,202.569,12.86,172.994,12.038,69.093,-100.469,1058.653,none,starboard,1.734
2026-05-21 10:45:58,Boat-2,Harbor Velocity Team,4,Downwind,21.851,-1.647,12.678,94.322,201.838,13.269,172.618,17.369,71.011,-113.101,1058.854,none,starboard,1.66
2026-05-21 10:45:58,Boat-3,Northern Reach Sailing,4,Downwind,28.921,-27.446,12.37,161.625,203.633,12.879,199.491,10.781,71.954,30.528,1068.559,none,starboard,1.701
2026-05-21 10:45:58,Boat-4,Blue Horizon GP,4,Downwind,22.766,22.731,12.708,3.164,204.36,12.708,198.594,24.817,60.385,55.276,1068.967,gybe,starboard,1.777
2026-05-21 10:45:58,Boat-5,Straitline Performance,4,Downwind,21.683,-19.963,12.201,157.022,203.61,14.04,214.019,9.324,67.822,83.839,1087.317,none,starboard,1.705
2026-05-21 10:46:00,Boat-1,Apex Wave Racing,4,Downwind,28.17,-19.648,12.585,134.225,205.257,14.371,168.724,13.027,70.588,-97.934,1041.192,none,starboard,1.617
2026-05-21 10:46:00,Boat-2,Harbor Velocity Team,4,Downwind,22.123,15.91,12.452,44.013,203.371,14.76,167.064,18.7,67.846,-109.921,1043.381,none,starboard,1.683
2026-05-21 10:46:00,Boat-3,Northern Reach Sailing,4,Downwind,29.37,-27.942,12.677,162.063,202.858,14.886,200.908,11.227,70.664,24.007,1055.77,none,starboard,1.721
2026-05-21 10:46:00,Boat-4,Blue Horizon GP,4,Downwind,22.861,12.532,12.431,56.759,205.355,14.414,206.619,19.088,66.373,48.459,1047.722,none,starboard,1.757
2026-05-21 10:46:00,Boat-5,Straitline Performance,4,Downwind,22.843,-20.743,12.384,155.239,202.972,14.502,191.683,10.288,63.173,77.649,1060.736,none,starboard,1.741
2026-05-21 10:46:02,Boat-1,Apex Wave Racing,4,Downwind,27.97,-22.324,12.995,142.954,203.945,15.229,172.194,12.886,68.31,-95.4,1033.232,none,starboard,1.676
2026-05-21 10:46:02,Boat-2,Harbor Velocity Team,4,Downwind,21.814,21.724,13.321,-5.203,201.963,15.53,158.469,22.934,71.151,-106.725,1031.096,gybe,port,1.778
2026-05-21 10:46:02,Boat-3,Northern Reach Sailing,4,Downwind,29.169,-26.812,12.466,156.811,202.859,15.055,205.483,9.266,69.916,17.509,1034.481,none,starboard,1.847
2026-05-21 10:46:02,Boat-4,Blue Horizon GP,4,Downwind,23.131,-8.758,13.044,112.249,202.98,14.936,209.515,16.054,66.513,41.653,1041.784,none,starboard,1.84
2026-05-21 10:46:02,Boat-5,Straitline Performance,4,Downwind,22.523,-21.795,13.158,165.391,202.622,15.057,204.085,7.499,64.451,71.46,1027.454,none,starboard,1.747
2026-05-21 10:46:04,Boat-1,Apex Wave Racing,4,Downwind,27.408,-20.87,13.464,139.592,205.436,14.618,171.62,13.084,71.447,-92.865,1004.221,none,starboard,1.805
2026-05-21 10:46:04,Boat-2,Harbor Velocity Team,4,Downwind,22.248,13.074,13.315,-54.01,203.063,15.058,167.647,19.698,67.8,-102.541,1024.675,none,port,1.902
2026-05-21 10:46:04,Boat-3,Northern Reach Sailing,4,Downwind,30.583,-29.299,13.219,163.339,202.4,15.087,207.878,7.354,70.353,11.037,1028.558,none,starboard,1.828
2026-05-21 10:46:04,Boat-4,Blue Horizon GP,4,Downwind,23.404,-22.552,13.199,164.488,203.586,14.553,195.904,10.807,63.404,34.859,1023.697,none,starboard,1.885
2026-05-21 10:46:04,Boat-5,Straitline Performance,4,Downwind,23.728,-22.484,13.245,161.362,202.986,14.651,199.138,8.138,62.939,65.276,1033.058,none,starboard,1.903
2026-05-21 10:46:06,Boat-1,Apex Wave Racing,4,Downwind,28.69,-21.597,13.8,138.831,202.517,14.606,171.409,13.391,68.996,-90.326,998.789,none,starboard,1.957
2026-05-21 10:46:06,Boat-2,Harbor Velocity Team,4,Downwind,22.401,-5.641,13.675,-104.585,200.466,15.044,170.548,15.459,69.215,-98.337,992.794,none,port,1.97
2026-05-21 10:46:06,Boat-3,Northern Reach Sailing,4,Downwind,29.973,-28.202,13.732,160.201,201.753,14.743,197.689,9.73,70.485,4.594,1010.066,none,starboard,2.022
2026-05-21 10:46:06,Boat-4,Blue Horizon GP,4,Downwind,25.507,-23.376,13.608,156.41,203.049,15.082,203.989,12.323,62.71,28.082,994.158,none,starboard,2.015
2026-05-21 10:46:06,Boat-5,Straitline Performance,4,Downwind,23.969,-22.027,13.385,156.78,203.957,14.834,192.557,9.928,61.702,59.1,991.836,none,starboard,1.932
2026-05-21 10:46:08,Boat-1,Apex Wave Racing,4,Downwind,27.752,-19.762,13.356,135.403,203.201,14.671,174.23,13.662,72.104,-87.781,970.566,none,starboard,1.88
2026-05-21 10:46:08,Boat-2,Harbor Velocity Team,4,Downwind,23.243,-21.106,13.6,-155.237,201.367,15.092,164.837,8.858,67.724,-94.112,974.046,none,port,1.955
2026-05-21 10:46:08,Boat-3,Northern Reach Sailing,4,Downwind,30.201,-28.979,13.483,163.643,204.565,14.435,193.522,7.727,68.613,-1.817,988.252,none,starboard,1.748
2026-05-21 10:46:08,Boat-4,Blue Horizon GP,4,Downwind,25.363,-22.702,13.317,153.521,203.64,14.667,199.189,11.545,62.95,21.325,993.283,none,starboard,1.832
2026-05-21 10:46:08,Boat-5,Straitline Performance,4,Downwind,23.797,-22.412,13.247,160.352,202.46,15.153,197.301,8.398,65.845,52.933,977.647,none,starboard,1.897
2026-05-21 10:46:10,Boat-1,Apex Wave Racing,4,Downwind,27.323,-21.498,13.281,141.89,202.495,14.935,171.871,11.636,69.995,-85.226,948.315,none,starboard,2.007
2026-05-21 10:46:10,Boat-2,Harbor Velocity Team,4,Downwind,24.628,-18.41,13.536,-138.375,204.53,15.061,164.628,10.609,68.494,-89.863,961.526,none,port,1.975
2026-05-21 10:46:10,Boat-3,Northern Reach Sailing,4,Downwind,28.973,-25.802,13.54,152.945,204.192,15.24,196.941,9.012,69.313,-8.195,956.885,none,starboard,2.019
2026-05-21 10:46:10,Boat-4,Blue Horizon GP,4,Downwind,27.403,-25.171,13.491,156.716,203.335,14.976,196.92,9.801,59.735,14.591,955.392,none,starboard,1.839
2026-05-21 10:46:10,Boat-5,Straitline Performance,4,Downwind,23.769,-22.632,13.051,162.207,202.435,15.199,198.949,9.248,63.263,46.78,952.283,none,starboard,1.944
2026-05-21 10:46:12,Boat-1,Apex Wave Racing,4,Downwind,27.456,-21.682,13.976,142.155,203.167,14.249,168.78,13.652,72.551,-82.659,934.712,none,starboard,1.978
2026-05-21 10:46:12,Boat-2,Harbor Velocity Team,4,Downwind,25.081,-19.543,13.925,-141.187,203.416,14.703,168.651,11.205,71.816,-85.59,943.047,none,port,2.002
2026-05-21 10:46:12,Boat-3,Northern Reach Sailing,4,Downwind,29.031,-26.013,14.05,153.64,202.696,14.88,198.538,8.875,69.135,-14.535,946.499,none,starboard,1.882
2026-05-21 10:46:12,Boat-4,Blue Horizon GP,4,Downwind,27.086,-24.03,14.019,152.519,202.441,14.876,211.561,14.335,63.688,7.883,949.095,none,starboard,1.925
2026-05-21 10:46:12,Boat-5,Straitline Performance,4,Downwind,24.623,-23.136,13.604,159.984,202.481,14.314,203.443,8.233,65.037,40.642,941.846,none,starboard,1.832
2026-05-21 10:46:14,Boat-1,Apex Wave Racing,4,Downwind,26.26,-21.723,13.486,145.815,201.06,15.193,171.593,13.641,68.877,-80.078,922.363,none,starboard,1.985
2026-05-21 10:46:14,Boat-2,Harbor Velocity Team,4,Downwind,26.075,-19.726,13.665,-139.159,202.622,14.862,159.698,12.842,68.317,-81.289,918.805,none,port,1.96
2026-05-21 10:46:14,Boat-3,Northern Reach Sailing,4,Downwind,29.731,-28.215,13.536,161.622,203.398,15.145,198.525,8.365,74.133,-20.837,919.183,none,starboard,2.005
2026-05-21 10:46:14,Boat-4,Blue Horizon GP,4,Downwind,27.852,-24.149,13.53,150.118,202.016,15.174,193.941,11.978,64.472,1.204,933.599,none,starboard,2.044
2026-05-21 10:46:14,Boat-5,Straitline Performance,4,Downwind,24.33,-22.77,13.589,159.371,204.024,14.899,202.069,9.381,63.432,34.522,924.015,none,starboard,1.909
2026-05-21 10:46:16,Boat-1,Apex Wave Racing,4,Downwind,25.781,-20.657,13.51,143.25,203.594,15.547,172.366,13.017,69.801,-77.48,899.665,none,starboard,1.803
2026-05-21 10:46:16,Boat-2,Harbor Velocity Team,4,Downwind,26.346,-22.148,13.347,-147.211,201.841,15.116,165.389,9.402,71.927,-76.959,919.719,none,port,1.8
2026-05-21 10:46:16,Boat-3,Northern Reach Sailing,4,Downwind,30.354,-28.439,13.713,159.543,203.27,15.496,208.288,8.677,71.625,-27.097,909.01,none,starboard,1.826
2026-05-21 10:46:16,Boat-4,Blue Horizon GP,4,Downwind,27.405,-24.811,13.674,154.873,204.591,14.899,197.106,13.24,62.009,-5.442,895.418,none,starboard,1.772
2026-05-21 10:46:16,Boat-5,Straitline Performance,4,Downwind,25.013,-24.081,13.675,164.313,202.764,15.246,211.93,7.925,65.981,28.422,911.706,none,starboard,1.884
2026-05-21 10:46:18,Boat-1,Apex Wave Racing,4,Downwind,24.022,-17.841,13.528,137.964,203.209,14.933,170.055,11.954,71.815,-74.862,883.446,none,starboard,2.165
2026-05-21 10:46:18,Boat-2,Harbor Velocity Team,4,Downwind,26.143,-20.834,13.794,-142.839,201.661,14.786,170.087,9.955,67.68,-72.599,885.471,none,port,2.095
2026-05-21 10:46:18,Boat-3,Northern Reach Sailing,4,Downwind,28.938,-27.401,13.559,161.241,205.43,14.996,203.008,7.582,70.152,-33.313,896.001,none,starboard,2.166
2026-05-21 10:46:18,Boat-4,Blue Horizon GP,4,Downwind,27.515,-23.285,13.718,147.808,203.336,14.851,195.835,11.813,65.721,-12.052,890.524,none,starboard,2.133
2026-05-21 10:46:18,Boat-5,Straitline Performance,4,Downwind,23.831,-22.435,14.149,160.295,203.161,14.643,194.655,7.116,62.237,22.346,904.477,none,starboard,2.098
2026-05-21 10:46:20,Boat-1,Apex Wave Racing,4,Downwind,24.002,-17.616,13.347,137.217,202.73,15.223,169.795,13.61,73.364,-72.222,869.679,none,starboard,1.898
2026-05-21 10:46:20,Boat-2,Harbor Velocity Team,4,Downwind,26.912,-21.637,13.403,-143.512,203.014,14.606,166.912,10.778,70.774,-68.207,869.638,none,port,1.853
2026-05-21 10:46:20,Boat-3,Northern Reach Sailing,4,Downwind,29.421,-28.045,13.606,162.408,203.753,14.177,197.766,8.1,72.196,-39.483,879.841,none,starboard,1.912
2026-05-21 10:46:20,Boat-4,Blue Horizon GP,4,Downwind,27.323,-23.991,13.605,151.408,203.707,14.025,200.414,13.742,64.217,-18.625,848.937,none,starboard,1.957
2026-05-21 10:46:20,Boat-5,Straitline Performance,4,Downwind,23.887,-22.357,13.299,159.382,204.502,14.101,189.352,10.047,65.784,16.295,865.33,none,starboard,2.028
2026-05-21 10:46:22,Boat-1,Apex Wave Racing,4,Downwind,22.35,-1.298,13.187,93.33,202.101,14.346,173.037,17.632,74.402,-69.558,853.983,none,starboard,1.882
2026-05-21 10:46:22,Boat-2,Harbor Velocity Team,4,Downwind,26.611,-21.64,13.065,-144.411,202.152,13.33,165.631,10.888,65.404,-63.782,847.544,none,port,1.963
2026-05-21 10:46:22,Boat-3,Northern Reach Sailing,4,Downwind,28.703,-27.117,13.492,160.863,203.448,14.386,199.069,9.946,71.964,-45.606,857.634,none,starboard,1.782
2026-05-21 10:46:22,Boat-4,Blue Horizon GP,4,Downwind,28.0,-23.764,13.709,148.072,202.969,13.769,206.983,11.156,64.497,-25.157,855.314,none,starboard,1.901
2026-05-21 10:46:22,Boat-5,Straitline Performance,4,Downwind,23.977,-22.831,13.608,162.214,205.658,14.006,202.615,8.168,65.371,10.272,831.165,none,starboard,1.955
2026-05-21 10:46:24,Boat-1,Apex Wave Racing,4,Downwind,22.329,15.382,13.915,46.46,201.614,14.945,174.025,20.188,71.906,-66.868,825.835,none,starboard,1.752
2026-05-21 10:46:24,Boat-2,Harbor Velocity Team,4,Downwind,26.742,-22.271,13.264,-146.388,204.3,14.445,160.656,10.783,67.702,-59.321,834.951,none,port,1.844
2026-05-21 10:46:24,Boat-3,Northern Reach Sailing,4,Downwind,28.908,-27.397,13.587,161.392,202.64,14.388,197.381,8.85,67.524,-51.678,844.561,none,starboard,1.79
2026-05-21 10:46:24,Boat-4,Blue Horizon GP,4,Downwind,27.312,-24.819,13.628,155.33,203.672,14.657,198.461,11.902,63.358,-31.645,823.365,none,starboard,1.743
2026-05-21 10:46:24,Boat-5,Straitline Performance,4,Downwind,24.271,-23.231,13.969,163.167,203.303,13.969,209.007,8.539,60.855,4.279,836.485,none,starboard,1.795
2026-05-21 10:46:26,Boat-1,Apex Wave Racing,4,Downwind,21.302,21.291,13.537,1.81,203.284,14.758,169.233,24.597,74.96,-64.148,802.296,gybe,starboard,1.901
2026-05-21 10:46:26,Boat-2,Harbor Velocity Team,4,Downwind,26.983,-20.738,13.231,-140.224,202.28,13.927,162.364,9.746,67.269,-54.825,822.03,none,port,1.813
2026-05-21 10:46:26,Boat-3,Northern Reach Sailing,4,Downwind,29.33,-28.492,13.815,166.276,202.005,14.428,194.141,8.618,69.527,-57.7,818.998,none,starboard,1.819
2026-05-21 10:46:26,Boat-4,Blue Horizon GP,4,Downwind,27.948,-26.363,13.85,160.611,201.498,14.275,208.199,10.211,65.337,-38.088,816.58,none,starboard,1.847
2026-05-21 10:46:26,Boat-5,Straitline Performance,4,Downwind,24.349,-23.206,13.663,162.37,203.079,13.956,202.438,8.16,62.981,-1.682,809.606,none,starboard,1.815
2026-05-21 10:46:28,Boat-1,Apex Wave Racing,4,Downwind,21.532,15.222,13.445,-45.012,201.089,15.536,163.897,20.039,71.272,-60.384,791.738,none,port,2.012
2026-05-21 10:46:28,Boat-2,Harbor Velocity Team,4,Downwind,27.572,-21.419,14.103,-140.972,202.442,15.473,169.866,9.999,70.924,-50.29,806.545,none,port,2.058
2026-05-21 10:46:28,Boat-3,Northern Reach Sailing,4,Downwind,28.884,-27.208,13.481,160.39,203.898,14.908,199.887,6.731,69.828,-63.668,796.973,none,starboard,1.89
2026-05-21 10:46:28,Boat-4,Blue Horizon GP,4,Downwind,27.234,-25.153,13.721,157.459,202.469,16.013,201.067,14.156,66.249,-44.482,799.424,none,starboard,1.972
2026-05-21 10:46:28,Boat-5,Straitline Performance,4,Downwind,23.786,-22.842,13.989,163.799,201.074,15.528,199.502,9.282,65.644,-7.608,807.699,none,starboard,2.075
2026-05-21 10:46:30,Boat-1,Apex Wave Racing,4,Downwind,21.897,0.156,14.162,-89.593,202.77,16.493,170.885,18.344,73.583,-56.586,776.1,none,port,2.0
2026-05-21 10:46:30,Boat-2,Harbor Velocity Team,4,Downwind,26.529,-21.766,13.985,-145.13,200.68,16.933,167.347,10.413,68.607,-45.718,771.077,none,port,2.004
2026-05-21 10:46:30,Boat-3,Northern Reach Sailing,4,Downwind,28.588,-27.094,14.004,161.398,202.925,16.54,201.981,9.831,70.973,-69.582,786.151,none,starboard,2.038
2026-05-21 10:46:30,Boat-4,Blue Horizon GP,4,Downwind,27.438,-25.28,14.101,157.122,202.763,16.316,199.344,11.333,63.419,-50.825,783.512,none,starboard,2.121
2026-05-21 10:46:30,Boat-5,Straitline Performance,4,Downwind,23.211,-21.488,14.107,157.788,202.613,16.706,192.047,9.551,66.71,-13.499,776.24,none,starboard,2.141
2026-05-21 10:46:32,Boat-1,Apex Wave Racing,4,Downwind,23.386,-15.917,12.517,-132.893,204.37,15.18,170.56,14.237,69.648,-52.753,744.18,none,port,1.558
2026-05-21 10:46:32,Boat-2,Harbor Velocity Team,4,Downwind,26.557,-22.783,13.279,-149.082,201.691,14.943,161.561,11.144,64.636,-41.106,765.632,none,port,1.472
2026-05-21 10:46:32,Boat-3,Northern Reach Sailing,4,Downwind,28.287,-26.619,12.98,160.228,201.175,14.832,193.953,8.291,69.399,-75.44,767.808,none,starboard,1.51
2026-05-21 10:46:32,Boat-4,Blue Horizon GP,4,Downwind,27.22,-25.286,12.895,158.274,203.51,14.628,195.761,12.318,65.225,-57.116,763.434,none,starboard,1.621
2026-05-21 10:46:32,Boat-5,Straitline Performance,4,Downwind,23.043,-22.133,12.904,163.841,202.156,14.844,194.903,9.276,64.962,-19.35,752.681,none,starboard,1.549
2026-05-21 10:46:34,Boat-1,Apex Wave Racing,4,Downwind,23.874,-17.994,13.3,-138.911,203.733,13.43,166.175,11.727,71.847,-48.883,729.771,none,port,1.911
2026-05-21 10:46:34,Boat-2,Harbor Velocity Team,4,Downwind,26.327,-21.577,13.293,-145.042,202.293,13.325,166.132,9.966,65.961,-36.453,743.289,none,port,1.936
2026-05-21 10:46:34,Boat-3,Northern Reach Sailing,4,Downwind,27.988,-26.544,12.984,161.514,202.598,13.006,195.786,9.998,69.613,-81.241,739.222,none,starboard,1.918
2026-05-21 10:46:34,Boat-4,Blue Horizon GP,4,Downwind,27.311,-26.029,13.255,162.375,205.039,13.755,195.159,11.612,65.297,-63.353,739.125,none,starboard,1.866
2026-05-21 10:46:34,Boat-5,Straitline Performance,4,Downwind,23.46,-22.041,13.224,159.971,203.08,14.052,202.987,8.494,63.119,-25.162,732.416,none,starboard,1.962
2026-05-21 10:46:36,Boat-1,Apex Wave Racing,4,Downwind,25.068,-19.782,13.584,-142.104,200.38,15.032,166.213,13.274,66.984,-44.974,712.571,none,port,1.77
2026-05-21 10:46:36,Boat-2,Harbor Velocity Team,4,Downwind,26.263,-20.84,13.288,-142.514,201.626,14.454,167.188,10.385,66.466,-31.759,727.777,none,port,1.719
2026-05-21 10:46:36,Boat-3,Northern Reach Sailing,4,Downwind,29.059,-27.706,13.079,162.447,202.957,15.197,197.828,8.953,69.011,-86.985,726.971,none,starboard,1.77
2026-05-21 10:46:36,Boat-4,Blue Horizon GP,4,Downwind,26.709,-23.527,13.011,151.747,202.484,15.56,198.006,11.987,64.659,-69.533,717.602,none,starboard,1.871
2026-05-21 10:46:36,Boat-5,Straitline Performance,4,Downwind,23.881,-22.69,13.313,161.83,201.605,15.099,199.87,8.845,62.161,-30.932,725.38,none,starboard,1.834
2026-05-21 10:46:38,Boat-1,Apex Wave Racing,4,Downwind,26.031,-19.904,13.597,-139.873,201.446,15.504,167.918,12.893,68.895,-41.025,697.75,none,port,1.982
2026-05-21 10:46:38,Boat-2,Harbor Velocity Team,4,Downwind,26.331,-19.579,13.241,-138.037,201.502,15.905,168.089,9.739,69.768,-27.024,701.826,none,port,1.999
2026-05-21 10:46:38,Boat-3,Northern Reach Sailing,4,Downwind,29.269,-27.209,13.877,158.371,199.731,15.121,191.861,8.563,71.698,-92.67,703.686,none,starboard,2.107
2026-05-21 10:46:38,Boat-4,Blue Horizon GP,4,Downwind,27.523,-26.065,13.465,161.267,201.309,16.158,196.147,11.768,66.867,-75.655,701.277,none,starboard,2.026
2026-05-21 10:46:38,Boat-5,Straitline Performance,4,Downwind,22.752,-21.749,13.731,162.925,202.257,15.952,200.167,9.224,64.833,-36.658,700.605,none,starboard,2.069
2026-05-21 10:46:40,Boat-1,Apex Wave Racing,4,Downwind,26.599,-19.985,13.631,-138.706,202.504,14.85,165.21,13.454,71.486,-37.034,675.477,none,port,1.87
2026-05-21 10:46:40,Boat-2,Harbor Velocity Team,4,Downwind,26.594,-22.619,13.683,-148.27,202.4,14.47,162.135,11.81,69.615,-22.246,682.673,none,port,1.913
2026-05-21 10:46:40,Boat-3,Northern Reach Sailing,4,Downwind,29.194,-27.345,13.709,159.499,201.026,14.643,199.276,7.357,67.436,-98.296,673.114,none,starboard,1.89
2026-05-21 10:46:40,Boat-4,Blue Horizon GP,4,Downwind,27.022,-23.873,13.42,152.063,200.726,14.42,197.659,13.346,62.775,-81.718,675.517,none,starboard,1.819
2026-05-21 10:46:40,Boat-5,Straitline Performance,4,Downwind,22.824,-20.862,13.693,156.069,202.707,14.51,197.217,10.901,63.14,-42.34,694.318,none,starboard,1.908
2026-05-21 10:46:42,Boat-1,Apex Wave Racing,4,Downwind,26.0,-20.55,13.364,-142.221,202.084,14.431,169.244,12.2,68.352,-33.0,667.354,none,port,1.853
2026-05-21 10:46:42,Boat-2,Harbor Velocity Team,4,Downwind,26.945,-21.434,13.744,-142.697,203.827,14.886,161.522,10.547,67.745,-17.425,672.047,none,port,1.855
2026-05-21 10:46:42,Boat-3,Northern Reach Sailing,4,Downwind,28.28,-25.964,12.907,156.651,202.56,14.958,199.006,11.438,69.043,-103.862,671.682,none,starboard,1.857
2026-05-21 10:46:42,Boat-4,Blue Horizon GP,4,Downwind,27.306,-23.136,13.201,147.916,201.166,14.584,200.97,12.987,63.26,-87.72,663.379,none,starboard,1.832
2026-05-21 10:46:42,Boat-5,Straitline Performance,4,Downwind,23.594,-22.312,13.387,161.026,204.249,15.083,196.728,9.266,63.166,-47.976,664.082,none,starboard,1.802
2026-05-21 10:46:44,Boat-1,Apex Wave Racing,4,Downwind,26.748,-20.324,12.973,-139.449,200.543,13.574,171.169,11.976,71.211,-28.921,632.768,none,port,1.942
2026-05-21 10:46:44,Boat-2,Harbor Velocity Team,4,Downwind,26.834,-20.954,13.87,-141.339,202.242,14.2,163.298,11.579,67.342,-12.562,653.694,none,port,2.002
2026-05-21 10:46:44,Boat-3,Northern Reach Sailing,4,Downwind,29.324,-27.489,13.694,159.626,199.965,13.694,196.107,9.828,66.753,-109.368,640.968,none,starboard,1.949
2026-05-21 10:46:44,Boat-4,Blue Horizon GP,4,Downwind,27.161,-25.129,13.817,157.697,201.231,14.036,196.089,11.698,62.748,-93.66,644.358,none,starboard,2.042
2026-05-21 10:46:44,Boat-5,Straitline Performance,4,Downwind,22.593,-21.583,13.313,162.804,203.802,13.78,193.843,7.813,63.426,-53.564,656.971,none,starboard,1.907
2026-05-21 10:46:46,Boat-1,Apex Wave Racing,4,Downwind,27.468,-20.183,13.685,-137.289,202.292,15.122,163.439,12.161,72.113,-24.796,614.546,none,port,1.787
2026-05-21 10:46:46,Boat-2,Harbor Velocity Team,4,Downwind,26.125,-19.855,13.62,-139.465,203.127,14.535,166.872,10.681,69.455,-7.655,639.485,none,port,1.838
2026-05-21 10:46:46,Boat-3,Northern Reach Sailing,4,Downwind,29.104,-27.665,13.45,161.91,199.925,14.727,195.587,9.705,68.1,-114.815,633.755,none,starboard,1.728
2026-05-21 10:46:46,Boat-4,Blue Horizon GP,4,Downwind,27.377,-24.574,13.696,153.85,198.677,15.274,193.943,12.363,65.283,-99.538,622.406,none,starboard,1.768
2026-05-21 10:46:46,Boat-5,Straitline Performance,4,Downwind,22.653,-21.677,13.392,163.12,203.261,15.471,190.582,9.059,65.318,-59.105,618.92,none,starboard,1.744
2026-05-21 10:46:48,Boat-1,Apex Wave Racing,4,Downwind,27.398,-21.561,15.515,-141.903,201.948,15.515,162.717,12.016,69.986,-20.624,604.867,none,port,1.996
2026-05-21 10:46:48,Boat-2,Harbor Velocity Team,4,Downwind,27.394,-21.1,14.453,-140.377,202.643,15.621,168.456,10.663,66.442,-2.705,611.428,none,port,2.091
2026-05-21 10:46:48,Boat-3,Northern Reach Sailing,4,Downwind,28.988,-27.103,14.389,159.223,201.662,15.695,193.541,10.876,70.531,-120.201,602.138,none,starboard,2.053
2026-05-21 10:46:48,Boat-4,Blue Horizon GP,4,Downwind,27.053,-24.799,14.382,156.444,201.216,15.632,195.988,13.551,63.69,-105.351,597.267,none,starboard,2.06
2026-05-21 10:46:48,Boat-5,Straitline Performance,4,Downwind,23.942,-22.423,14.571,159.476,202.759,15.862,206.94,8.918,67.067,-64.595,597.923,none,starboard,2.159
2026-05-21 10:46:50,Boat-1,Apex Wave Racing,4,Downwind,27.236,-20.776,14.507,-139.713,203.989,15.369,169.235,12.745,69.036,-16.404,587.574,none,port,2.086
2026-05-21 10:46:50,Boat-2,Harbor Velocity Team,4,Downwind,27.187,-21.41,14.298,-141.954,203.076,16.335,169.771,8.952,69.117,2.289,590.804,none,port,2.043
2026-05-21 10:46:50,Boat-3,Northern Reach Sailing,4,Downwind,28.781,-28.13,13.91,167.794,202.424,15.872,199.795,8.595,70.491,-125.527,589.275,none,starboard,2.12
2026-05-21 10:46:50,Boat-4,Blue Horizon GP,4,Downwind,26.874,-23.816,14.469,152.399,202.672,15.812,193.73,11.543,62.984,-111.101,582.049,none,starboard,2.014
2026-05-21 10:46:50,Boat-5,Straitline Performance,4,Downwind,23.257,-21.543,14.446,157.867,201.409,16.024,201.109,7.213,65.723,-70.036,597.41,none,starboard,2.083
2026-05-21 10:46:52,Boat-1,Apex Wave Racing,4,Downwind,27.238,-21.328,13.76,-141.537,201.703,13.794,167.831,12.727,69.764,-12.135,560.221,none,port,1.991
2026-05-21 10:46:52,Boat-2,Harbor Velocity Team,4,Downwind,26.16,-21.254,13.576,-144.338,201.311,14.537,167.979,8.11,68.864,7.325,555.848,none,port,2.015
2026-05-21 10:46:52,Boat-3,Northern Reach Sailing,4,Downwind,28.567,-25.744,14.015,154.316,202.573,14.109,203.849,10.802,69.403,-130.794,572.705,none,starboard,2.03
2026-05-21 10:46:52,Boat-4,Blue Horizon GP,4,Downwind,27.262,-25.463,13.848,159.07,202.065,14.406,200.552,9.572,66.901,-116.786,550.468,none,starboard,1.94
2026-05-21 10:46:52,Boat-5,Straitline Performance,4,Downwind,23.098,-21.166,14.043,156.401,202.781,14.353,193.519,7.484,63.933,-75.426,569.867,none,starboard,1.943
2026-05-21 10:46:54,Boat-1,Apex Wave Racing,4,Downwind,27.17,-20.326,14.019,-138.426,203.278,15.088,163.554,12.637,68.966,-7.817,547.757,none,port,1.821
2026-05-21 10:46:54,Boat-2,Harbor Velocity Team,4,Downwind,27.274,-21.237,14.153,-141.137,201.765,14.803,155.625,11.769,67.85,12.404,543.302,none,port,1.762
2026-05-21 10:46:54,Boat-3,Northern Reach Sailing,4,Downwind,28.849,-27.17,13.618,160.353,203.734,15.814,195.307,8.488,71.787,-136.002,565.58,none,starboard,1.822
2026-05-21 10:46:54,Boat-4,Blue Horizon GP,4,Downwind,26.861,-24.455,14.019,155.563,201.709,15.711,222.113,10.61,67.176,-122.406,551.895,none,starboard,1.795
2026-05-21 10:46:54,Boat-5,Straitline Performance,4,Downwind,23.763,-22.488,13.718,161.148,201.144,15.378,194.595,8.883,62.339,-80.765,552.785,none,starboard,1.887
2026-05-21 10:46:56,Boat-1,Apex Wave Racing,4,Downwind,26.754,-19.224,13.997,-135.934,200.549,15.184,166.025,12.604,70.433,-3.449,530.796,none,port,1.765
2026-05-21 10:46:56,Boat-2,Harbor Velocity Team,4,Downwind,26.825,-22.171,13.993,-145.739,201.72,15.193,162.885,10.227,68.969,17.526,533.335,none,port,1.833
2026-05-21 10:46:56,Boat-3,Northern Reach Sailing,4,Downwind,29.417,-26.451,13.274,154.049,202.033,15.099,190.921,10.208,72.126,-141.152,534.861,none,starboard,1.682
2026-05-21 10:46:56,Boat-4,Blue Horizon GP,4,Downwind,27.601,-24.239,13.423,151.429,200.159,15.169,191.653,11.015,63.451,-127.961,538.106,none,starboard,1.694
2026-05-21 10:46:56,Boat-5,Straitline Performance,4,Downwind,22.631,-21.442,13.748,161.346,201.716,15.203,193.835,8.951,65.007,-86.052,529.057,none,starboard,1.731
2026-05-21 10:46:58,Boat-1,Apex Wave Racing,4,Downwind,27.121,-22.392,13.59,-145.65,200.82,14.34,164.897,11.898,70.717,0.969,512.45,none,port,1.94
2026-05-21 10:46:58,Boat-2,Harbor Velocity Team,4,Downwind,26.465,-21.495,13.395,-144.313,202.552,13.832,160.019,10.47,68.377,22.689,509.901,none,port,1.832
2026-05-21 10:46:58,Boat-3,Northern Reach Sailing,4,Downwind,29.25,-28.134,13.506,164.127,201.541,14.078,198.17,8.035,69.741,-146.244,512.499,none,starboard,1.934
2026-05-21 10:46:58,Boat-4,Blue Horizon GP,4,Downwind,26.856,-24.397,13.037,155.29,203.106,14.615,196.107,10.847,61.627,-133.452,498.336,none,starboard,1.871
2026-05-21 10:46:58,Boat-5,Straitline Performance,4,Downwind,22.441,-21.109,13.413,160.163,203.907,14.394,202.272,8.733,66.653,-91.288,510.056,none,starboard,1.87
2026-05-21 10:47:00,Boat-1,Apex Wave Racing,4,Downwind,27.576,-22.596,13.461,-145.028,202.946,14.74,166.917,14.807,70.004,5.438,497.867,none,port,1.967
2026-05-21 10:47:00,Boat-2,Harbor Velocity Team,4,Downwind,26.838,-23.797,13.924,-152.459,203.024,14.832,164.791,8.362,69.128,27.893,504.821,none,port,1.914
2026-05-21 10:47:00,Boat-3,Northern Reach Sailing,4,Downwind,28.777,-27.789,14.201,164.946,200.714,14.935,197.832,8.095,70.389,-151.28,504.002,none,starboard,1.953
2026-05-21 10:47:00,Boat-4,Blue Horizon GP,4,Downwind,26.413,-24.898,13.986,160.503,202.715,14.972,209.566,10.465,67.262,-138.878,500.303,none,starboard,2.019
2026-05-21 10:47:00,Boat-5,Straitline Performance,4,Downwind,23.873,-22.439,13.89,160.043,202.744,14.838,199.268,9.922,65.6,-96.472,503.617,none,starboard,2.035
2026-05-21 10:47:02,Boat-1,Apex Wave Racing,4,Downwind,26.745,-21.315,13.859,-142.84,203.561,14.338,161.721,11.704,73.43,9.957,473.772,none,port,1.914
2026-05-21 10:47:02,Boat-2,Harbor Velocity Team,4,Downwind,26.718,-20.317,14.105,-139.501,202.506,14.142,167.156,9.745,66.042,33.138,471.466,none,port,1.821
2026-05-21 10:47:02,Boat-3,Northern Reach Sailing,4,Downwind,28.984,-27.245,13.521,160.051,201.945,13.649,196.174,9.088,69.092,-156.261,481.36,none,starboard,1.929
2026-05-21 10:47:02,Boat-4,Blue Horizon GP,4,Downwind,26.74,-23.395,13.861,151.031,202.354,13.861,192.824,12.046,64.876,-144.239,479.32,none,starboard,1.885
2026-05-21 10:47:02,Boat-5,Straitline Performance,4,Downwind,23.258,-22.259,14.046,163.142,202.618,14.046,191.808,7.855,64.27,-101.603,480.548,none,starboard,1.82
2026-05-21 10:47:04,Boat-1,Apex Wave Racing,4,Downwind,27.279,-20.476,14.707,-138.644,201.292,15.444,162.273,12.252,69.488,14.527,470.348,none,port,1.834
2026-05-21 10:47:04,Boat-2,Harbor Velocity Team,4,Downwind,26.928,-22.235,13.82,-145.659,203.309,14.408,161.132,11.218,69.312,38.422,458.641,none,port,1.809
2026-05-21 10:47:04,Boat-3,Northern Reach Sailing,4,Downwind,28.424,-26.72,14.292,160.062,203.123,15.75,192.925,7.722,71.043,-161.188,469.841,none,starboard,1.832
2026-05-21 10:47:04,Boat-4,Blue Horizon GP,4,Downwind,26.612,-24.911,14.123,159.405,199.922,15.495,195.079,11.647,64.83,-149.538,453.472,none,starboard,1.885
2026-05-21 10:47:04,Boat-5,Straitline Performance,4,Downwind,23.506,-21.435,14.248,155.769,202.736,15.193,197.894,7.993,63.116,-106.684,454.771,none,starboard,1.857
2026-05-21 10:47:06,Boat-1,Apex Wave Racing,4,Downwind,26.599,-20.054,13.716,-138.933,202.359,14.862,170.019,16.081,72.928,19.148,445.02,none,port,1.801
2026-05-21 10:47:06,Boat-2,Harbor Velocity Team,4,Downwind,26.725,-22.077,13.573,-145.7,201.713,14.45,156.888,11.892,69.975,43.745,440.43,none,port,1.83
2026-05-21 10:47:06,Boat-3,Northern Reach Sailing,4,Downwind,29.226,-27.488,14.074,160.142,203.161,14.475,193.245,9.313,67.914,-166.062,438.651,none,starboard,1.745
2026-05-21 10:47:06,Boat-4,Blue Horizon GP,4,Downwind,27.38,-24.788,13.339,154.869,201.793,14.784,206.0,11.999,64.176,-154.774,440.222,none,starboard,1.884
2026-05-21 10:47:06,Boat-5,Straitline Performance,4,Downwind,22.882,-21.573,13.561,160.521,202.229,14.801,205.135,8.174,64.431,-111.713,449.238,none,starboard,1.799
2026-05-21 10:47:08,Boat-1,Apex Wave Racing,4,Downwind,27.663,-22.517,13.591,-144.486,200.911,14.509,166.645,12.764,68.774,23.819,417.553,none,port,1.901
2026-05-21 10:47:08,Boat-2,Harbor Velocity Team,4,Downwind,26.608,-20.889,13.996,-141.725,203.405,14.567,164.194,9.849,68.839,49.104,433.612,none,port,1.927
2026-05-21 10:47:08,Boat-3,Northern Reach Sailing,4,Downwind,28.558,-26.944,14.217,160.645,202.722,14.589,216.921,8.631,73.019,-170.886,428.638,none,starboard,1.98
2026-05-21 10:47:08,Boat-4,Blue Horizon GP,4,Downwind,27.483,-24.532,14.319,153.206,202.908,14.582,194.174,11.165,62.784,-159.948,432.128,none,starboard,1.898
2026-05-21 10:47:08,Boat-5,Straitline Performance,4,Downwind,23.049,-21.494,13.86,158.83,200.059,14.767,192.895,8.525,65.852,-116.691,433.441,none,starboard,1.915
2026-05-21 10:47:10,Boat-1,Apex Wave Racing,4,Downwind,27.385,-20.591,14.295,-138.756,202.1,15.837,162.6,11.421,70.773,28.539,405.464,none,port,2.074
2026-05-21 10:47:10,Boat-2,Harbor Velocity Team,4,Downwind,25.861,-21.298,14.009,-145.44,203.416,15.818,165.623,10.844,69.317,54.5,402.435,none,port,2.161
2026-05-21 10:47:10,Boat-3,Northern Reach Sailing,4,Downwind,29.351,-28.117,14.523,163.331,202.901,16.036,193.269,6.741,71.95,-175.661,425.877,none,starboard,2.103
2026-05-21 10:47:10,Boat-4,Blue Horizon GP,4,Downwind,27.081,-24.49,14.2,154.733,202.268,16.247,193.088,12.767,63.424,-165.062,399.484,none,starboard,2.062
2026-05-21 10:47:10,Boat-5,Straitline Performance,4,Downwind,22.872,-21.381,14.248,159.194,200.908,15.992,194.407,9.047,64.342,-121.619,405.967,none,starboard,2.031
2026-05-21 10:47:12,Boat-1,Apex Wave Racing,4,Downwind,26.999,-20.013,14.007,-137.836,203.23,15.709,161.682,13.717,72.617,33.308,387.271,none,port,1.991
2026-05-21 10:47:12,Boat-2,Harbor Velocity Team,4,Downwind,27.104,-22.901,14.168,-147.666,203.055,15.424,160.833,10.185,68.132,59.931,391.373,none,port,2.002
2026-05-21 10:47:12,Boat-3,Northern Reach Sailing,4,Downwind,30.394,-29.511,14.406,166.16,203.713,15.334,190.045,8.044,67.956,-180.389,388.343,none,starboard,2.06
2026-05-21 10:47:12,Boat-4,Blue Horizon GP,4,Downwind,27.298,-22.83,14.376,146.755,202.52,15.377,199.952,12.946,65.305,-170.117,388.387,none,starboard,2.029
2026-05-21 10:47:12,Boat-5,Straitline Performance,4,Downwind,23.278,-21.769,13.945,159.262,202.988,14.924,192.659,8.303,63.726,-126.498,395.264,none,starboard,1.993
2026-05-21 10:47:14,Boat-1,Apex Wave Racing,4,Downwind,27.629,-22.933,14.679,-146.102,201.799,15.355,166.979,11.303,72.63,38.126,376.506,none,port,2.155
2026-05-21 10:47:14,Boat-2,Harbor Velocity Team,4,Downwind,26.729,-22.013,14.193,-145.444,202.425,14.97,162.041,10.052,69.838,65.396,371.09,none,port,2.171
2026-05-21 10:47:14,Boat-3,Northern Reach Sailing,4,Downwind,28.757,-27.078,14.26,160.324,202.36,14.936,191.197,8.624,68.631,-185.071,372.753,none,starboard,2.196
2026-05-21 10:47:14,Boat-4,Blue Horizon GP,4,Downwind,27.1,-24.083,14.206,152.707,203.031,15.179,192.944,13.517,63.366,-175.114,371.793,none,starboard,2.162
2026-05-21 10:47:14,Boat-5,Straitline Performance,4,Downwind,23.578,-22.654,14.165,163.908,201.265,14.763,193.528,6.587,62.766,-131.328,362.741,none,starboard,2.151
2026-05-21 10:47:16,Boat-1,Apex Wave Racing,4,Downwind,26.8,-20.46,13.55,-139.767,202.012,14.896,166.242,13.629,69.823,42.992,345.4,none,port,1.884
2026-05-21 10:47:16,Boat-2,Harbor Velocity Team,4,Downwind,27.283,-23.555,14.143,-149.695,203.071,14.466,161.206,11.685,68.426,70.892,357.557,none,port,1.872
2026-05-21 10:47:16,Boat-3,Northern Reach Sailing,4,Downwind,30.277,-29.311,13.775,165.491,203.79,14.771,191.749,9.408,70.615,-189.711,341.246,none,starboard,1.876
2026-05-21 10:47:16,Boat-4,Blue Horizon GP,4,Downwind,27.523,-25.103,14.065,155.796,202.456,14.065,196.923,12.535,64.842,-180.056,345.143,none,starboard,1.914
2026-05-21 10:47:16,Boat-5,Straitline Performance,4,Downwind,23.239,-21.921,13.904,160.616,202.168,14.68,198.273,6.423,68.298,-136.111,355.306,none,starboard,1.908
2026-05-21 10:47:18,Boat-1,Apex Wave Racing,4,Downwind,27.17,-22.461,14.594,-145.76,200.915,16.846,163.012,12.03,71.638,47.903,336.574,none,port,2.004
2026-05-21 10:47:18,Boat-2,Harbor Velocity Team,4,Downwind,27.405,-20.346,15.054,-137.94,201.175,16.46,165.717,10.32,66.501,76.419,338.7,none,port,2.113
2026-05-21 10:47:18,Boat-3,Northern Reach Sailing,4,Downwind,29.41,-28.511,14.686,165.802,201.359,16.679,202.333,8.816,69.461,-194.311,328.33,none,starboard,2.073
2026-05-21 10:47:18,Boat-4,Blue Horizon GP,4,Downwind,27.547,-24.575,14.718,153.14,202.873,16.799,198.927,11.551,64.227,-184.943,339.488,none,starboard,2.136
2026-05-21 10:47:18,Boat-5,Straitline Performance,4,Downwind,23.722,-21.149,14.18,153.068,200.808,16.884,191.449,9.719,62.422,-140.848,333.91,none,starboard,2.05
2026-05-21 10:47:20,Boat-1,Apex Wave Racing,4,Downwind,26.829,-19.073,13.807,-135.309,201.227,14.95,162.576,12.637,71.292,52.86,313.095,none,port,2.025
2026-05-21 10:47:20,Boat-2,Harbor Velocity Team,4,Downwind,26.825,-21.238,14.051,-142.347,202.158,15.669,168.511,11.661,69.696,81.974,314.028,none,port,2.153
2026-05-21 10:47:20,Boat-3,Northern Reach Sailing,4,Downwind,28.64,-27.317,13.707,162.514,201.859,15.358,195.183,10.241,70.815,-198.872,318.947,none,starboard,2.078
2026-05-21 10:47:20,Boat-4,Blue Horizon GP,4,Downwind,27.508,-24.815,14.1,154.436,201.012,15.959,191.874,13.102,62.315,-189.779,316.789,none,starboard,2.035
2026-05-21 10:47:20,Boat-5,Straitline Performance,4,Downwind,23.478,-21.34,13.835,155.357,201.15,15.471,201.481,8.284,62.214,-145.54,308.75,none,starboard,2.092
2026-05-21 10:47:22,Boat-1,Apex Wave Racing,4,Downwind,27.202,-21.328,14.412,-141.634,203.598,15.69,160.301,14.18,69.749,57.862,304.843,none,port,2.159
2026-05-21 10:47:22,Boat-2,Harbor Velocity Team,4,Downwind,27.604,-23.904,14.482,-149.994,201.995,15.962,163.738,10.19,65.588,87.556,283.902,none,port,2.061
2026-05-21 10:47:22,Boat-3,Northern Reach Sailing,4,Downwind,28.814,-27.048,14.356,159.837,201.136,15.416,194.04,9.528,69.376,-203.397,294.847,none,starboard,2.085
2026-05-21 10:47:22,Boat-4,Blue Horizon GP,4,Downwind,27.167,-24.618,14.261,154.982,200.32,16.184,202.3,12.027,66.892,-194.564,293.73,none,starboard,2.1
2026-05-21 10:47:22,Boat-5,Straitline Performance,4,Downwind,22.864,-21.496,14.451,160.077,201.66,16.095,197.251,7.03,64.257,-150.189,310.174,none,starboard,2.074
2026-05-21 10:47:24,Boat-1,Apex Wave Racing,4,Downwind,28.44,-23.786,14.72,-146.758,201.585,15.898,167.546,12.727,71.76,62.906,285.038,none,port,1.989
2026-05-21 10:47:24,Boat-2,Harbor Velocity Team,4,Downwind,27.207,-23.107,14.199,-148.136,200.042,16.198,155.998,9.94,68.805,93.163,275.668,none,port,1.979
2026-05-21 10:47:24,Boat-3,Northern Reach Sailing,4,Downwind,30.222,-27.323,13.992,154.699,202.376,16.435,195.698,8.865,72.524,-207.89,282.885,none,starboard,2.008
2026-05-21 10:47:24,Boat-4,Blue Horizon GP,4,Downwind,27.085,-24.411,14.622,154.324,202.029,15.708,198.561,12.604,65.2,-199.302,293.568,none,starboard,2.003
2026-05-21 10:47:24,Boat-5,Straitline Performance,4,Downwind,23.459,-22.286,15.075,161.805,202.521,15.802,189.388,9.522,63.728,-154.796,278.945,none,starboard,2.084
2026-05-21 10:47:26,Boat-1,Apex Wave Racing,4,Downwind,27.338,-20.949,13.922,-140.022,200.321,14.903,167.911,13.673,73.76,67.991,258.981,none,port,1.903
2026-05-21 10:47:26,Boat-2,Harbor Velocity Team,4,Downwind,27.166,-22.76,13.896,-146.91,201.946,14.583,161.308,11.427,67.625,98.794,258.665,none,port,1.968
2026-05-21 10:47:26,Boat-3,Northern Reach Sailing,4,Downwind,29.397,-27.261,13.955,158.027,200.308,14.337,189.958,9.094,69.941,-212.352,262.986,none,starboard,1.899
2026-05-21 10:47:26,Boat-4,Blue Horizon GP,4,Downwind,27.589,-25.313,14.085,156.561,202.174,14.846,188.144,12.347,64.671,-203.995,265.645,none,starboard,1.918
2026-05-21 10:47:26,Boat-5,Straitline Performance,4,Downwind,23.109,-22.596,14.064,167.913,202.66,14.717,193.302,9.953,65.659,-159.362,254.692,none,starboard,1.981
2026-05-21 10:47:28,Boat-1,Apex Wave Racing,4,Downwind,27.999,-21.148,14.152,-139.053,201.017,16.081,163.456,13.212,71.43,73.116,237.366,none,port,2.098
2026-05-21 10:47:28,Boat-2,Harbor Velocity Team,4,Downwind,27.142,-23.313,14.154,-149.196,199.99,15.938,164.911,10.163,67.555,104.446,242.32,none,port,2.17
2026-05-21 10:47:28,Boat-3,Northern Reach Sailing,4,Downwind,29.043,-26.64,14.313,156.528,201.01,15.716,194.998,8.924,74.095,-216.786,232.213,none,starboard,2.141
2026-05-21 10:47:28,Boat-4,Blue Horizon GP,4,Downwind,28.147,-25.39,14.546,154.426,201.934,15.915,191.204,11.673,65.122,-208.645,228.285,none,starboard,2.122
2026-05-21 10:47:28,Boat-5,Straitline Performance,4,Downwind,23.817,-22.682,14.566,162.236,200.555,15.328,193.046,8.768,65.792,-163.89,240.477,none,starboard,2.118
2026-05-21 10:47:30,Boat-1,Apex Wave Racing,4,Downwind,27.484,-19.794,14.269,-136.07,199.814,15.501,164.039,12.572,71.608,78.279,224.348,none,port,2.241
2026-05-21 10:47:30,Boat-2,Harbor Velocity Team,4,Downwind,28.125,-21.162,14.531,-138.801,201.101,15.824,159.869,10.608,68.666,110.117,216.669,none,port,2.167
2026-05-21 10:47:30,Boat-3,Northern Reach Sailing,4,Downwind,29.279,-27.352,14.392,159.101,199.526,15.876,193.51,9.555,71.017,-221.196,229.974,none,starboard,2.316
2026-05-21 10:47:30,Boat-4,Blue Horizon GP,4,Downwind,27.99,-25.726,14.564,156.797,201.716,15.741,229.411,11.711,61.133,-213.254,218.896,none,starboard,2.195
2026-05-21 10:47:30,Boat-5,Straitline Performance,4,Downwind,23.671,-22.361,14.354,160.853,201.909,15.878,191.196,9.241,61.899,-168.382,215.764,none,starboard,2.151
2026-05-21 10:47:32,Boat-1,Apex Wave Racing,4,Downwind,28.26,-22.715,14.198,-143.496,200.565,16.131,159.95,13.033,71.778,83.477,201.138,none,port,2.13
2026-05-21 10:47:32,Boat-2,Harbor Velocity Team,4,Downwind,27.137,-22.951,14.77,-147.752,201.724,15.275,160.242,11.368,67.204,115.805,211.333,none,port,2.099
2026-05-21 10:47:32,Boat-3,Northern Reach Sailing,4,Downwind,29.738,-27.953,14.872,160.047,202.334,15.661,190.011,9.051,67.77,-225.584,195.596,none,starboard,2.113
2026-05-21 10:47:32,Boat-4,Blue Horizon GP,4,Downwind,28.274,-26.795,14.648,161.386,201.324,16.025,192.502,11.11,63.355,-217.827,220.418,none,starboard,2.06
2026-05-21 10:47:32,Boat-5,Straitline Performance,4,Downwind,23.655,-22.451,14.757,161.642,200.112,15.368,194.627,9.187,62.739,-172.839,195.266,none,starboard,1.967
2026-05-21 10:47:34,Boat-1,Apex Wave Racing,4,Downwind,27.478,-20.221,14.114,-137.382,203.038,15.615,163.298,14.12,68.139,88.71,195.763,none,port,2.05
2026-05-21 10:47:34,Boat-2,Harbor Velocity Team,4,Downwind,27.269,-23.285,14.326,-148.638,200.738,16.11,167.475,11.166,69.214,121.508,184.956,none,port,2.026
2026-05-21 10:47:34,Boat-3,Northern Reach Sailing,4,Downwind,29.421,-26.212,14.166,152.989,202.913,16.396,198.003,8.927,73.505,-229.953,180.368,none,starboard,2.086
2026-05-21 10:47:34,Boat-4,Blue Horizon GP,4,Downwind,27.605,-24.229,14.381,151.366,201.774,16.105,189.553,11.19,61.557,-222.365,177.808,none,starboard,2.079
2026-05-21 10:47:34,Boat-5,Straitline Performance,4,Downwind,23.922,-22.674,13.987,161.412,201.604,16.399,195.618,6.615,62.42,-177.264,181.731,none,starboard,2.127
2026-05-21 10:47:36,Boat-1,Apex Wave Racing,4,Downwind,28.258,-21.523,15.065,-139.611,201.404,15.565,168.39,12.868,71.547,93.976,166.15,none,port,2.204
2026-05-21 10:47:36,Boat-2,Harbor Velocity Team,4,Downwind,27.068,-21.604,14.989,-142.952,201.652,15.945,164.139,11.574,68.539,127.224,159.931,none,port,2.28
2026-05-21 10:47:36,Boat-3,Northern Reach Sailing,4,Downwind,29.808,-28.875,14.864,165.624,202.563,15.882,202.662,8.553,71.931,-234.306,168.757,none,starboard,2.293
2026-05-21 10:47:36,Boat-4,Blue Horizon GP,4,Downwind,27.429,-25.248,15.606,156.995,201.978,15.606,202.731,9.448,64.549,-226.871,166.68,none,starboard,2.263
2026-05-21 10:47:36,Boat-5,Straitline Performance,4,Downwind,22.877,-21.291,14.954,158.541,202.61,15.699,192.519,10.047,65.387,-181.659,163.717,none,starboard,2.261
2026-05-21 10:47:38,Boat-1,Apex Wave Racing,4,Downwind,28.341,-20.335,15.122,-135.85,203.57,16.387,165.332,14.835,69.045,99.271,144.362,none,port,2.148
2026-05-21 10:47:38,Boat-2,Harbor Velocity Team,4,Downwind,27.996,-25.12,14.831,-153.802,201.563,16.607,146.056,5.616,67.369,132.951,144.681,none,port,2.121
2026-05-21 10:47:38,Boat-3,Northern Reach Sailing,4,Downwind,30.574,-29.178,15.072,162.622,202.384,16.35,190.726,9.246,70.74,-238.646,159.547,none,starboard,2.053
2026-05-21 10:47:38,Boat-4,Blue Horizon GP,4,Downwind,27.315,-24.688,14.742,154.662,201.973,16.633,195.215,11.085,64.762,-231.349,156.364,none,starboard,2.093
2026-05-21 10:47:38,Boat-5,Straitline Performance,4,Downwind,23.519,-22.596,15.003,163.896,201.416,15.993,198.822,9.969,64.789,-186.025,142.272,none,starboard,2.146
2026-05-21 10:47:40,Boat-1,Apex Wave Racing,4,Downwind,29.259,-23.986,14.318,-145.062,201.33,15.967,165.889,13.147,69.65,104.594,125.584,none,port,1.986
2026-05-21 10:47:40,Boat-2,Harbor Velocity Team,4,Downwind,27.349,-22.613,14.379,-145.774,200.532,15.683,158.486,10.586,70.626,138.686,142.902,none,port,2.02
2026-05-21 10:47:40,Boat-3,Northern Reach Sailing,4,Downwind,29.208,-27.835,14.691,162.364,202.358,15.981,190.417,7.799,71.136,-242.977,122.979,none,starboard,2.201
2026-05-21 10:47:40,Boat-4,Blue Horizon GP,4,Downwind,28.271,-26.145,14.162,157.638,204.302,15.832,192.527,11.74,64.361,-235.801,133.845,none,starboard,2.132
2026-05-21 10:47:40,Boat-5,Straitline Performance,4,Downwind,23.394,-21.94,14.104,159.695,202.882,15.574,193.273,10.902,63.294,-190.366,138.172,none,starboard,2.07
2026-05-21 10:47:42,Boat-1,Apex Wave Racing,4,Downwind,28.762,-23.191,15.227,-143.735,201.396,15.227,160.145,12.615,74.465,109.942,101.91,none,port,2.262
2026-05-21 10:47:42,Boat-2,Harbor Velocity Team,4,Downwind,27.549,-20.437,14.724,-137.89,202.061,15.672,165.088,10.989,68.751,144.427,115.567,none,port,2.138
2026-05-21 10:47:42,Boat-3,Northern Reach Sailing,4,Downwind,30.072,-27.943,14.636,158.309,202.206,14.983,196.587,9.447,68.007,-247.301,112.467,none,starboard,2.141
2026-05-21 10:47:42,Boat-4,Blue Horizon GP,4,Downwind,26.977,-24.93,14.741,157.538,200.423,14.741,193.674,12.634,66.211,-240.231,116.385,none,starboard,2.134
2026-05-21 10:47:42,Boat-5,Straitline Performance,4,Downwind,24.001,-22.688,14.933,160.959,202.357,15.109,189.361,8.527,64.418,-194.684,105.566,none,starboard,2.204
2026-05-21 10:47:44,Boat-1,Apex Wave Racing,4,Downwind,28.234,-21.571,15.093,-139.82,202.195,17.422,162.456,12.968,70.339,115.314,95.897,none,port,2.473
2026-05-21 10:47:44,Boat-2,Harbor Velocity Team,4,Downwind,27.771,-23.126,15.463,-146.384,200.65,17.44,166.778,10.063,69.586,150.173,99.769,none,port,2.324
2026-05-21 10:47:44,Boat-3,Northern Reach Sailing,4,Downwind,29.972,-28.881,15.33,164.488,202.166,17.026,194.433,7.057,67.065,-251.622,93.953,none,starboard,2.451
2026-05-21 10:47:44,Boat-4,Blue Horizon GP,4,Downwind,28.68,-26.695,15.139,158.557,205.039,17.337,191.752,12.263,61.722,-244.643,97.505,none,starboard,2.291
2026-05-21 10:47:44,Boat-5,Straitline Performance,4,Downwind,24.306,-23.306,15.391,163.506,201.756,17.089,192.126,7.626,62.204,-198.981,85.913,none,starboard,2.402
2026-05-21 10:47:46,Boat-1,Apex Wave Racing,4,Downwind,28.926,-20.848,15.245,-136.115,198.49,15.809,161.877,13.15,69.534,120.707,67.86,none,port,2.228
2026-05-21 10:47:46,Boat-2,Harbor Velocity Team,4,Downwind,27.96,-22.256,14.862,-142.75,203.947,15.518,166.834,10.998,70.831,155.92,66.653,none,port,2.372
2026-05-21 10:47:46,Boat-3,Northern Reach Sailing,4,Downwind,29.788,-27.761,15.11,158.739,202.177,15.455,196.101,10.201,70.029,-255.943,78.891,none,starboard,2.464
2026-05-21 10:47:46,Boat-4,Blue Horizon GP,4,Downwind,27.802,-24.547,15.62,151.999,200.047,15.62,190.44,11.712,62.981,-249.038,74.051,none,starboard,2.348
2026-05-21 10:47:46,Boat-5,Straitline Performance,4,Downwind,24.053,-21.812,15.154,155.07,201.155,15.799,192.226,10.794,62.821,-203.26,65.651,none,starboard,2.36
2026-05-21 10:47:48,Boat-1,Apex Wave Racing,4,Downwind,29.349,-24.039,13.942,-144.992,201.764,15.489,164.88,11.051,72.556,126.117,62.887,none,port,1.995
2026-05-21 10:47:48,Boat-2,Harbor Velocity Team,4,Downwind,27.362,-23.446,14.605,-148.97,201.418,14.892,161.556,10.151,70.765,161.666,50.636,none,port,1.99
2026-05-21 10:47:48,Boat-3,Northern Reach Sailing,4,Downwind,30.35,-28.399,14.163,159.345,200.817,15.672,190.987,9.574,72.301,-260.267,64.005,none,starboard,1.913
2026-05-21 10:47:48,Boat-4,Blue Horizon GP,4,Downwind,28.692,-25.144,13.873,151.202,201.963,15.594,194.415,11.375,64.782,-253.421,49.859,none,starboard,2.023
2026-05-21 10:47:48,Boat-5,Straitline Performance,4,Downwind,23.232,-21.56,14.003,158.127,200.951,15.102,201.618,9.69,61.701,-207.523,46.489,none,starboard,1.982
2026-05-21 10:47:50,Boat-1,Apex Wave Racing,4,Downwind,27.839,-20.92,14.588,-138.716,201.329,16.074,166.004,12.714,69.082,131.544,27.75,none,port,2.002
2026-05-21 10:47:50,Boat-2,Harbor Velocity Team,4,Downwind,26.918,-22.558,14.374,-146.934,200.095,16.527,159.592,10.731,69.336,167.409,32.202,none,port,1.98
2026-05-21 10:47:50,Boat-3,Northern Reach Sailing,4,Downwind,29.302,-27.277,14.376,158.574,201.163,16.418,192.739,10.738,70.662,-264.597,34.316,none,starboard,2.111
2026-05-21 10:47:50,Boat-4,Blue Horizon GP,4,Downwind,27.917,-25.311,14.2,155.043,200.069,16.259,194.336,11.568,64.575,-257.796,39.98,none,starboard,2.081
2026-05-21 10:47:50,Boat-5,Straitline Performance,4,Downwind,24.124,-23.093,14.161,163.19,199.779,16.554,197.959,9.661,64.182,-211.774,44.168,none,starboard,1.989
2026-05-21 10:47:52,Boat-1,Apex Wave Racing,4,Downwind,28.544,-20.629,15.731,-136.277,203.001,16.32,151.063,13.221,70.104,136.984,19.291,none,port,2.285
2026-05-21 10:47:52,Boat-2,Harbor Velocity Team,4,Downwind,28.465,-22.779,15.359,-143.153,200.283,16.002,161.059,10.088,67.983,173.147,19.777,none,port,2.229
2026-05-21 10:47:52,Boat-3,Northern Reach Sailing,4,Downwind,29.187,-27.181,15.347,158.634,201.443,16.229,199.168,7.987,73.041,-268.937,25.655,none,starboard,2.284
2026-05-21 10:47:52,Boat-4,Blue Horizon GP,4,Downwind,28.6,-26.307,15.254,156.899,201.703,16.566,191.393,10.625,62.048,-262.164,15.649,none,starboard,2.372
2026-05-21 10:47:52,Boat-5,Straitline Performance,4,Downwind,24.289,-22.659,15.12,158.888,199.941,16.217,192.155,8.483,64.319,-216.014,20.295,none,starboard,2.32
2026-05-21 10:47:54,Boat-1,Apex Wave Racing,4,Downwind,28.452,-19.803,13.899,-134.109,202.722,14.823,154.128,12.757,72.713,142.435,8.052,none,port,1.987
2026-05-21 10:47:54,Boat-2,Harbor Velocity Team,4,Downwind,27.15,-23.532,14.52,-150.084,202.923,15.511,164.733,11.3,65.942,178.878,-1.218,none,port,2.035
2026-05-21 10:47:54,Boat-3,Northern Reach Sailing,4,Downwind,30.224,-27.65,14.418,156.182,201.291,15.127,194.911,10.434,72.242,-273.289,9.312,none,starboard,1.979
2026-05-21 10:47:54,Boat-4,Blue Horizon GP,4,Downwind,29.288,-27.645,14.656,160.716,202.741,14.985,192.931,9.179,66.229,-266.531,-3.369,none,starboard,2.022
2026-05-21 10:47:54,Boat-5,Straitline Performance,4,Downwind,23.413,-22.634,14.26,165.18,202.755,15.141,195.308,8.898,62.276,-220.246,4.832,none,starboard,2.036
2026-05-21 10:47:56,Boat-1,Apex Wave Racing,5,Upwind,21.378,16.658,14.654,-38.812,201.03,15.093,355.153,15.846,77.075,144.279,13.274,none,port,2.155
2026-05-21 10:47:56,Boat-2,Harbor Velocity Team,5,Upwind,20.907,17.25,14.486,-34.405,202.156,15.143,348.303,20.475,69.974,181.124,3.782,none,port,2.099
2026-05-21 10:47:56,Boat-3,Northern Reach Sailing,5,Upwind,20.762,16.314,14.215,38.212,201.44,15.148,49.893,14.836,79.35,-284.333,12.554,none,starboard,2.119
2026-05-21 10:47:56,Boat-4,Blue Horizon GP,5,Upwind,20.2,13.933,14.354,46.388,200.921,15.239,11.934,19.503,70.853,-269.288,-5.088,none,starboard,2.09
2026-05-21 10:47:56,Boat-5,Straitline Performance,5,Upwind,22.782,18.777,14.397,34.491,201.5,14.848,22.718,18.31,73.999,-224.734,11.041,none,starboard,2.082
2026-05-21 10:47:58,Boat-1,Apex Wave Racing,5,Upwind,20.928,17.505,14.432,-33.235,198.781,16.626,356.208,13.133,76.881,143.453,23.018,none,port,2.094
2026-05-21 10:47:58,Boat-2,Harbor Velocity Team,5,Upwind,22.885,18.079,14.816,-37.815,201.365,16.296,351.344,19.501,72.274,178.169,18.055,none,port,2.012
2026-05-21 10:47:58,Boat-3,Northern Reach Sailing,5,Upwind,21.375,16.2,14.618,40.723,201.666,16.612,22.359,13.008,77.628,-278.086,17.815,none,starboard,2.058
2026-05-21 10:47:58,Boat-4,Blue Horizon GP,5,Upwind,20.846,14.605,14.515,45.525,202.614,17.067,21.172,16.961,71.324,-263.544,22.086,none,starboard,2.086
2026-05-21 10:47:58,Boat-5,Straitline Performance,5,Upwind,23.767,19.017,14.582,36.859,200.714,15.986,13.761,18.653,71.433,-219.286,24.053,none,starboard,2.107
2026-05-21 10:48:00,Boat-1,Apex Wave Racing,5,Upwind,22.214,18.364,15.185,-34.243,202.088,15.738,357.827,14.379,77.374,142.616,38.379,none,port,2.011
2026-05-21 10:48:00,Boat-2,Harbor Velocity Team,5,Upwind,21.421,16.597,14.847,-39.213,202.815,15.044,349.472,21.341,72.386,175.205,42.663,none,port,2.195
2026-05-21 10:48:00,Boat-3,Northern Reach Sailing,5,Upwind,21.129,15.46,14.319,42.97,201.58,14.863,14.606,15.391,78.091,-271.814,42.988,none,starboard,2.094
2026-05-21 10:48:00,Boat-4,Blue Horizon GP,5,Upwind,20.825,15.161,15.259,43.281,200.5,15.428,21.2,18.854,69.513,-257.799,24.576,none,starboard,2.092
2026-05-21 10:48:00,Boat-5,Straitline Performance,5,Upwind,23.944,18.971,14.579,37.595,202.353,14.902,16.771,19.88,75.415,-213.831,55.561,none,starboard,2.121
2026-05-21 10:48:02,Boat-1,Apex Wave Racing,5,Upwind,21.108,18.282,15.205,-29.989,202.769,16.586,358.014,14.121,79.21,141.761,67.612,none,port,1.921
2026-05-21 10:48:02,Boat-2,Harbor Velocity Team,5,Upwind,21.367,19.001,15.008,-27.218,201.899,16.627,352.458,17.079,74.035,172.23,50.011,none,port,2.144
2026-05-21 10:48:02,Boat-3,Northern Reach Sailing,5,Upwind,20.709,14.907,14.831,43.958,201.562,16.914,15.819,14.821,77.97,-265.522,66.03,none,starboard,2.065
2026-05-21 10:48:02,Boat-4,Blue Horizon GP,5,Upwind,20.872,15.645,14.732,41.446,201.727,16.629,14.417,16.894,69.228,-252.055,51.706,none,starboard,2.056
2026-05-21 10:48:02,Boat-5,Straitline Performance,5,Upwind,24.583,20.314,14.65,34.274,202.555,16.763,18.561,16.812,76.24,-208.373,60.265,none,starboard,2.026
2026-05-21 10:48:04,Boat-1,Apex Wave Racing,5,Upwind,21.609,17.52,14.377,-35.829,200.854,15.664,357.375,14.384,74.807,140.883,88.345,none,port,2.149
2026-05-21 10:48:04,Boat-2,Harbor Velocity Team,5,Upwind,22.072,18.487,14.747,-33.114,200.79,15.694,347.889,20.123,69.937,169.242,87.704,none,port,2.186
2026-05-21 10:48:04,Boat-3,Northern Reach Sailing,5,Upwind,21.361,15.583,14.77,43.153,201.368,15.862,19.755,17.145,75.766,-259.215,87.454,none,starboard,2.175
2026-05-21 10:48:04,Boat-4,Blue Horizon GP,5,Upwind,21.605,15.267,15.116,45.036,200.42,16.4,23.4,17.917,71.407,-246.319,69.231,none,starboard,2.314
2026-05-21 10:48:04,Boat-5,Straitline Performance,5,Upwind,24.291,19.521,14.471,36.52,201.697,15.71,14.03,17.909,76.209,-202.918,88.063,none,starboard,2.246
2026-05-21 10:48:06,Boat-1,Apex Wave Racing,5,Upwind,21.828,17.915,14.554,-34.843,201.305,14.797,356.663,14.993,76.257,139.975,106.557,none,port,2.099
2026-05-21 10:48:06,Boat-2,Harbor Velocity Team,5,Upwind,21.18,16.936,14.431,-36.906,202.21,15.704,331.212,17.074,72.049,166.237,77.938,none,port,2.044
2026-05-21 10:48:06,Boat-3,Northern Reach Sailing,5,Upwind,21.171,16.611,14.639,38.316,201.195,15.424,20.373,15.455,80.652,-252.899,101.176,none,starboard,1.978
2026-05-21 10:48:06,Boat-4,Blue Horizon GP,5,Upwind,21.297,13.792,14.798,49.639,201.645,14.798,18.119,17.447,70.312,-240.595,78.188,none,starboard,2.043
2026-05-21 10:48:06,Boat-5,Straitline Performance,5,Upwind,23.54,17.716,14.56,41.185,202.164,14.999,15.932,17.156,73.476,-197.47,103.9,none,starboard,2.143
2026-05-21 10:48:08,Boat-1,Apex Wave Racing,5,Upwind,21.195,18.252,14.707,-30.551,202.733,16.055,356.485,14.84,77.995,139.033,120.074,none,port,2.242
2026-05-21 10:48:08,Boat-2,Harbor Velocity Team,5,Upwind,21.66,18.235,14.928,-32.663,201.977,15.684,354.466,18.746,67.745,163.215,98.672,none,port,2.257
2026-05-21 10:48:08,Boat-3,Northern Reach Sailing,5,Upwind,20.939,15.403,14.696,42.644,203.169,15.551,24.041,14.63,79.397,-246.58,121.479,none,starboard,2.194
2026-05-21 10:48:08,Boat-4,Blue Horizon GP,5,Upwind,20.841,13.751,14.679,48.715,200.583,14.965,12.391,18.388,71.007,-234.889,104.162,none,starboard,2.183
2026-05-21 10:48:08,Boat-5,Straitline Performance,5,Upwind,24.682,20.502,14.578,33.838,202.774,16.018,13.9,17.457,75.227,-192.034,126.19,none,starboard,2.265
2026-05-21 10:48:10,Boat-1,Apex Wave Racing,5,Upwind,21.076,17.401,14.357,-34.349,199.831,15.439,357.046,14.902,77.627,138.049,137.913,none,port,2.096
2026-05-21 10:48:10,Boat-2,Harbor Velocity Team,5,Upwind,22.464,20.023,14.255,-26.962,202.813,15.317,353.224,17.45,72.299,160.172,140.537,none,port,1.993
2026-05-21 10:48:10,Boat-3,Northern Reach Sailing,5,Upwind,20.673,15.344,14.561,42.08,201.784,15.427,23.732,13.328,76.981,-240.262,129.507,none,starboard,2.078
2026-05-21 10:48:10,Boat-4,Blue Horizon GP,5,Upwind,21.133,15.152,14.802,44.194,202.588,15.046,20.576,17.781,70.763,-229.205,130.036,none,starboard,2.022
2026-05-21 10:48:10,Boat-5,Straitline Performance,5,Upwind,23.55,17.974,14.963,40.251,201.699,16.024,37.913,18.792,75.676,-186.615,147.765,none,starboard,2.047
2026-05-21 10:48:12,Boat-1,Apex Wave Racing,5,Upwind,22.163,17.534,15.766,-37.704,200.189,17.611,356.822,14.601,77.802,137.019,159.098,none,port,2.349
2026-05-21 10:48:12,Boat-2,Harbor Velocity Team,5,Upwind,22.618,19.152,15.684,-32.139,202.557,17.195,347.208,18.048,68.628,157.106,150.081,none,port,2.445
2026-05-21 10:48:12,Boat-3,Northern Reach Sailing,5,Upwind,21.911,17.219,15.199,38.202,201.504,17.807,15.631,15.661,78.673,-233.951,150.203,none,starboard,2.401
2026-05-21 10:48:12,Boat-4,Blue Horizon GP,5,Upwind,22.311,16.015,16.081,44.126,202.119,17.718,14.664,19.992,72.002,-223.548,134.373,none,starboard,2.373
2026-05-21 10:48:12,Boat-5,Straitline Performance,5,Upwind,24.432,20.266,15.646,33.957,201.151,17.458,23.347,18.696,75.49,-181.218,140.077,none,starboard,2.386
2026-05-21 10:48:14,Boat-1,Apex Wave Racing,5,Upwind,21.959,19.799,14.967,-25.625,201.46,17.661,356.558,13.076,81.582,135.937,175.956,none,port,2.341
2026-05-21 10:48:14,Boat-2,Harbor Velocity Team,5,Upwind,22.112,16.07,14.984,-43.384,201.591,16.948,350.398,18.879,69.326,154.015,167.65,none,port,2.373
2026-05-21 10:48:14,Boat-3,Northern Reach Sailing,5,Upwind,21.953,17.058,15.439,39.012,201.002,16.665,15.05,15.832,80.039,-227.654,174.568,none,starboard,2.421
2026-05-21 10:48:14,Boat-4,Blue Horizon GP,5,Upwind,21.3,15.352,15.248,43.883,201.084,16.777,12.474,18.575,70.493,-217.923,173.151,none,starboard,2.422
2026-05-21 10:48:14,Boat-5,Straitline Performance,5,Upwind,24.581,18.31,14.594,41.852,200.931,16.276,12.466,17.818,73.383,-175.848,172.71,none,starboard,2.378
2026-05-21 10:48:16,Boat-1,Apex Wave Racing,5,Upwind,21.162,16.766,15.188,-37.605,201.004,15.701,356.292,15.867,77.978,134.797,196.038,none,port,2.15
2026-05-21 10:48:16,Boat-2,Harbor Velocity Team,5,Upwind,22.362,20.195,15.043,-25.434,201.312,15.42,350.784,17.045,71.573,150.898,186.777,none,port,2.251
2026-05-21 10:48:16,Boat-3,Northern Reach Sailing,5,Upwind,22.0,16.146,15.158,42.787,201.383,15.689,17.876,15.222,78.435,-221.375,196.978,none,starboard,2.201
2026-05-21 10:48:16,Boat-4,Blue Horizon GP,5,Upwind,21.52,15.511,15.23,43.883,203.031,15.265,20.634,18.774,70.62,-212.334,185.064,none,starboard,2.201
2026-05-21 10:48:16,Boat-5,Straitline Performance,5,Upwind,25.134,21.06,15.272,33.082,201.552,15.723,16.547,16.294,75.477,-170.509,188.517,none,starboard,2.164
2026-05-21 10:48:18,Boat-1,Apex Wave Racing,5,Upwind,21.261,17.572,14.799,-34.259,201.542,15.475,356.367,14.852,78.798,133.594,212.097,none,port,2.003
2026-05-21 10:48:18,Boat-2,Harbor Velocity Team,5,Upwind,22.155,16.899,14.863,-40.289,201.868,15.669,350.058,17.888,69.924,147.752,206.254,none,port,1.96
2026-05-21 10:48:18,Boat-3,Northern Reach Sailing,5,Upwind,21.346,15.071,14.633,45.088,201.16,16.24,24.568,16.225,80.908,-215.119,213.432,none,starboard,1.97
2026-05-21 10:48:18,Boat-4,Blue Horizon GP,5,Upwind,21.725,15.014,14.622,46.284,200.814,15.647,18.097,17.419,68.161,-206.786,202.725,none,starboard,2.049
2026-05-21 10:48:18,Boat-5,Straitline Performance,5,Upwind,25.386,20.895,15.224,34.605,203.554,15.24,16.844,17.694,73.954,-165.206,208.527,none,starboard,1.942
2026-05-21 10:48:20,Boat-1,Apex Wave Racing,5,Upwind,20.705,17.384,14.93,-32.901,200.432,15.679,353.791,13.375,76.373,132.324,234.988,none,port,2.295
2026-05-21 10:48:20,Boat-2,Harbor Velocity Team,5,Upwind,22.465,18.432,15.24,-34.867,202.222,15.969,346.318,18.271,69.748,144.575,222.852,none,port,2.278
2026-05-21 10:48:20,Boat-3,Northern Reach Sailing,5,Upwind,21.97,18.092,15.252,34.566,202.664,15.698,20.316,14.431,83.315,-208.893,224.28,none,starboard,2.242
2026-05-21 10:48:20,Boat-4,Blue Horizon GP,5,Upwind,21.583,14.21,14.632,48.824,201.783,15.365,22.11,19.469,71.276,-201.285,218.876,none,starboard,2.278
2026-05-21 10:48:20,Boat-5,Straitline Performance,5,Upwind,25.083,18.964,14.871,40.882,201.604,15.333,17.97,17.27,72.103,-159.944,223.412,none,starboard,2.353
2026-05-21 10:48:22,Boat-1,Apex Wave Racing,5,Upwind,22.17,18.559,14.787,-33.162,202.104,16.465,354.741,14.221,75.186,130.981,236.118,none,port,2.039
2026-05-21 10:48:22,Boat-2,Harbor Velocity Team,5,Upwind,22.142,17.465,15.058,-37.927,202.4,16.874,350.973,19.075,70.186,141.365,232.49,none,port,2.141
2026-05-21 10:48:22,Boat-3,Northern Reach Sailing,5,Upwind,21.256,14.778,14.991,45.956,201.039,16.42,13.03,16.758,78.101,-202.701,246.975,none,starboard,2.097
2026-05-21 10:48:22,Boat-4,Blue Horizon GP,5,Upwind,21.255,12.85,14.136,52.801,201.192,16.385,18.5,20.686,71.438,-195.833,229.689,none,starboard,2.058
2026-05-21 10:48:22,Boat-5,Straitline Performance,5,Upwind,24.441,18.438,14.637,41.028,202.264,16.882,17.991,17.556,76.409,-154.727,240.836,none,starboard,2.175
2026-05-21 10:48:24,Boat-1,Apex Wave Racing,5,Upwind,21.628,17.788,13.937,-34.671,201.659,14.525,355.664,12.792,76.212,129.56,265.009,none,port,2.042
2026-05-21 10:48:24,Boat-2,Harbor Velocity Team,5,Upwind,22.075,17.716,14.267,-36.629,202.155,14.267,352.32,20.019,72.132,138.121,263.476,none,port,1.981
2026-05-21 10:48:24,Boat-3,Northern Reach Sailing,5,Upwind,21.293,15.217,14.155,44.386,199.352,14.847,16.17,16.558,77.2,-196.548,277.623,none,starboard,1.987
2026-05-21 10:48:24,Boat-4,Blue Horizon GP,5,Upwind,21.142,15.563,14.13,42.596,202.64,15.109,12.813,19.101,70.984,-190.435,251.303,none,starboard,2.079
2026-05-21 10:48:24,Boat-5,Straitline Performance,5,Upwind,24.682,19.288,14.01,38.606,201.466,14.229,13.955,18.612,75.395,-149.559,255.39,none,starboard,1.962
2026-05-21 10:48:26,Boat-1,Apex Wave Racing,5,Upwind,21.842,17.967,14.412,-34.655,202.533,16.612,355.548,14.569,78.028,128.058,274.661,none,port,2.023
2026-05-21 10:48:26,Boat-2,Harbor Velocity Team,5,Upwind,22.063,18.452,14.126,-33.248,201.829,16.685,350.917,18.88,69.285,134.841,280.871,none,port,2.068
2026-05-21 10:48:26,Boat-3,Northern Reach Sailing,5,Upwind,21.959,16.522,14.743,41.201,201.993,17.163,25.863,13.672,76.596,-190.44,289.259,none,starboard,2.1
2026-05-21 10:48:26,Boat-4,Blue Horizon GP,5,Upwind,21.614,14.607,14.453,47.483,202.636,16.69,16.003,17.31,74.585,-185.095,276.899,none,starboard,1.915
2026-05-21 10:48:26,Boat-5,Straitline Performance,5,Upwind,24.743,20.906,14.696,32.335,201.477,16.644,11.251,17.924,76.266,-144.444,282.216,none,starboard,2.094
2026-05-21 10:48:28,Boat-1,Apex Wave Racing,5,Upwind,21.185,17.392,14.387,-34.821,201.923,15.522,356.778,14.349,77.505,126.47,304.704,none,port,2.05
2026-05-21 10:48:28,Boat-2,Harbor Velocity Team,5,Upwind,22.033,16.623,14.083,-41.021,202.799,15.736,351.512,20.373,70.772,131.523,304.743,none,port,2.148
2026-05-21 10:48:28,Boat-3,Northern Reach Sailing,5,Upwind,21.971,16.892,14.128,39.75,201.395,16.085,25.035,13.799,74.423,-184.382,302.721,none,starboard,2.112
2026-05-21 10:48:28,Boat-4,Blue Horizon GP,5,Upwind,21.947,14.933,14.333,47.124,203.134,16.229,16.322,18.129,71.593,-179.818,288.32,none,starboard,2.096
2026-05-21 10:48:28,Boat-5,Straitline Performance,5,Upwind,24.286,19.603,14.339,36.177,200.735,15.253,17.061,18.58,74.297,-139.387,306.519,none,starboard,2.166
2026-05-21 10:48:30,Boat-1,Apex Wave Racing,5,Upwind,21.48,16.989,14.269,-37.728,201.883,14.524,353.766,14.205,77.482,124.791,332.681,none,port,1.939
2026-05-21 10:48:30,Boat-2,Harbor Velocity Team,5,Upwind,22.935,18.904,14.322,-34.484,200.914,14.84,347.024,17.205,70.256,128.167,325.591,none,port,1.938
2026-05-21 10:48:30,Boat-3,Northern Reach Sailing,5,Upwind,21.184,15.784,14.26,41.832,201.012,15.156,19.927,17.392,80.328,-178.377,315.087,none,starboard,2.03
2026-05-21 10:48:30,Boat-4,Blue Horizon GP,5,Upwind,22.354,16.013,14.538,44.246,201.747,14.675,16.347,18.471,71.081,-174.606,312.719,none,starboard,1.987
2026-05-21 10:48:30,Boat-5,Straitline Performance,5,Upwind,24.51,19.852,13.902,35.909,201.766,14.958,19.485,17.388,76.205,-134.392,314.972,none,starboard,1.918
2026-05-21 10:48:32,Boat-1,Apex Wave Racing,5,Upwind,21.881,19.505,14.557,-26.95,199.821,16.072,352.099,15.502,76.475,123.02,336.288,none,port,2.166
2026-05-21 10:48:32,Boat-2,Harbor Velocity Team,5,Upwind,22.916,19.765,14.658,-30.4,204.139,15.643,336.935,17.924,72.344,124.77,334.053,none,port,2.049
2026-05-21 10:48:32,Boat-3,Northern Reach Sailing,5,Upwind,21.671,16.977,14.991,38.43,202.414,14.991,15.031,16.021,77.715,-172.432,335.683,none,starboard,2.089
2026-05-21 10:48:32,Boat-4,Blue Horizon GP,5,Upwind,21.146,15.728,14.639,41.948,198.156,15.742,14.72,17.602,72.211,-169.464,323.621,none,starboard,2.206
2026-05-21 10:48:32,Boat-5,Straitline Performance,5,Upwind,25.587,21.44,14.499,33.081,200.843,15.931,15.438,18.507,76.967,-129.461,334.575,none,starboard,2.004
2026-05-21 10:48:34,Boat-1,Apex Wave Racing,5,Upwind,22.098,18.152,15.647,-34.771,201.769,16.515,355.173,13.387,76.367,121.15,358.917,none,port,2.354
2026-05-21 10:48:34,Boat-2,Harbor Velocity Team,5,Upwind,22.344,17.852,15.441,-36.969,202.067,15.882,351.641,19.593,72.509,121.332,341.644,none,port,2.288
2026-05-21 10:48:34,Boat-3,Northern Reach Sailing,5,Upwind,22.134,16.966,15.397,39.958,198.221,16.234,14.97,13.949,79.865,-166.55,359.132,none,starboard,2.414
2026-05-21 10:48:34,Boat-4,Blue Horizon GP,5,Upwind,23.015,15.917,16.04,46.243,200.754,16.493,12.084,21.056,75.165,-164.394,351.589,none,starboard,2.277
2026-05-21 10:48:34,Boat-5,Straitline Performance,5,Upwind,25.361,19.929,15.55,38.205,202.629,16.241,16.672,17.923,78.369,-124.598,350.435,none,starboard,2.436
2026-05-21 10:48:36,Boat-1,Apex Wave Racing,5,Upwind,22.264,18.865,14.65,-32.075,201.023,15.635,349.34,15.034,76.547,119.181,381.742,none,port,2.107
2026-05-21 10:48:36,Boat-2,Harbor Velocity Team,5,Upwind,22.276,17.367,15.58,-38.775,200.147,15.58,349.677,19.37,67.969,117.85,381.142,none,port,2.171
2026-05-21 10:48:36,Boat-3,Northern Reach Sailing,5,Upwind,22.656,18.404,14.854,35.676,203.121,15.527,15.841,13.298,80.125,-160.735,379.427,none,starboard,2.244
2026-05-21 10:48:36,Boat-4,Blue Horizon GP,5,Upwind,21.858,13.358,14.96,52.33,203.109,15.966,23.789,18.527,71.84,-159.4,370.627,none,starboard,2.121
2026-05-21 10:48:36,Boat-5,Straitline Performance,5,Upwind,25.985,21.708,15.237,33.342,201.269,15.696,13.328,17.235,76.724,-119.808,366.808,none,starboard,2.142
2026-05-21 10:48:38,Boat-1,Apex Wave Racing,5,Upwind,22.698,18.559,15.404,-35.15,201.308,17.166,351.333,16.76,78.198,117.108,380.392,none,port,2.319
2026-05-21 10:48:38,Boat-2,Harbor Velocity Team,5,Upwind,22.778,18.739,15.613,-34.646,201.695,16.646,345.254,17.835,72.87,114.326,380.105,none,port,2.293
2026-05-21 10:48:38,Boat-3,Northern Reach Sailing,5,Upwind,22.063,18.118,15.607,34.797,202.651,16.952,16.879,15.006,76.57,-154.993,399.863,none,starboard,2.276
2026-05-21 10:48:38,Boat-4,Blue Horizon GP,5,Upwind,22.55,15.602,15.344,46.222,201.134,17.015,16.08,18.478,67.688,-154.485,374.067,none,starboard,2.205
2026-05-21 10:48:38,Boat-5,Straitline Performance,5,Upwind,24.636,20.972,15.441,31.646,201.442,16.694,11.432,16.285,76.025,-115.092,390.562,none,starboard,2.247
2026-05-21 10:48:40,Boat-1,Apex Wave Racing,5,Upwind,23.466,19.172,15.225,-35.216,202.555,16.061,355.261,15.656,78.369,114.93,409.631,none,port,2.344
2026-05-21 10:48:40,Boat-2,Harbor Velocity Team,5,Upwind,23.811,19.432,15.431,-35.303,202.252,16.004,350.367,19.683,70.028,110.756,408.096,none,port,2.29
2026-05-21 10:48:40,Boat-3,Northern Reach Sailing,5,Upwind,22.471,14.966,15.321,48.241,200.711,16.426,20.397,14.731,76.783,-149.326,417.029,none,starboard,2.262
2026-05-21 10:48:40,Boat-4,Blue Horizon GP,5,Upwind,21.738,15.966,14.981,42.736,199.293,16.215,14.236,17.642,72.148,-149.652,404.447,none,starboard,2.147
2026-05-21 10:48:40,Boat-5,Straitline Performance,5,Upwind,24.949,21.484,15.221,30.556,201.204,15.696,10.991,15.207,72.992,-110.454,413.064,none,starboard,2.239
2026-05-21 10:48:42,Boat-1,Apex Wave Racing,5,Upwind,22.446,18.263,15.227,-35.548,200.428,15.823,346.954,14.574,75.229,112.643,434.257,none,port,2.193
2026-05-21 10:48:42,Boat-2,Harbor Velocity Team,5,Upwind,22.417,18.101,15.688,-36.151,200.835,15.688,347.042,18.285,71.506,107.142,422.43,none,port,2.169
2026-05-21 10:48:42,Boat-3,Northern Reach Sailing,5,Upwind,22.622,17.137,15.603,40.752,200.724,15.603,19.971,14.958,81.373,-143.738,430.131,none,starboard,2.136
2026-05-21 10:48:42,Boat-4,Blue Horizon GP,5,Upwind,21.526,15.27,15.621,44.815,201.714,15.907,21.801,18.64,70.015,-144.902,411.84,none,starboard,2.172
2026-05-21 10:48:42,Boat-5,Straitline Performance,5,Upwind,25.412,19.016,15.452,41.556,201.628,15.491,19.059,16.613,75.192,-105.896,437.91,none,starboard,2.164
2026-05-21 10:48:44,Boat-1,Apex Wave Racing,5,Upwind,23.009,17.841,15.274,-39.16,202.349,16.164,349.866,13.76,78.243,110.245,429.846,none,port,2.199
2026-05-21 10:48:44,Boat-2,Harbor Velocity Team,5,Upwind,22.628,17.805,14.881,-38.108,199.218,15.705,350.525,18.196,69.388,103.482,439.711,none,port,2.065
2026-05-21 10:48:44,Boat-3,Northern Reach Sailing,5,Upwind,22.167,16.674,14.522,41.216,201.417,16.631,11.49,15.264,78.126,-138.233,447.554,none,starboard,2.182
2026-05-21 10:48:44,Boat-4,Blue Horizon GP,5,Upwind,21.584,16.148,15.155,41.571,201.439,15.631,11.984,19.531,68.172,-140.239,427.98,none,starboard,2.179
2026-05-21 10:48:44,Boat-5,Straitline Performance,5,Upwind,25.413,21.014,14.672,34.221,202.502,16.194,17.639,17.805,72.837,-101.421,439.21,none,starboard,2.285
2026-05-21 10:48:46,Boat-1,Apex Wave Racing,5,Upwind,22.167,18.252,15.385,-34.575,202.385,15.729,355.474,13.165,75.857,107.736,461.707,none,port,2.345
2026-05-21 10:48:46,Boat-2,Harbor Velocity Team,5,Upwind,23.02,19.421,16.028,-32.473,199.653,16.028,349.862,19.009,71.787,99.775,466.573,none,port,2.176
2026-05-21 10:48:46,Boat-3,Northern Reach Sailing,5,Upwind,22.486,17.113,14.743,40.443,201.381,15.574,16.408,15.159,77.156,-132.815,483.87,none,starboard,2.35
2026-05-21 10:48:46,Boat-4,Blue Horizon GP,5,Upwind,22.084,15.508,15.232,45.395,199.996,15.909,7.413,18.57,74.337,-135.664,455.366,none,starboard,2.354
2026-05-21 10:48:46,Boat-5,Straitline Performance,5,Upwind,25.217,20.834,15.358,34.29,199.652,15.358,9.232,16.688,73.967,-97.031,465.789,none,starboard,2.267
2026-05-21 10:48:48,Boat-1,Apex Wave Racing,5,Upwind,21.831,17.798,15.511,-35.388,201.914,16.554,353.965,14.181,77.78,105.114,494.671,none,port,2.24
2026-05-21 10:48:48,Boat-2,Harbor Velocity Team,5,Upwind,22.737,19.235,15.232,-32.222,201.683,16.28,347.901,18.508,75.374,96.022,481.432,none,port,2.414
2026-05-21 10:48:48,Boat-3,Northern Reach Sailing,5,Upwind,21.999,17.379,15.697,37.812,200.389,16.123,38.161,16.166,76.645,-127.485,484.055,none,starboard,2.246
2026-05-21 10:48:48,Boat-4,Blue Horizon GP,5,Upwind,22.497,15.173,15.201,47.589,200.815,16.322,10.784,18.411,73.965,-131.178,497.617,none,starboard,2.244
2026-05-21 10:48:48,Boat-5,Straitline Performance,5,Upwind,25.725,21.695,15.584,32.504,201.392,16.254,16.445,15.807,78.716,-92.728,492.696,none,starboard,2.287
2026-05-21 10:48:50,Boat-1,Apex Wave Racing,5,Upwind,22.313,19.289,14.904,-30.179,200.06,16.05,350.017,13.489,76.565,102.377,512.405,none,port,2.185
2026-05-21 10:48:50,Boat-2,Harbor Velocity Team,5,Upwind,22.485,17.79,14.873,-37.703,199.209,16.412,345.502,18.418,71.199,92.221,501.811,none,port,2.21
2026-05-21 10:48:50,Boat-3,Northern Reach Sailing,5,Upwind,22.111,17.054,14.754,39.531,199.36,16.078,19.545,17.012,78.04,-122.248,497.317,none,starboard,2.213
2026-05-21 10:48:50,Boat-4,Blue Horizon GP,5,Upwind,22.343,16.328,15.407,43.048,200.207,15.591,17.729,17.193,69.939,-126.785,501.982,none,starboard,2.217
2026-05-21 10:48:50,Boat-5,Straitline Performance,5,Upwind,25.545,19.448,14.728,40.419,199.413,15.947,12.531,17.666,73.525,-88.514,494.644,none,starboard,2.248
2026-05-21 10:48:52,Boat-1,Apex Wave Racing,5,Upwind,21.883,17.245,15.432,-37.994,198.668,16.306,350.814,14.081,79.632,99.524,526.424,none,port,2.23
2026-05-21 10:48:52,Boat-2,Harbor Velocity Team,5,Upwind,23.296,18.545,15.2,-37.247,199.478,16.192,346.475,18.347,70.25,88.374,511.006,none,port,2.301
2026-05-21 10:48:52,Boat-3,Northern Reach Sailing,5,Upwind,23.218,17.564,15.284,40.845,203.398,16.534,13.217,14.803,80.923,-117.104,513.297,none,starboard,2.308
2026-05-21 10:48:52,Boat-4,Blue Horizon GP,5,Upwind,22.153,18.237,15.073,34.591,201.648,16.465,13.347,18.799,69.9,-122.484,524.815,none,starboard,2.284
2026-05-21 10:48:52,Boat-5,Straitline Performance,5,Upwind,24.755,21.141,15.513,31.35,202.418,16.53,10.972,17.64,71.399,-84.39,530.211,none,starboard,2.359
2026-05-21 10:48:54,Boat-1,Apex Wave Racing,5,Upwind,22.569,18.27,15.148,-35.95,202.317,17.786,350.385,14.311,76.217,96.556,548.399,none,port,2.237
2026-05-21 10:48:54,Boat-2,Harbor Velocity Team,5,Upwind,23.116,19.223,15.843,-33.736,201.721,17.82,348.143,17.554,70.733,84.48,533.995,none,port,2.261
2026-05-21 10:48:54,Boat-3,Northern Reach Sailing,5,Upwind,23.175,17.78,14.906,39.895,202.182,18.048,10.324,14.075,79.468,-112.058,540.705,none,starboard,2.267
2026-05-21 10:48:54,Boat-4,Blue Horizon GP,5,Upwind,22.95,15.871,15.705,46.248,201.192,18.129,16.154,18.379,71.795,-118.276,537.845,none,starboard,2.275
2026-05-21 10:48:54,Boat-5,Straitline Performance,5,Upwind,25.682,21.795,15.179,31.932,201.011,17.985,13.58,17.822,76.714,-80.357,536.716,none,starboard,2.302
2026-05-21 10:48:56,Boat-1,Apex Wave Racing,5,Upwind,22.184,17.714,15.032,-37.01,201.068,16.865,349.693,14.62,77.214,93.472,562.149,none,port,2.24
2026-05-21 10:48:56,Boat-2,Harbor Velocity Team,5,Upwind,23.144,18.393,15.275,-37.371,200.7,16.658,347.848,18.518,68.546,80.539,548.324,none,port,2.2
2026-05-21 10:48:56,Boat-3,Northern Reach Sailing,5,Upwind,22.983,18.096,15.331,38.062,201.118,16.175,15.527,15.448,78.676,-107.11,568.166,none,starboard,2.312
2026-05-21 10:48:56,Boat-4,Blue Horizon GP,5,Upwind,22.265,16.102,14.932,43.679,199.663,16.261,11.765,18.131,69.902,-114.163,553.54,none,starboard,2.329
2026-05-21 10:48:56,Boat-5,Straitline Performance,5,Upwind,25.758,21.14,14.807,34.843,199.301,16.384,11.452,17.611,74.132,-76.417,563.215,none,starboard,2.25
2026-05-21 10:48:58,Boat-1,Apex Wave Racing,5,Upwind,21.558,18.803,14.653,-29.285,200.093,16.179,348.874,14.589,77.885,90.272,582.951,none,port,2.27
2026-05-21 10:48:58,Boat-2,Harbor Velocity Team,5,Upwind,22.88,19.058,14.751,-33.597,200.147,16.328,349.074,19.712,73.427,76.552,570.815,none,port,2.25
2026-05-21 10:48:58,Boat-3,Northern Reach Sailing,5,Upwind,23.024,17.076,14.975,42.126,201.106,16.473,13.301,17.016,81.014,-102.262,575.964,none,starboard,2.316
2026-05-21 10:48:58,Boat-4,Blue Horizon GP,5,Upwind,22.415,16.431,14.986,42.857,200.902,16.217,14.316,15.913,71.185,-110.145,576.885,none,starboard,2.28
2026-05-21 10:48:58,Boat-5,Straitline Performance,5,Upwind,25.394,20.587,14.721,35.834,199.509,16.151,12.209,17.658,76.569,-72.57,575.156,none,starboard,2.282
2026-05-21 10:49:00,Boat-1,Apex Wave Racing,5,Upwind,23.294,18.624,14.809,-36.914,202.219,15.319,348.704,13.477,75.391,86.958,595.274,none,port,2.099
2026-05-21 10:49:00,Boat-2,Harbor Velocity Team,5,Upwind,22.976,20.029,14.662,-29.342,200.383,15.137,351.013,18.517,71.483,72.518,589.875,none,port,2.223
2026-05-21 10:49:00,Boat-3,Northern Reach Sailing,5,Upwind,21.677,16.319,14.956,41.166,201.611,14.956,12.96,14.905,80.683,-97.516,608.747,none,starboard,2.129
2026-05-21 10:49:00,Boat-4,Blue Horizon GP,5,Upwind,23.761,17.426,15.148,42.828,200.121,15.148,12.821,18.122,70.226,-106.223,584.656,none,starboard,2.19
2026-05-21 10:49:00,Boat-5,Straitline Performance,5,Upwind,24.542,19.319,15.22,38.079,201.823,15.479,8.486,17.36,73.349,-68.817,598.341,none,starboard,2.027
2026-05-21 10:49:02,Boat-1,Apex Wave Racing,5,Upwind,22.219,18.803,14.695,-32.19,199.974,16.4,348.615,13.654,76.736,83.528,616.714,none,port,2.298
2026-05-21 10:49:02,Boat-2,Harbor Velocity Team,5,Upwind,23.511,19.403,15.681,-34.384,199.304,16.554,347.167,19.634,69.321,68.439,622.114,none,port,2.345
2026-05-21 10:49:02,Boat-3,Northern Reach Sailing,5,Upwind,22.191,16.532,15.411,41.841,201.737,16.036,15.012,16.212,78.947,-92.872,616.763,none,starboard,2.354
2026-05-21 10:49:02,Boat-4,Blue Horizon GP,5,Upwind,22.402,15.377,15.454,46.655,202.529,15.734,8.642,18.155,70.804,-102.395,610.943,none,starboard,2.252
2026-05-21 10:49:02,Boat-5,Straitline Performance,5,Upwind,25.194,20.966,14.906,33.676,199.09,16.015,12.41,18.18,74.567,-65.158,624.84,none,starboard,2.309
2026-05-21 10:49:04,Boat-1,Apex Wave Racing,5,Upwind,21.816,18.73,15.149,-30.844,200.555,16.667,350.889,14.069,76.475,79.986,629.896,none,port,2.302
2026-05-21 10:49:04,Boat-2,Harbor Velocity Team,5,Upwind,23.325,18.332,15.522,-38.192,201.554,16.991,317.99,19.497,69.353,64.315,625.886,none,port,2.238
2026-05-21 10:49:04,Boat-3,Northern Reach Sailing,5,Upwind,22.362,16.389,14.916,42.871,198.726,16.821,15.872,14.607,83.024,-88.333,642.99,none,starboard,2.331
2026-05-21 10:49:04,Boat-4,Blue Horizon GP,5,Upwind,22.061,15.873,15.358,43.988,202.004,16.777,10.803,16.516,69.083,-98.662,634.404,none,starboard,2.309
2026-05-21 10:49:04,Boat-5,Straitline Performance,5,Upwind,25.625,19.339,15.315,41.002,201.327,16.594,12.18,17.955,77.385,-61.592,631.173,none,starboard,2.277
2026-05-21 10:49:06,Boat-1,Apex Wave Racing,5,Upwind,23.037,18.979,15.417,-34.527,201.645,15.545,351.868,14.328,76.095,76.332,661.587,none,port,2.235
2026-05-21 10:49:06,Boat-2,Harbor Velocity Team,5,Upwind,23.715,19.913,15.404,-32.893,200.181,15.874,350.213,17.947,71.09,60.147,631.32,none,port,2.179
2026-05-21 10:49:06,Boat-3,Northern Reach Sailing,5,Upwind,23.583,18.07,14.805,39.981,200.682,15.542,20.177,15.234,77.867,-83.897,648.328,none,starboard,2.213
2026-05-21 10:49:06,Boat-4,Blue Horizon GP,5,Upwind,22.607,15.008,15.4,48.405,200.933,16.025,10.848,19.685,72.882,-95.023,649.576,none,starboard,2.292
2026-05-21 10:49:06,Boat-5,Straitline Performance,5,Upwind,24.96,20.766,15.044,33.698,200.596,16.193,9.8,17.472,73.064,-58.12,657.445,none,starboard,2.278
2026-05-21 10:49:08,Boat-1,Apex Wave Racing,5,Upwind,22.309,17.438,15.557,-38.589,199.929,17.042,348.537,16.685,76.242,72.568,681.813,none,port,2.309
2026-05-21 10:49:08,Boat-2,Harbor Velocity Team,5,Upwind,23.137,19.005,15.334,-34.773,200.565,17.107,351.254,17.066,72.642,55.936,674.462,none,port,2.376
2026-05-21 10:49:08,Boat-3,Northern Reach Sailing,5,Upwind,22.421,17.179,15.236,39.987,200.654,17.464,11.317,14.051,80.219,-79.566,666.846,none,starboard,2.402
2026-05-21 10:49:08,Boat-4,Blue Horizon GP,5,Upwind,22.72,15.061,15.421,48.477,201.243,16.976,11.83,18.166,73.526,-91.477,671.896,none,starboard,2.449
2026-05-21 10:49:08,Boat-5,Straitline Performance,5,Upwind,25.921,21.843,15.641,32.577,200.94,17.256,15.271,18.496,75.113,-54.741,670.839,none,starboard,2.492
2026-05-21 10:49:10,Boat-1,Apex Wave Racing,5,Upwind,23.207,18.15,15.88,-38.547,200.958,16.041,341.406,15.077,78.928,68.696,699.241,none,port,2.324
2026-05-21 10:49:10,Boat-2,Harbor Velocity Team,5,Upwind,22.274,18.316,15.678,-34.682,201.46,16.085,342.005,17.794,69.161,51.683,686.339,none,port,2.346
2026-05-21 10:49:10,Boat-3,Northern Reach Sailing,5,Upwind,22.924,16.086,15.363,45.436,200.9,16.015,10.422,15.66,77.703,-75.34,691.088,none,starboard,2.273
2026-05-21 10:49:10,Boat-4,Blue Horizon GP,5,Upwind,22.76,16.25,16.471,44.441,202.193,16.617,9.628,20.274,71.467,-88.024,682.99,none,starboard,2.302
2026-05-21 10:49:10,Boat-5,Straitline Performance,5,Upwind,25.922,21.92,16.037,32.263,200.337,16.307,10.811,18.225,75.956,-51.454,681.861,none,starboard,2.397
2026-05-21 10:49:12,Boat-1,Apex Wave Racing,5,Upwind,22.359,19.123,15.924,-31.208,202.391,16.282,338.547,12.644,76.027,64.719,705.145,none,port,2.109
2026-05-21 10:49:12,Boat-2,Harbor Velocity Team,5,Upwind,22.838,19.236,15.652,-32.618,200.911,16.995,344.347,17.915,73.026,47.389,700.775,none,port,2.288
2026-05-21 10:49:12,Boat-3,Northern Reach Sailing,5,Upwind,22.773,18.084,15.509,37.429,202.041,16.654,13.12,14.892,79.928,-71.218,712.237,none,starboard,2.214
2026-05-21 10:49:12,Boat-4,Blue Horizon GP,5,Upwind,22.361,16.189,15.151,43.615,201.002,16.658,10.951,19.727,71.378,-84.662,712.072,none,starboard,2.175
2026-05-21 10:49:12,Boat-5,Straitline Performance,5,Upwind,25.502,21.302,15.472,33.351,200.145,16.899,8.752,17.335,74.153,-48.258,704.791,none,starboard,2.239
2026-05-21 10:49:14,Boat-1,Apex Wave Racing,5,Upwind,22.462,17.65,16.082,-38.205,201.629,16.696,350.361,15.236,78.031,60.639,719.745,none,port,2.45
2026-05-21 10:49:14,Boat-2,Harbor Velocity Team,5,Upwind,22.585,19.172,15.758,-31.906,200.621,16.791,344.45,17.841,71.032,43.055,717.129,none,port,2.428
2026-05-21 10:49:14,Boat-3,Northern Reach Sailing,5,Upwind,22.854,18.866,15.976,34.361,199.427,16.628,12.604,15.371,78.041,-67.199,726.016,none,starboard,2.499
2026-05-21 10:49:14,Boat-4,Blue Horizon GP,5,Upwind,23.031,16.07,15.484,45.756,202.231,16.832,9.171,17.764,72.559,-81.388,717.286,none,starboard,2.453
2026-05-21 10:49:14,Boat-5,Straitline Performance,5,Upwind,25.572,21.675,16.049,32.049,200.86,16.863,12.326,17.089,75.874,-45.151,722.8,none,starboard,2.437
2026-05-21 10:49:16,Boat-1,Apex Wave Racing,5,Upwind,22.754,19.137,15.715,-32.752,202.661,17.298,349.869,14.927,77.548,56.459,753.78,none,port,2.506
2026-05-21 10:49:16,Boat-2,Harbor Velocity Team,5,Upwind,22.793,18.881,15.792,-34.07,199.1,17.587,350.701,19.852,69.682,38.684,732.059,none,port,2.421
2026-05-21 10:49:16,Boat-3,Northern Reach Sailing,5,Upwind,22.68,16.754,16.079,42.377,199.804,17.529,10.384,17.183,79.263,-63.283,747.725,none,starboard,2.468
2026-05-21 10:49:16,Boat-4,Blue Horizon GP,5,Upwind,23.093,16.371,16.076,44.854,202.914,17.131,8.413,19.781,71.581,-78.202,752.083,none,starboard,2.503
2026-05-21 10:49:16,Boat-5,Straitline Performance,5,Upwind,25.576,20.049,15.804,38.383,201.918,16.787,8.148,17.588,75.452,-42.133,732.821,none,starboard,2.545
2026-05-21 10:49:18,Boat-1,Apex Wave Racing,5,Upwind,22.614,18.821,14.78,-33.668,202.438,16.367,344.025,14.33,74.498,52.182,767.068,none,port,2.204
2026-05-21 10:49:18,Boat-2,Harbor Velocity Team,5,Upwind,20.664,17.053,14.744,-34.387,201.595,15.673,348.622,20.042,70.425,34.275,770.751,none,port,2.188
2026-05-21 10:49:18,Boat-3,Northern Reach Sailing,5,Upwind,21.772,17.047,14.67,38.467,200.441,15.788,16.871,14.703,82.331,-59.468,768.206,none,starboard,2.198
2026-05-21 10:49:18,Boat-4,Blue Horizon GP,5,Upwind,22.138,17.07,15.032,39.551,200.651,16.282,17.403,19.598,74.362,-75.102,759.79,none,starboard,2.197
2026-05-21 10:49:18,Boat-5,Straitline Performance,5,Upwind,25.273,21.291,15.014,32.602,200.869,16.063,6.419,15.44,76.216,-39.201,764.364,none,starboard,2.192
2026-05-21 10:49:20,Boat-1,Apex Wave Racing,5,Upwind,23.02,19.35,16.275,-32.801,201.37,17.306,342.844,13.172,77.98,47.813,783.981,none,port,2.458
2026-05-21 10:49:20,Boat-2,Harbor Velocity Team,5,Upwind,20.92,18.577,16.112,-27.377,201.448,17.57,321.624,20.976,74.563,29.832,776.045,none,port,2.51
2026-05-21 10:49:20,Boat-3,Northern Reach Sailing,5,Upwind,21.367,17.067,15.986,36.989,201.531,17.482,13.596,12.974,80.083,-55.753,772.553,none,starboard,2.486
2026-05-21 10:49:20,Boat-4,Blue Horizon GP,5,Upwind,22.143,13.739,16.187,51.651,203.172,16.852,13.523,18.396,69.357,-72.084,771.603,none,starboard,2.569
2026-05-21 10:49:20,Boat-5,Straitline Performance,5,Upwind,24.904,20.283,16.057,35.467,201.825,17.134,8.117,18.789,78.597,-36.352,784.203,none,starboard,2.554
2026-05-21 10:49:22,Boat-1,Apex Wave Racing,5,Upwind,22.34,18.843,15.238,-32.489,198.778,15.612,346.507,16.119,74.538,43.354,795.665,none,port,2.206
2026-05-21 10:49:22,Boat-2,Harbor Velocity Team,5,Upwind,19.203,16.593,15.412,-30.225,200.779,16.534,347.002,18.552,69.336,25.355,782.016,none,port,2.13
2026-05-21 10:49:22,Boat-3,Northern Reach Sailing,5,Upwind,23.024,16.711,15.4,43.465,202.264,16.713,9.395,15.29,79.188,-52.137,798.519,none,starboard,2.174
2026-05-21 10:49:22,Boat-4,Blue Horizon GP,5,Upwind,22.307,15.015,14.947,47.691,202.839,16.353,9.659,17.606,72.872,-69.147,784.552,none,starboard,2.129
2026-05-21 10:49:22,Boat-5,Straitline Performance,5,Upwind,24.961,21.05,14.826,32.508,201.082,16.134,7.347,16.776,79.832,-33.586,803.731,none,starboard,2.234
2026-05-21 10:49:24,Boat-1,Apex Wave Racing,5,Upwind,22.865,18.23,16.405,-37.126,200.312,16.87,344.77,13.662,78.184,38.81,821.5,none,port,2.23
2026-05-21 10:49:24,Boat-2,Harbor Velocity Team,5,Upwind,18.817,15.961,16.029,-31.98,200.387,16.387,351.074,21.414,70.779,20.846,814.972,none,port,2.273
2026-05-21 10:49:24,Boat-3,Northern Reach Sailing,5,Upwind,22.15,16.951,15.551,40.066,203.322,16.544,10.947,15.519,77.083,-48.617,815.684,none,starboard,2.265
2026-05-21 10:49:24,Boat-4,Blue Horizon GP,5,Upwind,21.978,15.862,15.795,43.805,201.801,16.514,8.327,16.172,71.342,-66.287,805.666,none,starboard,2.241
2026-05-21 10:49:24,Boat-5,Straitline Performance,5,Upwind,25.354,21.494,15.77,32.029,202.2,16.351,7.961,18.291,76.223,-30.899,826.499,none,starboard,2.273
2026-05-21 10:49:26,Boat-1,Apex Wave Racing,5,Upwind,22.67,18.042,15.356,-37.265,202.326,16.847,346.313,15.403,76.097,34.185,829.343,none,port,2.253
2026-05-21 10:49:26,Boat-2,Harbor Velocity Team,5,Upwind,17.365,16.481,15.614,-18.363,201.501,17.167,345.73,20.655,73.799,16.308,839.619,none,port,2.37
2026-05-21 10:49:26,Boat-3,Northern Reach Sailing,5,Upwind,21.498,17.309,15.399,36.374,201.172,17.023,8.875,15.126,78.697,-45.19,834.433,none,starboard,2.271
2026-05-21 10:49:26,Boat-4,Blue Horizon GP,5,Upwind,22.589,17.552,15.562,39.01,200.998,16.846,7.449,18.325,69.595,-63.501,823.122,none,starboard,2.225
2026-05-21 10:49:26,Boat-5,Straitline Performance,5,Upwind,25.814,19.902,15.56,39.557,201.943,17.001,12.797,18.11,75.235,-28.288,841.615,none,starboard,2.233
2026-05-21 10:49:28,Boat-1,Apex Wave Racing,5,Upwind,22.476,19.126,15.78,-31.686,199.968,16.854,350.064,14.496,77.037,29.484,859.798,none,port,2.16
2026-05-21 10:49:28,Boat-2,Harbor Velocity Team,5,Upwind,16.85,16.589,15.255,-10.102,202.202,16.523,337.62,18.412,72.651,11.742,850.768,none,port,2.13
2026-05-21 10:49:28,Boat-3,Northern Reach Sailing,5,Upwind,22.516,15.376,15.404,46.929,202.587,16.576,10.2,15.611,76.664,-41.856,858.981,none,starboard,2.111
2026-05-21 10:49:28,Boat-4,Blue Horizon GP,5,Upwind,22.236,15.795,15.151,44.739,201.933,16.729,8.75,17.429,75.26,-60.787,847.732,none,starboard,2.154
2026-05-21 10:49:28,Boat-5,Straitline Performance,5,Upwind,25.176,18.945,15.072,41.194,201.079,16.311,10.319,19.651,76.138,-25.751,849.163,none,starboard,2.177
2026-05-21 10:49:30,Boat-1,Apex Wave Racing,5,Upwind,22.027,17.793,14.767,-36.122,201.343,16.053,347.626,15.252,74.67,24.71,883.431,none,port,2.179
2026-05-21 10:49:30,Boat-2,Harbor Velocity Team,5,Upwind,15.653,15.63,15.194,-3.103,201.81,16.067,340.985,18.646,70.986,7.15,861.859,tack,port,2.098
2026-05-21 10:49:30,Boat-3,Northern Reach Sailing,5,Upwind,22.318,18.231,14.809,35.229,202.483,16.221,17.817,16.321,79.796,-38.609,871.008,none,starboard,2.093
2026-05-21 10:49:30,Boat-4,Blue Horizon GP,5,Upwind,23.155,16.826,14.864,43.394,201.433,16.023,6.388,18.706,75.451,-58.14,857.951,none,starboard,2.166
2026-05-21 10:49:30,Boat-5,Straitline Performance,5,Upwind,25.19,19.27,14.92,40.093,200.653,16.014,5.914,18.809,75.041,-23.284,869.1,none,starboard,2.157
2026-05-21 10:49:32,Boat-1,Apex Wave Racing,5,Upwind,21.606,15.771,15.719,-43.121,202.119,16.391,343.14,16.918,77.222,19.87,903.616,none,port,2.435
2026-05-21 10:49:32,Boat-2,Harbor Velocity Team,5,Upwind,16.953,16.632,15.608,11.166,203.548,16.302,343.679,19.971,73.976,1.76,879.731,none,starboard,2.361
2026-05-21 10:49:32,Boat-3,Northern Reach Sailing,5,Upwind,22.609,17.254,15.554,40.258,202.342,16.39,9.159,15.371,79.865,-35.449,878.915,none,starboard,2.417
2026-05-21 10:49:32,Boat-4,Blue Horizon GP,5,Upwind,22.599,15.943,15.045,45.134,200.874,16.764,6.234,17.867,71.071,-55.558,894.434,none,starboard,2.555
2026-05-21 10:49:32,Boat-5,Straitline Performance,5,Upwind,23.396,20.044,14.953,31.05,202.798,16.369,6.381,18.644,72.857,-20.884,896.149,none,starboard,2.423
2026-05-21 10:49:34,Boat-1,Apex Wave Racing,5,Upwind,22.4,19.016,15.33,-31.904,203.565,16.613,327.947,14.875,78.531,14.968,915.578,none,port,1.996
2026-05-21 10:49:34,Boat-2,Harbor Velocity Team,5,Upwind,17.221,16.152,15.253,20.293,202.724,16.604,348.767,19.16,73.846,-3.65,898.745,none,starboard,1.944
2026-05-21 10:49:34,Boat-3,Northern Reach Sailing,5,Upwind,22.568,18.641,14.929,34.309,201.922,16.519,7.972,14.655,78.001,-32.37,909.705,none,starboard,2.038
2026-05-21 10:49:34,Boat-4,Blue Horizon GP,5,Upwind,21.362,16.789,15.004,38.193,202.534,16.641,9.935,17.102,72.175,-53.036,904.675,none,starboard,2.078
2026-05-21 10:49:34,Boat-5,Straitline Performance,5,Upwind,23.198,19.778,14.929,31.508,201.054,16.608,8.493,17.43,75.637,-18.547,911.453,none,starboard,2.042
2026-05-21 10:49:36,Boat-1,Apex Wave Racing,5,Upwind,22.139,17.572,15.54,-37.465,201.287,16.96,343.316,14.2,75.615,10.009,919.364,none,port,2.332
2026-05-21 10:49:36,Boat-2,Harbor Velocity Team,5,Upwind,18.306,16.091,16.159,28.482,201.802,17.249,345.777,19.401,72.606,-9.081,934.315,none,starboard,2.266
2026-05-21 10:49:36,Boat-3,Northern Reach Sailing,5,Upwind,21.766,16.318,15.718,41.437,201.48,16.98,8.039,14.553,81.253,-29.37,922.318,none,starboard,2.251
2026-05-21 10:49:36,Boat-4,Blue Horizon GP,5,Upwind,21.832,15.764,16.157,43.776,200.794,17.133,9.849,17.773,70.795,-50.571,922.907,none,starboard,2.289
2026-05-21 10:49:36,Boat-5,Straitline Performance,5,Upwind,23.752,17.53,16.132,42.434,202.471,17.087,9.114,17.935,77.947,-16.27,927.047,none,starboard,2.297
2026-05-21 10:49:38,Boat-1,Apex Wave Racing,5,Upwind,21.95,18.511,15.873,-32.504,201.114,17.529,350.704,15.469,76.005,4.999,948.839,none,port,2.311
2026-05-21 10:49:38,Boat-2,Harbor Velocity Team,5,Upwind,20.047,15.931,15.963,37.375,202.634,17.281,323.22,19.261,70.738,-14.528,941.659,none,starboard,2.352
2026-05-21 10:49:38,Boat-3,Northern Reach Sailing,5,Upwind,21.723,17.017,15.701,38.428,200.65,16.651,6.604,13.345,81.013,-26.446,951.653,none,starboard,2.338
2026-05-21 10:49:38,Boat-4,Blue Horizon GP,5,Upwind,20.995,15.108,15.685,43.977,201.45,17.177,8.718,17.064,71.006,-48.158,932.774,none,starboard,2.349
2026-05-21 10:49:38,Boat-5,Straitline Performance,5,Upwind,21.465,15.775,15.939,42.701,201.856,17.312,7.511,19.75,73.823,-14.048,939.495,none,starboard,2.401
2026-05-21 10:49:40,Boat-1,Apex Wave Racing,5,Upwind,22.437,19.538,14.931,-29.449,201.727,16.541,340.939,13.489,77.67,-0.056,980.856,none,port,2.269
2026-05-21 10:49:40,Boat-2,Harbor Velocity Team,5,Upwind,19.667,16.911,15.286,30.697,201.838,16.209,344.777,16.67,70.687,-19.989,948.908,none,starboard,2.192
2026-05-21 10:49:40,Boat-3,Northern Reach Sailing,5,Upwind,21.801,15.88,15.251,43.248,200.54,16.524,17.29,15.812,78.615,-23.592,972.227,none,starboard,2.226
2026-05-21 10:49:40,Boat-4,Blue Horizon GP,5,Upwind,20.577,14.626,14.865,44.7,201.426,16.968,8.982,17.89,69.505,-45.793,954.064,none,starboard,2.221
2026-05-21 10:49:40,Boat-5,Straitline Performance,5,Upwind,20.329,17.851,14.945,28.584,201.275,16.333,5.207,16.892,74.709,-11.879,960.35,none,starboard,2.213
2026-05-21 10:49:42,Boat-1,Apex Wave Racing,5,Upwind,21.197,17.575,15.271,-33.99,202.241,18.138,334.511,14.653,77.767,-5.151,978.217,none,port,2.273
2026-05-21 10:49:42,Boat-2,Harbor Velocity Team,5,Upwind,20.771,17.628,15.772,31.933,201.905,17.491,347.575,18.945,71.859,-25.463,981.845,none,starboard,2.395
2026-05-21 10:49:42,Boat-3,Northern Reach Sailing,5,Upwind,22.323,16.978,15.604,40.487,202.237,18.007,12.076,15.521,79.383,-20.806,969.773,none,starboard,2.355
2026-05-21 10:49:42,Boat-4,Blue Horizon GP,5,Upwind,21.675,15.445,15.876,44.555,200.353,17.721,4.896,17.763,69.445,-43.472,962.421,none,starboard,2.305
2026-05-21 10:49:42,Boat-5,Straitline Performance,5,Upwind,19.967,19.362,15.222,14.139,202.328,18.073,8.86,17.427,75.592,-9.756,986.592,none,starboard,2.321
2026-05-21 10:49:44,Boat-1,Apex Wave Racing,5,Upwind,22.536,19.366,15.39,-30.759,201.515,16.068,348.978,12.951,72.841,-10.281,1002.303,none,port,2.35
2026-05-21 10:49:44,Boat-2,Harbor Velocity Team,5,Upwind,20.89,17.403,14.936,33.587,203.11,15.868,340.6,18.122,68.905,-30.946,998.641,none,starboard,2.401
2026-05-21 10:49:44,Boat-3,Northern Reach Sailing,5,Upwind,20.704,14.639,14.975,45.001,201.625,15.828,5.647,14.607,77.347,-18.081,997.986,none,starboard,2.339
2026-05-21 10:49:44,Boat-4,Blue Horizon GP,5,Upwind,20.558,14.408,14.895,45.506,202.409,15.696,6.062,18.67,74.679,-41.19,1007.804,none,starboard,2.375
2026-05-21 10:49:44,Boat-5,Straitline Performance,5,Upwind,20.768,20.768,15.321,0.034,203.189,15.721,16.259,15.665,77.286,-7.677,987.303,tack,starboard,2.322
2026-05-21 10:49:46,Boat-1,Apex Wave Racing,5,Upwind,21.576,17.984,15.212,-33.538,202.933,17.185,346.036,13.463,80.398,-15.438,1031.032,none,port,2.213
2026-05-21 10:49:46,Boat-2,Harbor Velocity Team,5,Upwind,21.185,17.495,14.98,34.328,200.791,17.088,339.162,17.708,73.329,-36.437,1013.009,none,starboard,2.244
2026-05-21 10:49:46,Boat-3,Northern Reach Sailing,5,Upwind,21.647,16.792,15.407,39.126,201.322,17.27,9.26,15.212,77.988,-15.415,1024.289,none,starboard,2.366
2026-05-21 10:49:46,Boat-4,Blue Horizon GP,5,Upwind,21.582,13.77,15.472,50.354,201.528,17.208,15.308,19.352,71.679,-38.942,1005.071,none,starboard,2.236
2026-05-21 10:49:46,Boat-5,Straitline Performance,5,Upwind,19.731,19.246,15.493,-12.726,202.467,17.511,5.56,16.942,80.663,-4.963,1003.026,none,port,2.363
2026-05-21 10:49:48,Boat-1,Apex Wave Racing,5,Upwind,21.626,18.95,15.769,-28.807,200.853,15.769,346.819,14.23,77.993,-20.618,1043.877,none,port,2.391
2026-05-21 10:49:48,Boat-2,Harbor Velocity Team,5,Upwind,22.327,17.963,15.431,36.433,201.758,15.854,341.412,19.314,73.991,-41.933,1027.506,none,starboard,2.317
2026-05-21 10:49:48,Boat-3,Northern Reach Sailing,5,Upwind,21.888,17.875,16.073,35.249,202.464,16.073,7.406,14.911,76.789,-12.803,1030.362,none,starboard,2.371
2026-05-21 10:49:48,Boat-4,Blue Horizon GP,5,Upwind,20.853,15.092,15.77,43.635,203.161,15.961,4.437,17.892,72.04,-36.724,1024.117,none,starboard,2.416
2026-05-21 10:49:48,Boat-5,Straitline Performance,5,Upwind,20.893,18.549,15.742,-27.401,201.875,15.881,6.14,19.31,75.126,-2.284,1042.706,none,port,2.419
2026-05-21 10:49:50,Boat-1,Apex Wave Racing,5,Upwind,20.88,16.554,15.614,-37.55,202.021,17.229,339.204,15.354,78.326,-25.814,1075.338,none,port,2.321
2026-05-21 10:49:50,Boat-2,Harbor Velocity Team,5,Upwind,21.356,16.064,15.448,41.216,203.198,17.372,348.002,17.793,70.682,-47.431,1045.7,none,starboard,2.267
2026-05-21 10:49:50,Boat-3,Northern Reach Sailing,5,Upwind,21.258,15.964,15.31,41.328,201.669,16.757,5.376,15.092,77.808,-10.239,1064.112,none,starboard,2.357
2026-05-21 10:49:50,Boat-4,Blue Horizon GP,5,Upwind,19.376,14.325,15.37,42.327,201.62,17.044,5.077,20.284,70.727,-34.532,1061.918,none,starboard,2.321
2026-05-21 10:49:50,Boat-5,Straitline Performance,5,Upwind,21.497,16.649,15.359,-39.242,203.673,16.411,8.495,19.855,76.381,0.366,1052.565,none,port,2.285
2026-05-21 10:49:52,Boat-1,Apex Wave Racing,5,Upwind,19.723,16.337,15.636,-34.072,202.111,18.129,320.308,13.181,77.014,-31.02,1071.266,none,port,2.453
2026-05-21 10:49:52,Boat-2,Harbor Velocity Team,5,Upwind,21.173,16.489,16.017,38.849,201.961,18.51,346.608,19.847,71.765,-52.929,1079.251,none,starboard,2.552
2026-05-21 10:49:52,Boat-3,Northern Reach Sailing,5,Upwind,20.729,15.947,15.918,39.711,200.617,17.931,9.403,15.047,78.699,-7.719,1084.388,none,starboard,2.525
2026-05-21 10:49:52,Boat-4,Blue Horizon GP,5,Upwind,18.815,14.069,16.467,41.605,201.174,18.968,8.796,19.326,72.827,-32.359,1073.255,none,starboard,2.561
2026-05-21 10:49:52,Boat-5,Straitline Performance,5,Upwind,21.321,16.561,15.617,-39.036,199.78,18.516,5.782,18.786,76.04,2.992,1078.026,none,port,2.478
2026-05-21 10:49:54,Boat-1,Apex Wave Racing,5,Upwind,19.623,16.673,15.647,-31.824,201.107,17.108,348.352,15.454,74.271,-36.231,1087.888,none,port,2.29
2026-05-21 10:49:54,Boat-2,Harbor Velocity Team,5,Upwind,21.991,17.646,14.966,36.637,201.141,16.706,341.45,19.342,73.014,-58.425,1091.875,none,starboard,2.247
2026-05-21 10:49:54,Boat-3,Northern Reach Sailing,5,Upwind,19.967,16.447,15.134,34.54,201.254,16.772,11.582,16.156,76.147,-5.237,1094.317,none,starboard,2.257
2026-05-21 10:49:54,Boat-4,Blue Horizon GP,5,Upwind,18.68,16.681,15.557,26.748,200.552,16.6,6.69,20.136,70.03,-30.201,1089.903,none,starboard,2.196
2026-05-21 10:49:54,Boat-5,Straitline Performance,5,Upwind,22.877,19.012,15.356,-33.792,200.324,17.021,11.085,18.525,75.268,5.597,1104.229,none,port,2.174
2026-05-21 10:49:56,Boat-1,Apex Wave Racing,5,Upwind,18.856,15.507,15.758,-34.674,202.29,16.947,343.614,14.689,78.799,-41.439,1121.805,none,port,2.396
2026-05-21 10:49:56,Boat-2,Harbor Velocity Team,5,Upwind,21.148,16.86,15.883,37.133,199.489,17.023,343.47,18.496,74.459,-63.915,1111.99,none,starboard,2.536
2026-05-21 10:49:56,Boat-3,Northern Reach Sailing,5,Upwind,17.471,14.204,15.426,35.607,202.269,17.829,12.601,15.971,80.229,-2.789,1108.443,none,starboard,2.528
2026-05-21 10:49:56,Boat-4,Blue Horizon GP,5,Upwind,18.314,17.711,15.915,14.74,201.409,17.699,5.715,18.156,71.481,-28.054,1109.955,none,starboard,2.416
2026-05-21 10:49:56,Boat-5,Straitline Performance,5,Upwind,23.269,17.83,15.673,-39.981,200.855,17.6,20.05,17.906,75.582,8.188,1104.548,none,port,2.436
2026-05-21 10:49:58,Boat-1,Apex Wave Racing,5,Upwind,17.873,14.83,15.664,-33.928,201.452,16.168,338.884,17.089,76.912,-46.639,1123.284,none,port,2.2
2026-05-21 10:49:58,Boat-2,Harbor Velocity Team,5,Upwind,20.397,17.062,15.507,33.232,198.791,16.455,343.046,18.52,73.725,-69.399,1128.851,none,starboard,2.228
2026-05-21 10:49:58,Boat-3,Northern Reach Sailing,5,Upwind,18.858,17.69,16.033,20.27,200.162,16.606,5.739,14.716,81.295,-0.368,1116.096,none,starboard,2.243
2026-05-21 10:49:58,Boat-4,Blue Horizon GP,5,Upwind,16.628,16.626,14.993,-0.859,201.337,16.375,8.965,16.961,70.676,-25.912,1132.766,tack,port,2.241
2026-05-21 10:49:58,Boat-5,Straitline Performance,5,Upwind,24.13,20.561,15.373,-31.56,202.849,16.616,6.991,20.024,74.714,10.769,1118.399,none,port,2.246
2026-05-21 10:50:00,Boat-1,Apex Wave Racing,5,Upwind,16.486,15.123,15.932,-23.463,202.208,17.687,346.976,14.957,79.056,-51.825,1148.698,none,port,2.393
2026-05-21 10:50:00,Boat-2,Harbor Velocity Team,5,Upwind,20.867,17.79,16.073,31.509,203.624,16.995,341.137,17.255,68.212,-74.872,1147.929,none,starboard,2.427
2026-05-21 10:50:00,Boat-3,Northern Reach Sailing,5,Upwind,17.611,17.247,15.665,11.673,201.57,16.919,4.078,13.999,79.646,2.029,1156.377,none,starboard,2.5
2026-05-21 10:50:00,Boat-4,Blue Horizon GP,5,Upwind,16.91,16.371,15.955,-14.499,202.156,17.495,19.373,17.404,75.001,-22.477,1145.304,none,port,2.442
2026-05-21 10:50:00,Boat-5,Straitline Performance,5,Upwind,25.013,20.355,16.181,-35.534,202.377,17.796,6.709,18.108,80.218,13.344,1146.598,none,port,2.451
2026-05-21 10:50:02,Boat-1,Apex Wave Racing,5,Upwind,14.738,14.371,15.686,-12.818,201.555,16.217,347.231,13.575,77.879,-56.99,1168.035,none,port,2.342
2026-05-21 10:50:02,Boat-2,Harbor Velocity Team,5,Upwind,20.517,16.886,15.846,34.611,201.681,16.881,341.845,19.444,70.592,-80.332,1160.854,none,starboard,2.308
2026-05-21 10:50:02,Boat-3,Northern Reach Sailing,5,Upwind,17.694,17.693,15.128,-0.336,201.28,16.202,7.728,13.911,75.051,4.409,1183.106,tack,port,2.452
2026-05-21 10:50:02,Boat-4,Blue Horizon GP,5,Upwind,17.47,15.406,15.075,-28.132,201.415,16.71,9.433,19.359,69.706,-19.038,1152.316,none,port,2.364
2026-05-21 10:50:02,Boat-5,Straitline Performance,5,Upwind,23.826,17.89,14.893,-41.333,199.453,16.448,7.598,17.621,76.597,15.919,1162.186,none,port,2.274
2026-05-21 10:50:04,Boat-1,Apex Wave Racing,5,Upwind,14.658,14.653,15.456,-1.491,201.748,16.694,344.634,13.956,78.679,-62.129,1194.167,tack,port,2.375
2026-05-21 10:50:04,Boat-2,Harbor Velocity Team,5,Upwind,20.141,17.523,15.597,29.537,200.692,16.646,347.344,18.475,71.942,-85.778,1181.19,none,starboard,2.341
2026-05-21 10:50:04,Boat-3,Northern Reach Sailing,5,Upwind,16.67,16.191,15.201,-13.78,200.497,15.871,18.304,15.953,79.16,7.958,1200.067,none,port,2.267
2026-05-21 10:50:04,Boat-4,Blue Horizon GP,5,Upwind,18.507,13.631,15.427,-42.562,203.637,16.53,7.751,19.596,70.343,-15.588,1186.768,none,port,2.259
2026-05-21 10:50:04,Boat-5,Straitline Performance,5,Upwind,23.873,20.222,15.066,-32.107,200.854,16.664,6.489,18.318,74.554,18.5,1185.249,none,port,2.342
2026-05-21 10:50:06,Boat-1,Apex Wave Racing,5,Upwind,16.373,16.15,14.929,9.472,200.643,16.636,339.058,13.515,76.82,-68.422,1209.634,none,starboard,2.361
2026-05-21 10:50:06,Boat-2,Harbor Velocity Team,5,Upwind,20.668,16.556,15.285,36.77,201.723,16.611,347.362,19.128,70.204,-91.207,1209.282,none,starboard,2.277
2026-05-21 10:50:06,Boat-3,Northern Reach Sailing,5,Upwind,16.874,15.195,15.363,-25.778,201.016,16.351,23.109,15.954,77.089,11.5,1204.542,none,port,2.257
2026-05-21 10:50:06,Boat-4,Blue Horizon GP,5,Upwind,18.744,13.824,15.461,-42.479,201.841,16.555,9.83,20.054,68.638,-12.124,1203.108,none,port,2.279
2026-05-21 10:50:06,Boat-5,Straitline Performance,5,Upwind,25.263,20.229,15.517,-36.801,199.883,16.442,7.518,19.045,77.4,21.09,1207.64,none,port,2.272
2026-05-21 10:50:08,Boat-1,Apex Wave Racing,5,Upwind,15.632,14.348,15.221,23.385,200.694,16.49,337.247,16.572,79.494,-74.677,1226.954,none,starboard,2.243
2026-05-21 10:50:08,Boat-2,Harbor Velocity Team,5,Upwind,20.764,17.085,15.369,34.634,200.345,16.82,331.975,19.197,74.088,-96.617,1229.528,none,starboard,2.266
2026-05-21 10:50:08,Boat-3,Northern Reach Sailing,5,Upwind,19.052,14.9,15.033,-38.547,199.659,16.844,9.141,16.195,78.153,15.041,1216.667,none,port,2.203
2026-05-21 10:50:08,Boat-4,Blue Horizon GP,5,Upwind,19.832,14.22,15.681,-44.188,200.302,16.541,15.432,20.612,70.428,-8.64,1226.868,none,port,2.249
2026-05-21 10:50:08,Boat-5,Straitline Performance,5,Upwind,23.626,18.659,15.111,-37.836,201.343,16.764,8.884,17.108,75.76,23.694,1224.607,none,port,2.257
2026-05-21 10:50:10,Boat-1,Apex Wave Racing,5,Upwind,17.839,15.172,15.781,31.737,202.639,16.595,343.639,15.635,75.87,-80.888,1239.357,none,starboard,2.096
2026-05-21 10:50:10,Boat-2,Harbor Velocity Team,5,Upwind,21.371,17.643,15.733,34.355,200.927,16.856,337.245,18.03,73.881,-102.005,1229.569,none,starboard,2.213
2026-05-21 10:50:10,Boat-3,Northern Reach Sailing,5,Upwind,18.736,14.626,16.09,-38.68,201.412,16.481,9.256,16.391,81.582,18.587,1248.588,none,port,2.185
2026-05-21 10:50:10,Boat-4,Blue Horizon GP,5,Upwind,20.965,13.552,15.667,-49.729,200.113,16.392,16.542,18.471,70.993,-5.132,1228.439,none,port,2.121
2026-05-21 10:50:10,Boat-5,Straitline Performance,5,Upwind,23.39,18.873,15.601,-36.207,202.284,16.812,7.153,16.331,75.494,26.318,1241.091,none,port,2.075
2026-05-21 10:50:12,Boat-1,Apex Wave Racing,5,Upwind,17.661,13.924,15.467,37.963,202.101,16.192,349.749,15.62,81.426,-87.049,1269.099,none,starboard,2.326
2026-05-21 10:50:12,Boat-2,Harbor Velocity Team,5,Upwind,21.048,18.12,15.665,30.582,200.367,16.599,348.243,16.852,69.714,-107.37,1255.163,none,starboard,2.377
2026-05-21 10:50:12,Boat-3,Northern Reach Sailing,5,Upwind,19.461,14.493,15.413,-41.867,199.901,16.295,11.739,17.378,74.663,22.143,1260.246,none,port,2.308
2026-05-21 10:50:12,Boat-4,Blue Horizon GP,5,Upwind,19.639,13.653,15.37,-45.958,201.99,16.584,8.337,19.334,73.278,-1.594,1250.593,none,port,2.42
2026-05-21 10:50:12,Boat-5,Straitline Performance,5,Upwind,24.622,20.149,15.794,-35.08,202.475,16.832,7.354,16.438,75.115,28.967,1266.621,none,port,2.382
2026-05-21 10:50:14,Boat-1,Apex Wave Racing,5,Upwind,18.952,14.858,15.741,38.375,200.383,16.252,339.879,16.072,81.243,-93.156,1307.194,none,starboard,2.411
2026-05-21 10:50:14,Boat-2,Harbor Velocity Team,5,Upwind,20.933,17.387,15.489,33.837,199.953,16.377,348.345,19.589,70.799,-112.708,1280.993,none,starboard,2.412
2026-05-21 10:50:14,Boat-3,Northern Reach Sailing,5,Upwind,20.284,15.287,15.319,-41.09,202.688,16.001,10.198,16.188,77.234,25.715,1282.89,none,port,2.257
2026-05-21 10:50:14,Boat-4,Blue Horizon GP,5,Upwind,20.404,13.901,16.071,-47.055,200.388,16.201,11.432,19.285,71.273,1.979,1276.959,none,port,2.312
2026-05-21 10:50:14,Boat-5,Straitline Performance,5,Upwind,23.892,20.034,15.768,-33.013,201.803,16.489,10.812,16.823,74.995,31.644,1282.356,none,port,2.32
2026-05-21 10:50:16,Boat-1,Apex Wave Racing,5,Upwind,20.047,17.379,15.942,29.899,201.78,17.222,307.879,13.544,80.08,-99.202,1302.272,none,starboard,2.479
2026-05-21 10:50:16,Boat-2,Harbor Velocity Team,5,Upwind,20.307,16.885,15.916,33.746,199.266,17.726,346.344,19.313,69.865,-118.019,1306.791,none,starboard,2.344
2026-05-21 10:50:16,Boat-3,Northern Reach Sailing,5,Upwind,20.9,16.296,16.17,-38.764,201.48,17.742,11.934,15.596,80.046,29.308,1300.071,none,port,2.368
2026-05-21 10:50:16,Boat-4,Blue Horizon GP,5,Upwind,20.062,13.23,16.214,-48.743,202.235,17.605,22.186,19.233,70.935,5.59,1286.119,none,port,2.412
2026-05-21 10:50:16,Boat-5,Straitline Performance,5,Upwind,23.985,19.267,15.789,-36.554,201.114,16.576,8.476,17.722,73.349,34.355,1294.838,none,port,2.487
2026-05-21 10:50:18,Boat-1,Apex Wave Racing,5,Upwind,19.764,16.549,15.664,33.141,199.064,17.481,332.572,13.344,79.317,-105.184,1316.55,none,starboard,2.471
2026-05-21 10:50:18,Boat-2,Harbor Velocity Team,5,Upwind,21.088,16.237,15.955,39.648,199.918,17.746,330.017,18.561,70.813,-123.3,1324.587,none,starboard,2.611
2026-05-21 10:50:18,Boat-3,Northern Reach Sailing,5,Upwind,21.154,16.105,15.973,-40.418,201.046,17.575,9.843,15.999,77.343,32.927,1317.012,none,port,2.389
2026-05-21 10:50:18,Boat-4,Blue Horizon GP,5,Upwind,20.308,13.511,16.19,-48.293,202.66,17.176,9.28,18.276,72.12,9.244,1294.776,none,port,2.503
2026-05-21 10:50:18,Boat-5,Straitline Performance,5,Upwind,24.831,20.198,15.852,-35.566,201.57,17.579,11.457,16.068,72.587,37.105,1319.001,none,port,2.389
2026-05-21 10:50:20,Boat-1,Apex Wave Racing,5,Upwind,21.097,17.325,15.526,34.793,201.108,17.063,339.655,15.065,76.914,-111.095,1325.187,none,starboard,2.203
2026-05-21 10:50:20,Boat-2,Harbor Velocity Team,5,Upwind,21.182,16.882,15.559,37.156,202.862,16.552,342.627,19.306,70.702,-128.549,1325.041,none,starboard,2.254
2026-05-21 10:50:20,Boat-3,Northern Reach Sailing,5,Upwind,20.663,15.438,15.303,-41.66,203.015,16.597,9.548,15.241,77.073,36.577,1341.97,none,port,2.286
2026-05-21 10:50:20,Boat-4,Blue Horizon GP,5,Upwind,20.413,14.002,15.73,-46.688,202.751,16.792,7.112,18.154,70.779,12.947,1331.143,none,port,2.259
2026-05-21 10:50:20,Boat-5,Straitline Performance,5,Upwind,22.98,19.663,15.371,-31.165,202.49,16.613,8.036,16.927,75.991,39.897,1322.182,none,port,2.225
2026-05-21 10:50:22,Boat-1,Apex Wave Racing,5,Upwind,20.504,16.997,15.476,34.009,203.069,17.524,345.376,13.435,78.994,-116.931,1348.23,none,starboard,2.179
2026-05-21 10:50:22,Boat-2,Harbor Velocity Team,5,Upwind,20.727,17.846,15.745,30.57,200.926,17.244,346.401,19.628,72.736,-133.764,1358.034,none,starboard,2.28
2026-05-21 10:50:22,Boat-3,Northern Reach Sailing,5,Upwind,20.188,15.348,15.757,-40.513,200.877,17.355,15.946,15.462,81.9,40.265,1360.639,none,port,2.19
2026-05-21 10:50:22,Boat-4,Blue Horizon GP,5,Upwind,20.241,13.027,16.048,-49.942,201.056,17.827,12.283,18.238,75.673,16.701,1354.542,none,port,2.375
2026-05-21 10:50:22,Boat-5,Straitline Performance,5,Upwind,23.542,18.157,15.659,-39.535,204.594,17.334,6.827,17.807,75.077,42.737,1358.894,none,port,2.193
2026-05-21 10:50:24,Boat-1,Apex Wave Racing,5,Upwind,20.638,15.356,15.163,41.919,201.893,16.168,343.076,14.037,76.781,-122.687,1369.616,none,starboard,2.255
2026-05-21 10:50:24,Boat-2,Harbor Velocity Team,5,Upwind,20.697,15.612,15.721,41.035,202.619,16.526,343.733,20.346,69.599,-138.944,1368.017,none,starboard,2.29
2026-05-21 10:50:24,Boat-3,Northern Reach Sailing,5,Upwind,20.859,15.159,15.299,-43.385,201.208,17.275,18.151,15.005,79.011,43.995,1367.93,none,port,2.162
2026-05-21 10:50:24,Boat-4,Blue Horizon GP,5,Upwind,20.52,14.482,15.042,-45.109,203.044,16.896,12.516,17.829,70.419,20.512,1365.891,none,port,2.259
2026-05-21 10:50:24,Boat-5,Straitline Performance,5,Upwind,22.937,19.258,15.385,-32.902,200.727,16.528,15.504,17.809,76.854,45.628,1370.05,none,port,2.26
2026-05-21 10:50:26,Boat-1,Apex Wave Racing,5,Upwind,20.339,16.727,15.372,34.674,202.153,17.258,343.59,15.381,74.326,-128.359,1385.789,none,starboard,2.34
2026-05-21 10:50:26,Boat-2,Harbor Velocity Team,5,Upwind,19.87,17.25,15.656,29.755,203.076,16.791,346.319,17.74,66.651,-144.088,1393.415,none,starboard,2.288
2026-05-21 10:50:26,Boat-3,Northern Reach Sailing,5,Upwind,20.865,15.604,15.476,-41.596,200.011,17.369,18.31,13.795,79.979,47.772,1383.536,none,port,2.311
2026-05-21 10:50:26,Boat-4,Blue Horizon GP,5,Upwind,20.319,13.845,15.139,-47.048,202.378,17.01,10.842,17.747,72.141,24.383,1389.146,none,port,2.251
2026-05-21 10:50:26,Boat-5,Straitline Performance,5,Upwind,23.59,20.167,15.341,-31.251,203.771,17.296,9.981,17.964,73.843,48.574,1379.937,none,port,2.371
2026-05-21 10:50:28,Boat-1,Apex Wave Racing,5,Upwind,20.779,16.697,15.574,36.53,198.645,16.73,348.201,15.212,79.549,-133.944,1407.839,none,starboard,2.164
2026-05-21 10:50:28,Boat-2,Harbor Velocity Team,5,Upwind,20.837,17.566,15.371,32.538,201.982,16.29,333.982,17.039,68.329,-149.193,1410.12,none,starboard,2.308
2026-05-21 10:50:28,Boat-3,Northern Reach Sailing,5,Upwind,19.514,14.449,14.913,-42.231,203.404,17.173,10.692,15.737,79.146,51.6,1390.913,none,port,2.268
2026-05-21 10:50:28,Boat-4,Blue Horizon GP,5,Upwind,20.414,14.498,15.476,-44.751,201.295,17.501,13.419,18.299,72.893,28.317,1406.648,none,port,2.226
2026-05-21 10:50:28,Boat-5,Straitline Performance,5,Upwind,23.127,19.187,15.352,-33.939,202.232,16.793,6.593,17.969,73.491,51.58,1403.872,none,port,2.293
2026-05-21 10:50:30,Boat-1,Apex Wave Racing,5,Upwind,21.268,18.228,16.027,31.016,201.439,17.124,346.592,12.99,78.979,-139.436,1438.817,none,starboard,2.425
2026-05-21 10:50:30,Boat-2,Harbor Velocity Team,5,Upwind,21.284,17.076,15.961,36.653,201.542,17.49,344.059,17.54,69.398,-154.259,1414.252,none,starboard,2.485
2026-05-21 10:50:30,Boat-3,Northern Reach Sailing,5,Upwind,21.122,14.62,15.62,-46.199,203.931,16.761,9.528,16.057,78.685,55.486,1424.393,none,port,2.348
2026-05-21 10:50:30,Boat-4,Blue Horizon GP,5,Upwind,20.203,13.334,15.972,-48.702,201.695,17.114,12.936,17.962,70.509,32.32,1422.414,none,port,2.394
2026-05-21 10:50:30,Boat-5,Straitline Performance,5,Upwind,23.009,19.305,16.275,-32.959,202.773,17.135,10.214,19.281,76.816,54.649,1432.498,none,port,2.386
2026-05-21 10:50:32,Boat-1,Apex Wave Racing,5,Upwind,20.338,17.477,15.612,30.762,202.125,16.824,335.326,13.603,76.944,-144.833,1453.521,none,starboard,2.494
2026-05-21 10:50:32,Boat-2,Harbor Velocity Team,5,Upwind,20.438,16.337,15.333,36.932,201.899,16.704,349.284,18.567,69.937,-159.284,1445.447,none,starboard,2.378
2026-05-21 10:50:32,Boat-3,Northern Reach Sailing,5,Upwind,19.23,14.001,15.417,-43.275,199.912,16.555,10.686,15.189,80.529,59.432,1437.572,none,port,2.378
2026-05-21 10:50:32,Boat-4,Blue Horizon GP,5,Upwind,20.096,14.692,15.55,-43.022,202.271,16.574,10.047,18.701,71.78,36.393,1441.808,none,port,2.372
2026-05-21 10:50:32,Boat-5,Straitline Performance,5,Upwind,23.671,19.378,15.604,-35.053,201.956,16.16,11.039,18.75,74.894,57.785,1438.308,none,port,2.392
2026-05-21 10:50:34,Boat-1,Apex Wave Racing,5,Upwind,21.07,17.841,15.273,32.142,202.19,17.851,331.896,13.429,74.864,-150.132,1462.099,none,starboard,2.187
2026-05-21 10:50:34,Boat-2,Harbor Velocity Team,5,Upwind,19.973,17.646,15.241,27.93,201.22,17.499,343.268,19.621,71.356,-164.266,1467.135,none,starboard,2.162
2026-05-21 10:50:34,Boat-3,Northern Reach Sailing,5,Upwind,20.731,14.326,15.112,-46.289,200.781,17.708,10.877,16.753,81.573,63.444,1466.569,none,port,2.194
2026-05-21 10:50:34,Boat-4,Blue Horizon GP,5,Upwind,19.879,15.277,15.103,-39.781,200.938,17.466,15.932,18.063,70.581,40.541,1468.816,none,port,2.224
2026-05-21 10:50:34,Boat-5,Straitline Performance,5,Upwind,23.23,19.742,15.358,-31.805,203.223,18.361,7.628,17.618,76.813,60.99,1465.003,none,port,2.157
2026-05-21 10:50:36,Boat-1,Apex Wave Racing,5,Upwind,20.125,16.928,15.987,32.74,202.761,16.573,347.732,16.157,76.057,-155.328,1473.172,none,starboard,2.48
2026-05-21 10:50:36,Boat-2,Harbor Velocity Team,5,Upwind,20.263,17.631,15.697,29.529,203.027,16.851,340.794,17.558,69.27,-169.205,1478.451,none,starboard,2.408
2026-05-21 10:50:36,Boat-3,Northern Reach Sailing,5,Upwind,20.12,15.784,15.939,-38.327,201.779,17.086,14.31,14.359,75.596,67.526,1479.692,none,port,2.388
2026-05-21 10:50:36,Boat-4,Blue Horizon GP,5,Upwind,20.102,13.582,16.018,-47.495,202.034,16.802,14.494,18.792,72.035,44.766,1471.138,none,port,2.351
2026-05-21 10:50:36,Boat-5,Straitline Performance,5,Upwind,22.711,18.046,15.813,-37.384,202.065,16.729,10.981,16.872,75.484,64.269,1486.727,none,port,2.431
2026-05-21 10:50:38,Boat-1,Apex Wave Racing,5,Upwind,20.489,15.926,15.025,38.987,201.544,16.176,347.366,15.786,73.814,-160.42,1509.412,none,starboard,2.267
2026-05-21 10:50:38,Boat-2,Harbor Velocity Team,5,Upwind,19.734,16.247,14.048,34.581,203.84,15.567,339.549,18.095,68.8,-174.101,1495.366,none,starboard,2.229
2026-05-21 10:50:38,Boat-3,Northern Reach Sailing,5,Upwind,20.288,16.56,14.238,-35.289,201.208,15.94,10.593,13.066,78.143,71.681,1498.861,none,port,2.218
2026-05-21 10:50:38,Boat-4,Blue Horizon GP,5,Upwind,20.074,14.925,14.789,-41.968,203.366,16.158,13.754,17.907,71.557,49.071,1501.814,none,port,2.218
2026-05-21 10:50:38,Boat-5,Straitline Performance,5,Upwind,22.387,17.032,14.534,-40.463,201.062,15.583,15.376,17.414,78.427,67.624,1499.193,none,port,2.212
2026-05-21 10:50:40,Boat-1,Apex Wave Racing,5,Upwind,20.298,17.196,14.898,32.096,201.633,16.27,327.357,13.908,78.497,-165.405,1518.126,none,starboard,1.949
2026-05-21 10:50:40,Boat-2,Harbor Velocity Team,5,Upwind,19.855,16.51,14.484,33.743,203.41,16.33,347.487,18.007,69.344,-178.951,1504.586,none,starboard,2.073
2026-05-21 10:50:40,Boat-3,Northern Reach Sailing,5,Upwind,20.255,15.497,14.624,-40.081,201.781,16.373,11.722,14.524,78.187,75.914,1524.546,none,port,2.062
2026-05-21 10:50:40,Boat-4,Blue Horizon GP,5,Upwind,18.936,14.152,14.697,-41.641,202.876,16.165,18.781,18.223,71.133,53.459,1506.653,none,port,2.06
2026-05-21 10:50:40,Boat-5,Straitline Performance,5,Upwind,22.98,18.531,14.502,-36.255,202.311,16.917,10.846,16.324,76.515,71.059,1511.417,none,port,1.933
2026-05-21 10:50:42,Boat-1,Apex Wave Racing,5,Upwind,19.787,16.786,15.884,31.968,200.293,17.127,347.124,14.895,74.313,-170.28,1524.804,none,starboard,2.357
2026-05-21 10:50:42,Boat-2,Harbor Velocity Team,5,Upwind,20.702,16.681,16.113,36.319,199.391,16.827,349.056,18.298,69.272,-183.756,1538.871,none,starboard,2.406
2026-05-21 10:50:42,Boat-3,Northern Reach Sailing,5,Upwind,20.22,15.535,15.669,-39.8,201.629,16.89,16.034,13.657,77.688,80.228,1540.052,none,port,2.479
2026-05-21 10:50:42,Boat-4,Blue Horizon GP,5,Upwind,20.079,13.038,15.366,-49.508,201.848,16.693,9.554,18.537,69.507,57.932,1527.871,none,port,2.345
2026-05-21 10:50:42,Boat-5,Straitline Performance,5,Upwind,22.349,19.129,15.638,-31.139,202.998,16.965,12.14,17.496,76.097,74.575,1535.468,none,port,2.4
2026-05-21 10:50:44,Boat-1,Apex Wave Racing,5,Upwind,20.281,17.575,15.6,29.936,201.676,15.854,350.473,12.8,77.483,-175.044,1560.296,none,starboard,2.245
2026-05-21 10:50:44,Boat-2,Harbor Velocity Team,5,Upwind,20.391,16.956,15.54,33.742,201.42,15.569,339.81,18.613,70.14,-188.515,1554.044,none,starboard,2.248
2026-05-21 10:50:44,Boat-3,Northern Reach Sailing,5,Upwind,20.359,14.305,15.438,-45.36,202.349,15.777,10.969,15.981,80.051,84.627,1554.863,none,port,2.236
2026-05-21 10:50:44,Boat-4,Blue Horizon GP,5,Upwind,19.608,12.987,15.75,-48.523,202.159,16.237,15.103,19.485,74.698,62.493,1560.322,none,port,2.285
2026-05-21 10:50:44,Boat-5,Straitline Performance,5,Upwind,23.167,19.454,15.561,-32.892,201.901,15.893,12.123,17.815,76.749,78.175,1544.497,none,port,2.315
2026-05-21 10:50:46,Boat-1,Apex Wave Racing,5,Upwind,20.057,17.862,15.162,27.055,200.638,17.778,328.288,13.253,75.496,-179.695,1580.909,none,starboard,2.234
2026-05-21 10:50:46,Boat-2,Harbor Velocity Team,5,Upwind,20.694,16.654,15.413,36.411,202.03,17.58,344.251,17.557,70.048,-193.227,1564.625,none,starboard,2.312
2026-05-21 10:50:46,Boat-3,Northern Reach Sailing,5,Upwind,20.125,16.112,15.607,-36.815,200.968,17.61,11.955,14.208,78.845,89.113,1585.894,none,port,2.216
2026-05-21 10:50:46,Boat-4,Blue Horizon GP,5,Upwind,19.78,14.18,15.571,-44.204,201.433,17.541,19.196,17.917,72.499,67.142,1561.997,none,port,2.198
2026-05-21 10:50:46,Boat-5,Straitline Performance,5,Upwind,23.579,18.921,15.285,-36.635,199.744,17.494,10.826,18.676,74.884,81.861,1569.389,none,port,2.273
2026-05-21 10:50:48,Boat-1,Apex Wave Racing,5,Upwind,19.536,15.046,14.728,39.631,200.01,16.038,339.44,15.037,74.44,-184.233,1575.167,none,starboard,2.067
2026-05-21 10:50:48,Boat-2,Harbor Velocity Team,5,Upwind,20.318,16.756,15.046,34.446,202.552,15.735,348.224,19.765,72.18,-197.892,1587.297,none,starboard,2.014
2026-05-21 10:50:48,Boat-3,Northern Reach Sailing,5,Upwind,20.292,15.48,14.865,-40.284,202.254,16.411,22.703,16.222,81.57,93.69,1597.665,none,port,2.104
2026-05-21 10:50:48,Boat-4,Blue Horizon GP,5,Upwind,19.11,15.599,15.226,-35.284,201.481,16.444,8.773,18.022,68.75,71.882,1587.29,none,port,2.097
2026-05-21 10:50:48,Boat-5,Straitline Performance,5,Upwind,23.154,20.17,14.928,-29.414,201.916,15.713,10.813,17.472,72.501,85.634,1583.505,none,port,2.122
2026-05-21 10:50:50,Boat-1,Apex Wave Racing,5,Upwind,20.223,16.499,15.343,35.327,200.807,15.62,350.655,15.04,77.362,-188.655,1604.797,none,starboard,2.349
2026-05-21 10:50:50,Boat-2,Harbor Velocity Team,5,Upwind,19.724,17.38,14.906,28.213,200.1,16.014,345.434,18.037,69.305,-202.511,1609.157,none,starboard,2.242
2026-05-21 10:50:50,Boat-3,Northern Reach Sailing,5,Upwind,21.036,15.662,15.228,-41.881,200.773,16.126,17.992,16.329,80.222,98.36,1607.996,none,port,2.283
2026-05-21 10:50:50,Boat-4,Blue Horizon GP,5,Upwind,19.556,13.314,14.869,-47.094,200.31,15.994,12.001,17.284,70.682,76.714,1624.027,none,port,2.229
2026-05-21 10:50:50,Boat-5,Straitline Performance,5,Upwind,22.634,19.229,15.347,-31.837,202.108,15.567,12.332,18.453,75.971,89.498,1609.374,none,port,2.198
2026-05-21 10:50:52,Boat-1,Apex Wave Racing,5,Upwind,20.249,16.278,15.914,36.495,203.763,17.845,349.909,14.583,76.475,-192.962,1628.215,none,starboard,2.539
2026-05-21 10:50:52,Boat-2,Harbor Velocity Team,5,Upwind,20.204,16.65,16.166,34.502,200.186,17.951,345.794,21.164,70.568,-207.082,1622.663,none,starboard,2.603
2026-05-21 10:50:52,Boat-3,Northern Reach Sailing,5,Upwind,19.68,14.881,16.406,-40.874,201.65,18.088,12.013,14.359,80.848,103.125,1626.718,none,port,2.586
2026-05-21 10:50:52,Boat-4,Blue Horizon GP,5,Upwind,20.128,13.593,16.109,-47.52,202.38,17.747,32.953,19.337,68.915,81.64,1633.192,none,port,2.603
2026-05-21 10:50:52,Boat-5,Straitline Performance,5,Upwind,23.31,20.091,16.539,-30.468,202.054,17.904,11.949,18.364,78.837,93.452,1619.264,none,port,2.485
2026-05-21 10:50:54,Boat-1,Apex Wave Racing,5,Upwind,20.016,16.696,15.407,33.476,201.866,17.715,346.336,14.687,78.392,-197.153,1652.55,none,starboard,2.301
2026-05-21 10:50:54,Boat-2,Harbor Velocity Team,5,Upwind,20.148,15.953,15.992,37.645,203.601,17.28,342.56,17.763,70.224,-211.607,1645.09,none,starboard,2.303
2026-05-21 10:50:54,Boat-3,Northern Reach Sailing,5,Upwind,18.622,14.27,15.593,-39.978,200.253,17.332,13.529,14.405,76.367,107.988,1653.244,none,port,2.277
2026-05-21 10:50:54,Boat-4,Blue Horizon GP,5,Upwind,20.048,13.663,15.494,-47.04,202.915,17.262,21.375,18.027,72.786,86.659,1639.369,none,port,2.195
2026-05-21 10:50:54,Boat-5,Straitline Performance,5,Upwind,22.424,18.075,15.854,-36.286,201.619,17.183,8.665,16.727,71.539,97.498,1647.18,none,port,2.154
2026-05-21 10:50:56,Boat-1,Apex Wave Racing,5,Upwind,19.905,16.502,14.966,34.001,202.27,16.288,342.747,14.56,74.746,-201.229,1662.217,none,starboard,2.18
2026-05-21 10:50:56,Boat-2,Harbor Velocity Team,5,Upwind,20.197,15.764,15.404,38.696,201.413,16.115,349.136,20.61,72.437,-216.085,1651.319,none,starboard,2.212
2026-05-21 10:50:56,Boat-3,Northern Reach Sailing,5,Upwind,19.935,14.878,15.789,-41.727,201.583,16.12,23.148,15.887,77.065,112.951,1667.555,none,port,2.313
2026-05-21 10:50:56,Boat-4,Blue Horizon GP,5,Upwind,19.269,13.169,15.443,-46.888,201.95,16.205,14.133,17.662,71.446,91.774,1659.084,none,port,2.305
2026-05-21 10:50:56,Boat-5,Straitline Performance,5,Upwind,22.987,16.801,15.611,-43.04,203.484,16.079,10.613,17.777,76.194,101.637,1672.973,none,port,2.2
2026-05-21 10:50:58,Boat-1,Apex Wave Racing,5,Upwind,19.87,16.313,14.875,34.818,201.494,17.412,350.275,14.383,75.6,-205.188,1678.422,none,starboard,2.141
2026-05-21 10:50:58,Boat-2,Harbor Velocity Team,5,Upwind,20.977,17.439,14.768,33.767,200.423,17.968,349.871,20.017,70.705,-220.516,1691.512,none,starboard,2.215
2026-05-21 10:50:58,Boat-3,Northern Reach Sailing,5,Upwind,19.74,14.174,15.13,-44.105,201.429,17.704,13.795,16.523,77.106,118.014,1676.696,none,port,2.057
2026-05-21 10:50:58,Boat-4,Blue Horizon GP,5,Upwind,19.997,14.205,15.447,-44.735,201.094,17.467,11.835,17.263,71.491,96.983,1680.369,none,port,2.06
2026-05-21 10:50:58,Boat-5,Straitline Performance,5,Upwind,22.721,19.322,15.441,-31.744,199.449,17.195,22.917,17.38,72.761,105.87,1691.86,none,port,2.127
2026-05-21 10:51:00,Boat-1,Apex Wave Racing,5,Upwind,19.81,17.041,15.152,30.654,200.16,17.291,349.112,13.918,72.87,-209.033,1707.757,none,starboard,2.414
2026-05-21 10:51:00,Boat-2,Harbor Velocity Team,5,Upwind,21.158,16.965,15.113,36.698,200.916,16.399,336.273,18.449,72.805,-224.902,1700.675,none,starboard,2.429
2026-05-21 10:51:00,Boat-3,Northern Reach Sailing,5,Upwind,19.806,13.855,15.212,-45.612,203.168,17.068,11.043,13.651,80.598,123.18,1709.216,none,port,2.36
2026-05-21 10:51:00,Boat-4,Blue Horizon GP,5,Upwind,20.296,14.605,15.309,-43.98,202.203,16.995,18.93,17.124,70.031,102.288,1709.259,none,port,2.443
2026-05-21 10:51:00,Boat-5,Straitline Performance,5,Upwind,22.297,17.426,15.08,-38.599,202.233,17.009,20.131,17.234,75.277,110.196,1693.219,none,port,2.413
2026-05-21 10:51:02,Boat-1,Apex Wave Racing,5,Upwind,19.91,15.757,14.581,37.68,203.092,16.118,348.317,14.349,73.13,-212.765,1717.809,none,starboard,2.045
2026-05-21 10:51:02,Boat-2,Harbor Velocity Team,5,Upwind,20.625,17.224,14.919,33.373,202.491,16.156,336.29,18.199,69.03,-229.243,1711.366,none,starboard,2.05
2026-05-21 10:51:02,Boat-3,Northern Reach Sailing,5,Upwind,19.399,14.718,14.564,-40.652,201.997,15.9,15.329,15.548,76.607,128.449,1730.163,none,port,2.152
2026-05-21 10:51:02,Boat-4,Blue Horizon GP,5,Upwind,19.375,14.47,14.603,-41.684,203.538,15.732,28.087,17.677,70.821,107.687,1711.58,none,port,2.119
2026-05-21 10:51:02,Boat-5,Straitline Performance,5,Upwind,23.023,19.077,14.943,-34.044,202.181,15.246,9.826,17.332,75.431,114.617,1715.721,none,port,2.065
2026-05-21 10:51:04,Boat-1,Apex Wave Racing,5,Upwind,19.712,15.642,15.225,37.481,199.736,17.518,347.572,14.992,79.996,-216.383,1743.301,none,starboard,2.319
2026-05-21 10:51:04,Boat-2,Harbor Velocity Team,5,Upwind,20.463,15.783,15.488,39.531,201.22,16.844,350.646,18.166,70.991,-233.539,1720.341,none,starboard,2.284
2026-05-21 10:51:04,Boat-3,Northern Reach Sailing,5,Upwind,20.452,16.149,15.481,-37.852,202.26,17.583,15.617,12.845,76.795,133.823,1748.041,none,port,2.265
2026-05-21 10:51:04,Boat-4,Blue Horizon GP,5,Upwind,19.803,14.476,15.426,-43.033,203.113,17.725,12.734,19.765,72.819,113.181,1729.672,none,port,2.307
2026-05-21 10:51:04,Boat-5,Straitline Performance,5,Upwind,21.95,18.705,15.463,-31.549,204.429,17.577,11.101,17.677,76.644,119.13,1744.8,none,port,2.34
2026-05-21 10:51:06,Boat-1,Apex Wave Racing,5,Upwind,21.34,16.947,15.637,37.425,201.381,16.955,343.673,15.166,80.543,-219.891,1750.146,none,starboard,2.201
2026-05-21 10:51:06,Boat-2,Harbor Velocity Team,5,Upwind,19.762,16.776,15.263,31.909,202.257,17.423,351.716,17.567,70.062,-237.791,1763.261,none,starboard,2.324
2026-05-21 10:51:06,Boat-3,Northern Reach Sailing,5,Upwind,19.431,13.593,15.512,-45.608,201.967,16.979,14.413,15.115,76.488,139.3,1768.98,none,port,2.343
2026-05-21 10:51:06,Boat-4,Blue Horizon GP,5,Upwind,18.811,12.973,15.227,-46.395,201.959,17.004,19.014,17.892,73.246,118.769,1760.616,none,port,2.306
2026-05-21 10:51:06,Boat-5,Straitline Performance,5,Upwind,22.35,16.85,15.606,-41.067,201.976,17.113,19.272,18.014,75.753,123.738,1762.205,none,port,2.347
2026-05-21 10:51:08,Boat-1,Apex Wave Racing,5,Upwind,19.247,15.721,14.65,35.234,202.133,16.142,352.364,14.778,77.011,-223.29,1766.88,none,starboard,2.093
2026-05-21 10:51:08,Boat-2,Harbor Velocity Team,5,Upwind,20.548,16.262,15.35,37.685,201.117,15.43,344.999,18.939,68.97,-242.001,1778.461,none,starboard,2.049
2026-05-21 10:51:08,Boat-3,Northern Reach Sailing,5,Upwind,20.111,16.064,14.782,-36.988,199.851,15.809,16.464,16.067,82.965,144.882,1791.074,none,port,2.103
2026-05-21 10:51:08,Boat-4,Blue Horizon GP,5,Upwind,19.193,13.224,14.532,-46.449,204.446,15.831,24.052,16.33,72.785,124.449,1762.371,none,port,2.164
2026-05-21 10:51:08,Boat-5,Straitline Performance,5,Upwind,22.134,16.179,14.455,-43.033,202.684,16.141,18.382,18.295,77.558,128.437,1771.417,none,port,2.055
2026-05-21 10:51:10,Boat-1,Apex Wave Racing,5,Upwind,19.81,15.59,15.339,38.1,202.639,15.753,352.323,13.631,75.556,-226.583,1800.053,none,starboard,2.072
2026-05-21 10:51:10,Boat-2,Harbor Velocity Team,5,Upwind,19.981,16.558,14.753,34.034,200.467,16.734,348.03,18.668,70.85,-246.17,1794.527,none,starboard,2.272
2026-05-21 10:51:10,Boat-3,Northern Reach Sailing,5,Upwind,20.373,14.036,15.449,-46.453,200.189,15.765,24.905,18.74,78.143,150.569,1807.109,none,port,2.258
2026-05-21 10:51:10,Boat-4,Blue Horizon GP,5,Upwind,19.94,13.358,15.346,-47.94,205.354,16.045,13.569,19.024,68.83,130.222,1786.277,none,port,2.319
2026-05-21 10:51:10,Boat-5,Straitline Performance,5,Upwind,22.523,17.925,14.966,-37.264,202.523,15.954,13.036,16.891,77.283,133.228,1790.765,none,port,2.146
2026-05-21 10:51:12,Boat-1,Apex Wave Racing,5,Upwind,19.749,16.333,14.84,34.206,201.598,16.501,350.626,13.499,76.374,-229.771,1814.953,none,starboard,2.359
2026-05-21 10:51:12,Boat-2,Harbor Velocity Team,5,Upwind,21.154,17.264,14.819,35.303,203.964,16.383,348.812,17.146,73.92,-250.298,1817.595,none,starboard,2.315
2026-05-21 10:51:12,Boat-3,Northern Reach Sailing,5,Upwind,20.17,14.268,15.142,-44.98,202.047,16.663,26.681,15.374,79.239,156.359,1815.793,none,port,2.466
2026-05-21 10:51:12,Boat-4,Blue Horizon GP,5,Upwind,20.131,15.263,14.754,-40.693,201.869,16.384,15.303,16.964,71.063,136.084,1810.574,none,port,2.36
2026-05-21 10:51:12,Boat-5,Straitline Performance,5,Upwind,23.239,18.534,14.439,-37.101,202.501,16.302,19.733,18.327,74.886,138.11,1813.193,none,port,2.274
2026-05-21 10:51:14,Boat-1,Apex Wave Racing,5,Upwind,21.01,17.296,15.108,34.591,200.463,16.589,349.03,14.928,78.407,-232.858,1838.062,none,starboard,2.34
2026-05-21 10:51:14,Boat-2,Harbor Velocity Team,5,Upwind,19.676,17.289,14.675,28.516,202.922,16.884,345.858,20.499,69.503,-254.388,1836.074,none,starboard,2.313
2026-05-21 10:51:14,Boat-3,Northern Reach Sailing,5,Upwind,20.285,14.228,15.198,-45.459,202.791,16.283,28.799,14.404,76.408,162.252,1830.358,none,port,2.314
2026-05-21 10:51:14,Boat-4,Blue Horizon GP,5,Upwind,19.548,15.006,15.22,-39.859,202.214,16.682,23.121,18.827,71.88,142.034,1829.449,none,port,2.305
2026-05-21 10:51:14,Boat-5,Straitline Performance,5,Upwind,23.108,18.668,14.872,-36.111,204.424,16.439,14.075,18.174,77.146,143.08,1818.231,none,port,2.369
2026-05-21 10:51:16,Boat-1,Apex Wave Racing,5,Upwind,19.545,15.683,15.329,36.641,201.358,16.08,346.665,16.164,76.081,-235.846,1846.297,none,starboard,2.224
2026-05-21 10:51:16,Boat-2,Harbor Velocity Team,5,Upwind,20.723,17.257,15.019,33.621,201.872,16.911,344.549,18.355,70.788,-258.439,1849.906,none,starboard,2.23
2026-05-21 10:51:16,Boat-3,Northern Reach Sailing,5,Upwind,20.462,15.012,14.942,-42.806,201.981,16.83,17.498,14.925,79.939,168.248,1837.419,none,port,2.106
2026-05-21 10:51:16,Boat-4,Blue Horizon GP,5,Upwind,21.14,15.186,15.484,-44.081,203.002,16.848,17.009,17.929,70.24,148.071,1838.649,none,port,2.165
2026-05-21 10:51:16,Boat-5,Straitline Performance,5,Upwind,22.891,18.656,15.134,-35.416,201.016,16.956,10.092,16.923,74.793,148.138,1853.188,none,port,2.146
2026-05-21 10:51:18,Boat-1,Apex Wave Racing,5,Upwind,20.101,17.201,14.166,31.162,201.321,15.325,353.513,14.407,77.185,-238.74,1862.879,none,starboard,2.08
2026-05-21 10:51:18,Boat-2,Harbor Velocity Team,5,Upwind,20.048,17.739,14.403,27.767,201.571,15.251,346.262,18.211,68.681,-262.455,1865.263,none,starboard,2.13
2026-05-21 10:51:18,Boat-3,Northern Reach Sailing,5,Upwind,19.907,16.586,14.221,-33.573,201.194,15.366,12.996,14.766,75.185,174.344,1868.712,none,port,2.11
2026-05-21 10:51:18,Boat-4,Blue Horizon GP,5,Upwind,19.905,14.8,14.736,-41.968,201.14,15.532,13.724,17.907,68.557,154.192,1869.193,none,port,2.087
2026-05-21 10:51:18,Boat-5,Straitline Performance,5,Upwind,22.72,18.139,14.416,-37.027,201.41,15.202,18.779,16.521,74.393,153.28,1875.539,none,port,2.071
2026-05-21 10:51:20,Boat-1,Apex Wave Racing,5,Upwind,20.356,16.828,15.424,34.242,201.303,16.727,350.139,14.089,76.948,-241.542,1896.39,none,starboard,2.173
2026-05-21 10:51:20,Boat-2,Harbor Velocity Team,5,Upwind,20.788,17.564,15.606,32.336,203.765,16.71,349.237,17.885,68.612,-266.437,1882.62,none,starboard,2.205
2026-05-21 10:51:20,Boat-3,Northern Reach Sailing,5,Upwind,20.062,15.998,15.501,-37.115,201.889,17.064,18.628,14.313,76.728,180.539,1890.679,none,port,2.341
2026-05-21 10:51:20,Boat-4,Blue Horizon GP,5,Upwind,19.397,13.487,15.53,-45.948,203.088,16.328,22.65,19.696,69.309,160.394,1889.109,none,port,2.255
2026-05-21 10:51:20,Boat-5,Straitline Performance,5,Upwind,22.879,17.995,15.1,-38.136,202.983,17.112,28.524,19.133,73.273,158.506,1883.681,none,port,2.238
2026-05-21 10:51:22,Boat-1,Apex Wave Racing,5,Upwind,20.373,17.547,15.172,30.539,203.137,17.051,351.568,14.429,75.965,-244.258,1894.624,none,starboard,2.129
2026-05-21 10:51:22,Boat-2,Harbor Velocity Team,5,Upwind,21.202,18.456,15.804,29.483,202.721,16.492,351.004,18.016,69.784,-270.386,1906.985,none,starboard,2.16
2026-05-21 10:51:22,Boat-3,Northern Reach Sailing,5,Upwind,20.523,15.357,15.674,-41.557,201.711,16.934,32.419,14.414,77.175,186.832,1905.759,none,port,2.093
2026-05-21 10:51:22,Boat-4,Blue Horizon GP,5,Upwind,20.571,15.522,15.372,-41.011,202.182,16.454,15.761,18.722,74.022,166.676,1899.111,none,port,2.176
2026-05-21 10:51:22,Boat-5,Straitline Performance,5,Upwind,23.678,17.763,15.657,-41.394,202.353,17.084,12.185,19.912,77.634,163.812,1894.917,none,port,2.089
2026-05-21 10:51:24,Boat-1,Apex Wave Racing,5,Upwind,20.809,17.11,15.088,34.689,200.867,15.128,354.779,13.4,76.024,-246.89,1932.464,none,starboard,2.316
2026-05-21 10:51:24,Boat-2,Harbor Velocity Team,5,Upwind,21.235,17.421,15.019,34.876,203.463,15.918,346.814,18.357,70.239,-274.305,1932.315,none,starboard,2.347
2026-05-21 10:51:24,Boat-3,Northern Reach Sailing,5,Upwind,20.449,16.044,14.985,-38.314,203.059,15.935,20.451,14.653,78.687,193.22,1910.645,none,port,2.332
2026-05-21 10:51:24,Boat-4,Blue Horizon GP,5,Upwind,19.369,12.649,15.077,-49.229,202.611,15.491,16.189,17.515,69.403,173.033,1933.89,none,port,2.226
2026-05-21 10:51:24,Boat-5,Straitline Performance,5,Upwind,22.15,18.324,15.263,-34.18,201.89,15.263,12.636,17.821,74.834,169.196,1933.186,none,port,2.313
2026-05-21 10:51:26,Boat-1,Apex Wave Racing,5,Upwind,20.615,17.065,14.134,34.125,202.819,14.696,351.605,15.8,77.274,-249.443,1951.367,none,starboard,2.042
2026-05-21 10:51:26,Boat-2,Harbor Velocity Team,5,Upwind,20.568,17.241,14.067,33.047,201.846,14.683,348.335,18.565,70.172,-278.194,1940.313,none,starboard,2.118
2026-05-21 10:51:26,Boat-3,Northern Reach Sailing,5,Upwind,20.422,15.757,14.145,-39.504,203.283,14.667,13.454,15.57,76.841,199.7,1940.266,none,port,2.017
2026-05-21 10:51:26,Boat-4,Blue Horizon GP,5,Upwind,19.994,14.712,14.48,-42.621,201.855,14.571,35.138,17.134,71.42,179.464,1943.157,none,port,2.166
2026-05-21 10:51:26,Boat-5,Straitline Performance,5,Upwind,23.251,18.733,14.742,-36.326,202.41,14.772,18.972,17.396,71.15,174.655,1943.281,none,port,2.126
2026-05-21 10:51:28,Boat-1,Apex Wave Racing,5,Upwind,20.083,16.268,14.92,35.902,202.568,16.29,347.888,14.82,75.233,-251.922,1966.564,none,starboard,2.244
2026-05-21 10:51:28,Boat-2,Harbor Velocity Team,5,Upwind,21.218,18.344,14.944,30.165,202.449,16.189,349.189,18.323,70.609,-282.057,1969.866,none,starboard,2.192
2026-05-21 10:51:28,Boat-3,Northern Reach Sailing,5,Upwind,19.516,14.373,15.173,-42.566,201.785,16.558,22.687,15.25,80.934,206.271,1965.198,none,port,2.177
2026-05-21 10:51:28,Boat-4,Blue Horizon GP,5,Upwind,19.414,12.325,14.293,-50.59,201.527,16.272,15.857,17.087,71.045,185.964,1952.262,none,port,2.259
2026-05-21 10:51:28,Boat-5,Straitline Performance,5,Upwind,22.821,18.552,15.24,-35.613,203.399,16.142,23.088,18.747,76.262,180.186,1965.154,none,port,2.291
2026-05-21 10:51:30,Boat-1,Apex Wave Racing,5,Upwind,20.509,16.989,15.253,34.069,203.397,16.177,349.274,13.817,77.712,-254.332,1974.149,none,starboard,2.308
2026-05-21 10:51:30,Boat-2,Harbor Velocity Team,5,Upwind,20.811,17.801,15.716,31.2,202.783,16.05,345.372,19.225,68.307,-285.896,1980.641,none,starboard,2.349
2026-05-21 10:51:30,Boat-3,Northern Reach Sailing,5,Upwind,20.408,15.637,15.76,-39.983,202.285,16.11,21.823,14.332,79.287,212.928,1971.909,none,port,2.336
2026-05-21 10:51:30,Boat-4,Blue Horizon GP,5,Upwind,19.648,13.384,15.9,-47.064,200.156,16.166,18.086,21.192,71.29,192.53,1989.157,none,port,2.262
2026-05-21 10:51:30,Boat-5,Straitline Performance,5,Upwind,23.421,18.128,15.628,-39.285,202.874,15.628,26.383,18.465,74.661,185.786,1969.391,none,port,2.334
2026-05-21 10:51:32,Boat-1,Apex Wave Racing,5,Upwind,19.354,16.468,14.173,31.695,202.27,15.569,353.425,14.13,75.98,-256.677,1991.667,none,starboard,1.99
2026-05-21 10:51:32,Boat-2,Harbor Velocity Team,5,Upwind,20.936,17.67,14.229,32.434,201.811,15.313,351.548,18.746,69.822,-289.711,1999.191,none,starboard,2.024
2026-05-21 10:51:32,Boat-3,Northern Reach Sailing,5,Upwind,19.733,15.858,14.434,-36.521,202.72,15.117,16.091,14.266,77.06,219.67,1998.659,none,port,2.006
2026-05-21 10:51:32,Boat-4,Blue Horizon GP,5,Upwind,20.319,15.135,14.044,-41.852,204.049,15.792,26.302,17.309,70.73,199.158,1992.664,none,port,1.971
2026-05-21 10:51:32,Boat-5,Straitline Performance,5,Upwind,23.179,16.723,14.425,-43.825,201.632,15.82,13.077,18.147,74.711,191.45,1987.863,none,port,2.059
2026-05-21 10:51:34,Boat-1,Apex Wave Racing,5,Upwind,20.545,16.746,15.147,35.403,203.528,16.58,352.316,14.067,77.144,-258.963,2014.332,none,starboard,2.287
2026-05-21 10:51:34,Boat-2,Harbor Velocity Team,5,Upwind,21.552,17.596,15.073,35.269,202.553,15.942,350.631,19.45,71.865,-293.507,2031.859,none,starboard,2.311
2026-05-21 10:51:34,Boat-3,Northern Reach Sailing,5,Upwind,20.644,14.983,14.893,-43.467,203.125,16.551,17.513,15.078,79.997,226.492,2018.93,none,port,2.242
2026-05-21 10:51:34,Boat-4,Blue Horizon GP,5,Upwind,20.033,12.265,14.982,-52.247,203.693,15.914,19.805,20.173,72.756,205.845,2016.095,none,port,2.282
2026-05-21 10:51:34,Boat-5,Straitline Performance,5,Upwind,23.485,18.148,15.069,-39.398,202.919,16.183,12.184,18.972,74.917,197.176,2018.431,none,port,2.271
2026-05-21 10:51:36,Boat-1,Apex Wave Racing,5,Upwind,20.137,17.014,14.923,32.335,202.37,16.914,352.039,15.66,79.247,-261.196,2025.157,none,starboard,2.176
2026-05-21 10:51:36,Boat-2,Harbor Velocity Team,5,Upwind,21.213,17.438,14.668,34.711,201.918,16.748,346.707,18.692,68.643,-297.284,2045.09,none,starboard,2.202
2026-05-21 10:51:36,Boat-3,Northern Reach Sailing,5,Upwind,20.696,15.321,14.566,-42.243,204.378,17.395,16.855,14.395,77.583,233.391,2042.144,none,port,2.124
2026-05-21 10:51:36,Boat-4,Blue Horizon GP,5,Upwind,20.926,14.481,14.676,-46.21,203.301,16.893,18.627,17.988,71.429,212.586,2029.951,none,port,2.245
2026-05-21 10:51:36,Boat-5,Straitline Performance,5,Upwind,23.81,18.624,14.589,-38.539,202.505,16.794,24.01,17.126,74.671,202.96,2041.172,none,port,2.121
2026-05-21 10:51:38,Boat-1,Apex Wave Racing,5,Upwind,20.537,16.46,15.183,36.727,203.117,16.279,355.097,14.497,76.647,-263.379,2045.91,none,starboard,2.224
2026-05-21 10:51:38,Boat-2,Harbor Velocity Team,5,Upwind,21.059,18.158,15.398,30.432,203.078,16.21,339.27,18.59,70.458,-301.046,2063.769,none,starboard,2.36
2026-05-21 10:51:38,Boat-3,Northern Reach Sailing,5,Upwind,20.543,15.801,15.611,-39.722,202.608,16.686,28.006,14.485,77.405,240.363,2064.715,none,port,2.151
2026-05-21 10:51:38,Boat-4,Blue Horizon GP,5,Upwind,19.885,13.843,15.364,-45.882,203.022,16.501,20.187,17.414,70.408,219.377,2056.243,none,port,2.271
2026-05-21 10:51:38,Boat-5,Straitline Performance,5,Upwind,22.675,17.647,15.304,-38.901,203.157,16.077,22.022,17.273,79.988,208.798,2044.521,none,port,2.199
2026-05-21 10:51:40,Boat-1,Apex Wave Racing,5,Upwind,19.826,16.897,14.843,31.54,201.254,16.573,354.958,14.44,78.446,-265.52,2075.575,none,starboard,1.938
2026-05-21 10:51:40,Boat-2,Harbor Velocity Team,5,Upwind,21.097,18.317,14.793,29.745,201.454,16.354,349.551,18.063,71.468,-304.794,2064.933,none,starboard,2.091
2026-05-21 10:51:40,Boat-3,Northern Reach Sailing,5,Upwind,20.191,14.793,14.773,-42.891,204.193,16.743,28.444,16.089,79.806,247.404,2068.491,none,port,2.07
2026-05-21 10:51:40,Boat-4,Blue Horizon GP,5,Upwind,19.489,13.752,14.51,-45.119,200.373,16.491,24.776,18.454,71.431,226.214,2067.019,none,port,2.074
2026-05-21 10:51:40,Boat-5,Straitline Performance,5,Upwind,23.75,18.17,14.998,-40.088,202.554,16.564,19.334,18.423,78.131,214.685,2070.16,none,port,2.008
2026-05-21 10:51:42,Boat-1,Apex Wave Racing,5,Upwind,20.945,16.954,15.245,35.959,199.857,16.174,350.507,15.212,73.896,-267.625,2094.027,none,starboard,2.26
2026-05-21 10:51:42,Boat-2,Harbor Velocity Team,5,Upwind,21.923,17.704,15.466,36.143,203.389,16.741,349.921,19.819,69.742,-308.531,2104.359,none,starboard,2.217
2026-05-21 10:51:42,Boat-3,Northern Reach Sailing,5,Upwind,20.927,15.828,15.046,-40.858,201.483,16.457,19.207,15.053,74.154,254.51,2090.831,none,port,2.239
2026-05-21 10:51:42,Boat-4,Blue Horizon GP,5,Upwind,20.22,13.822,15.237,-46.874,201.933,16.625,19.349,18.247,69.28,233.093,2085.96,none,port,2.211
2026-05-21 10:51:42,Boat-5,Straitline Performance,5,Upwind,23.608,17.018,16.221,-43.873,201.43,16.221,20.009,18.476,76.677,220.617,2078.209,none,port,2.353
2026-05-21 10:51:44,Boat-1,Apex Wave Racing,5,Upwind,20.133,17.214,15.624,31.235,203.072,16.858,353.65,13.519,76.2,-269.697,2100.554,none,starboard,2.291
2026-05-21 10:51:44,Boat-2,Harbor Velocity Team,5,Upwind,21.101,16.931,15.795,36.641,202.998,16.539,339.62,19.178,71.701,-312.26,2106.936,none,starboard,2.362
2026-05-21 10:51:44,Boat-3,Northern Reach Sailing,5,Upwind,20.645,14.614,15.009,-44.938,201.955,16.503,19.749,13.856,79.568,261.676,2109.46,none,port,2.263
2026-05-21 10:51:44,Boat-4,Blue Horizon GP,5,Upwind,21.867,14.894,15.386,-47.068,202.375,16.402,20.816,19.391,72.284,240.009,2106.302,none,port,2.318
2026-05-21 10:51:44,Boat-5,Straitline Performance,5,Upwind,23.318,20.124,15.529,-30.343,203.396,16.623,14.539,17.917,75.795,226.591,2102.855,none,port,2.326
2026-05-21 10:51:46,Boat-1,Apex Wave Racing,5,Upwind,20.967,17.414,15.294,33.844,203.131,16.97,355.082,14.663,76.997,-271.745,2131.054,none,starboard,2.221
2026-05-21 10:51:46,Boat-2,Harbor Velocity Team,5,Upwind,21.217,16.906,15.709,37.17,202.433,17.262,341.666,18.74,68.522,-315.983,2124.417,none,starboard,2.222
2026-05-21 10:51:46,Boat-3,Northern Reach Sailing,5,Upwind,21.552,16.255,15.537,-41.043,200.307,17.337,20.353,16.323,77.185,268.898,2130.909,none,port,2.252
2026-05-21 10:51:46,Boat-4,Blue Horizon GP,5,Upwind,20.928,15.435,15.153,-42.48,201.467,17.386,16.96,19.036,70.282,246.956,2122.424,none,port,2.281
2026-05-21 10:51:46,Boat-5,Straitline Performance,5,Upwind,24.573,19.394,15.726,-37.884,203.26,17.171,14.92,19.076,77.333,232.6,2124.414,none,port,2.258
2026-05-21 10:51:48,Boat-1,Apex Wave Racing,5,Upwind,20.258,17.714,14.705,29.026,203.169,15.731,354.587,14.358,80.131,-273.774,2147.921,none,starboard,2.26
2026-05-21 10:51:48,Boat-2,Harbor Velocity Team,5,Upwind,21.809,18.606,14.931,31.449,203.141,15.925,349.688,18.253,72.502,-319.701,2129.392,none,starboard,2.214
2026-05-21 10:51:48,Boat-3,Northern Reach Sailing,5,Upwind,21.684,15.356,15.151,-44.913,202.813,16.267,19.055,16.024,77.125,276.171,2148.534,none,port,2.265
2026-05-21 10:51:48,Boat-4,Blue Horizon GP,5,Upwind,20.732,14.754,14.607,-44.629,200.783,15.663,23.76,17.804,70.298,253.931,2151.956,none,port,2.168
2026-05-21 10:51:48,Boat-5,Straitline Performance,5,Upwind,23.861,21.187,15.053,-27.387,204.203,16.293,26.82,15.491,75.727,238.642,2148.081,none,port,2.312
2026-05-21 10:51:50,Boat-1,Apex Wave Racing,5,Upwind,20.765,16.396,15.818,37.854,202.218,17.101,353.899,13.236,73.696,-275.789,2173.73,none,starboard,2.323
2026-05-21 10:51:50,Boat-2,Harbor Velocity Team,5,Upwind,21.459,17.08,15.18,37.254,202.394,17.101,350.518,18.796,71.65,-323.419,2165.289,none,starboard,2.182
2026-05-21 10:51:50,Boat-3,Northern Reach Sailing,5,Upwind,21.296,17.579,14.739,-34.361,203.508,16.673,41.252,13.38,81.607,283.49,2173.157,none,port,2.242
2026-05-21 10:51:50,Boat-4,Blue Horizon GP,5,Upwind,20.989,14.655,15.34,-45.716,201.721,16.664,25.584,17.041,72.34,260.929,2154.164,none,port,2.262
2026-05-21 10:51:50,Boat-5,Straitline Performance,5,Upwind,23.453,18.215,15.235,-39.045,201.348,16.856,15.889,18.015,76.727,244.71,2148.366,none,port,2.265
2026-05-21 10:51:52,Boat-1,Apex Wave Racing,5,Upwind,21.409,16.658,14.378,38.917,204.516,15.567,353.201,15.127,76.649,-277.797,2185.564,none,starboard,2.136
2026-05-21 10:51:52,Boat-2,Harbor Velocity Team,5,Upwind,20.844,17.775,14.282,31.489,202.14,14.889,348.796,18.474,70.988,-327.138,2173.919,none,starboard,2.124
2026-05-21 10:51:52,Boat-3,Northern Reach Sailing,5,Upwind,20.977,15.574,14.603,-42.059,200.067,14.881,26.368,15.014,77.355,290.851,2165.272,none,port,2.144
2026-05-21 10:51:52,Boat-4,Blue Horizon GP,5,Upwind,20.39,13.839,14.624,-47.257,202.932,14.791,16.817,17.407,70.668,267.944,2181.224,none,port,2.163
2026-05-21 10:51:52,Boat-5,Straitline Performance,5,Upwind,23.956,18.948,14.424,-37.724,202.8,15.269,13.596,19.771,76.167,250.8,2190.796,none,port,2.101
2026-05-21 10:51:54,Boat-1,Apex Wave Racing,5,Upwind,21.339,17.247,14.891,36.079,202.212,16.165,354.75,14.602,79.366,-279.804,2207.41,none,starboard,2.377
2026-05-21 10:51:54,Boat-2,Harbor Velocity Team,5,Upwind,22.506,19.006,15.555,32.386,203.316,16.954,352.669,18.459,72.997,-330.861,2202.858,none,starboard,2.377
2026-05-21 10:51:54,Boat-3,Northern Reach Sailing,5,Upwind,21.917,16.977,15.186,-39.231,202.925,16.706,11.113,14.361,79.97,298.247,2202.926,none,port,2.352
2026-05-21 10:51:54,Boat-4,Blue Horizon GP,5,Upwind,22.132,15.005,15.438,-47.313,202.772,16.53,19.912,16.326,70.886,274.972,2200.626,none,port,2.348
2026-05-21 10:51:54,Boat-5,Straitline Performance,5,Upwind,23.831,19.733,15.552,-34.101,202.464,16.895,37.327,16.984,75.606,256.908,2198.806,none,port,2.386
2026-05-21 10:51:56,Boat-1,Apex Wave Racing,6,Downwind,27.198,-23.922,15.053,151.59,201.217,16.113,154.778,7.979,61.957,-277.556,2193.611,none,starboard,2.088
2026-05-21 10:51:56,Boat-2,Harbor Velocity Team,6,Downwind,24.796,-21.316,14.488,149.277,203.604,16.987,163.023,13.948,61.917,-323.875,2200.553,none,starboard,2.013
2026-05-21 10:51:56,Boat-3,Northern Reach Sailing,6,Downwind,24.419,-20.988,15.043,-149.258,202.985,16.667,266.786,10.858,68.125,297.335,2197.736,none,port,2.076
2026-05-21 10:51:56,Boat-4,Blue Horizon GP,6,Downwind,26.226,-24.09,14.786,-156.712,201.999,16.7,188.516,9.416,73.5,283.507,2201.793,none,port,1.951
2026-05-21 10:51:56,Boat-5,Straitline Performance,6,Downwind,27.919,-26.424,14.445,-161.16,203.425,16.686,184.828,9.187,71.39,251.506,2199.61,none,port,2.013
2026-05-21 10:51:58,Boat-1,Apex Wave Racing,6,Downwind,28.609,-23.972,14.823,146.922,202.777,16.319,156.419,11.008,55.766,-273.184,2184.33,none,starboard,2.006
2026-05-21 10:51:58,Boat-2,Harbor Velocity Team,6,Downwind,24.814,-22.029,14.683,152.591,204.15,16.425,164.29,10.229,63.639,-317.81,2180.687,none,starboard,2.137
2026-05-21 10:51:58,Boat-3,Northern Reach Sailing,6,Downwind,25.066,-21.604,14.944,-149.53,203.112,16.398,195.145,12.331,66.542,293.144,2197.501,none,port,1.992
2026-05-21 10:51:58,Boat-4,Blue Horizon GP,6,Downwind,26.909,-25.944,14.949,-164.614,201.426,16.583,187.465,7.938,73.407,280.705,2183.082,none,port,2.072
2026-05-21 10:51:58,Boat-5,Straitline Performance,6,Downwind,27.637,-25.294,14.079,-156.24,202.251,16.363,188.608,6.361,69.43,248.992,2169.845,none,port,2.026
2026-05-21 10:52:00,Boat-1,Apex Wave Racing,6,Downwind,28.156,-23.6,15.212,146.948,202.675,17.654,167.648,10.206,53.433,-268.822,2173.603,none,starboard,2.021
2026-05-21 10:52:00,Boat-2,Harbor Velocity Team,6,Downwind,25.51,-23.853,15.141,159.236,200.235,16.798,164.978,9.7,63.447,-311.769,2157.513,none,starboard,2.156
2026-05-21 10:52:00,Boat-3,Northern Reach Sailing,6,Downwind,25.032,-22.099,14.755,-151.986,200.618,17.211,189.22,11.062,70.773,288.954,2166.772,none,port,2.032
2026-05-21 10:52:00,Boat-4,Blue Horizon GP,6,Downwind,26.449,-25.469,15.171,-164.352,203.038,16.93,189.518,7.075,71.733,277.875,2158.813,none,port,2.131
2026-05-21 10:52:00,Boat-5,Straitline Performance,6,Downwind,28.038,-25.666,14.994,-156.263,203.291,16.939,197.074,8.557,70.561,246.49,2166.471,none,port,2.127
2026-05-21 10:52:02,Boat-1,Apex Wave Racing,6,Downwind,27.99,-25.03,14.23,153.413,201.715,15.255,166.975,9.225,54.083,-264.474,2144.552,none,starboard,2.03
2026-05-21 10:52:02,Boat-2,Harbor Velocity Team,6,Downwind,24.753,-22.383,14.301,154.727,204.383,14.946,159.249,8.482,66.759,-305.755,2135.762,none,starboard,2.114
2026-05-21 10:52:02,Boat-3,Northern Reach Sailing,6,Downwind,24.858,-20.549,14.059,-145.757,201.937,14.766,192.669,10.305,67.096,284.763,2145.867,none,port,2.166
2026-05-21 10:52:02,Boat-4,Blue Horizon GP,6,Downwind,26.489,-24.739,14.864,-159.059,204.202,15.161,188.886,7.41,72.025,275.012,2149.131,none,port,2.177
2026-05-21 10:52:02,Boat-5,Straitline Performance,6,Downwind,28.763,-26.795,14.503,-158.684,202.384,15.657,186.157,8.314,68.34,243.995,2153.574,none,port,2.131
2026-05-21 10:52:04,Boat-1,Apex Wave Racing,6,Downwind,27.619,-24.71,14.742,153.467,202.577,15.917,165.65,9.475,58.171,-260.141,2136.076,none,starboard,2.14
2026-05-21 10:52:04,Boat-2,Harbor Velocity Team,6,Downwind,25.65,-23.079,15.075,154.126,203.353,15.383,156.398,12.311,62.072,-299.771,2125.847,none,starboard,2.126
2026-05-21 10:52:04,Boat-3,Northern Reach Sailing,6,Downwind,24.981,-21.849,14.781,-151.002,201.976,15.218,195.94,11.216,68.866,280.569,2129.473,none,port,2.25
2026-05-21 10:52:04,Boat-4,Blue Horizon GP,6,Downwind,26.617,-25.804,14.766,-165.798,203.509,16.029,188.126,7.208,73.788,272.113,2121.963,none,port,2.172
2026-05-21 10:52:04,Boat-5,Straitline Performance,6,Downwind,29.33,-27.156,15.198,-157.802,205.044,15.451,185.406,8.495,69.787,241.503,2120.245,none,port,2.215
2026-05-21 10:52:06,Boat-1,Apex Wave Racing,6,Downwind,28.337,-22.465,15.108,142.447,202.752,15.693,167.922,10.43,59.207,-255.829,2110.763,none,starboard,2.279
2026-05-21 10:52:06,Boat-2,Harbor Velocity Team,6,Downwind,25.971,-22.502,15.36,150.046,201.406,15.812,160.41,12.376,64.482,-293.823,2108.454,none,starboard,2.153
2026-05-21 10:52:06,Boat-3,Northern Reach Sailing,6,Downwind,25.199,-21.596,15.41,-148.984,202.754,15.677,191.176,11.764,69.735,276.371,2116.486,none,port,2.205
2026-05-21 10:52:06,Boat-4,Blue Horizon GP,6,Downwind,27.129,-26.085,14.948,-164.05,202.542,15.673,188.412,7.105,73.264,269.173,2108.233,none,port,2.236
2026-05-21 10:52:06,Boat-5,Straitline Performance,6,Downwind,29.0,-27.986,14.889,-164.802,202.406,15.831,191.499,8.032,71.26,239.012,2100.926,none,port,2.14
2026-05-21 10:52:08,Boat-1,Apex Wave Racing,6,Downwind,27.714,-24.11,14.618,150.455,202.574,16.885,163.59,11.246,55.702,-251.541,2095.882,none,starboard,1.999
2026-05-21 10:52:08,Boat-2,Harbor Velocity Team,6,Downwind,24.942,-21.151,14.767,147.995,204.048,16.616,159.368,11.981,61.975,-287.912,2092.525,none,starboard,1.996
2026-05-21 10:52:08,Boat-3,Northern Reach Sailing,6,Downwind,25.452,-23.289,15.202,-156.209,203.378,16.743,190.182,10.176,68.875,272.167,2086.943,none,port,2.061
2026-05-21 10:52:08,Boat-4,Blue Horizon GP,6,Downwind,26.48,-25.558,15.112,-164.833,202.475,16.691,191.555,7.176,74.341,266.189,2081.9,none,port,2.006
2026-05-21 10:52:08,Boat-5,Straitline Performance,6,Downwind,28.676,-27.204,15.017,-161.564,203.09,16.737,189.899,7.429,68.663,236.517,2095.736,none,port,2.027
2026-05-21 10:52:10,Boat-1,Apex Wave Racing,6,Downwind,28.79,-24.479,14.348,148.241,204.382,15.606,164.291,13.359,58.995,-247.279,2081.729,none,starboard,2.213
2026-05-21 10:52:10,Boat-2,Harbor Velocity Team,6,Downwind,24.974,-21.485,14.332,149.351,203.549,15.895,162.211,10.549,62.816,-282.043,2077.168,none,starboard,2.131
2026-05-21 10:52:10,Boat-3,Northern Reach Sailing,6,Downwind,25.364,-21.993,14.366,-150.12,203.534,16.085,197.04,11.364,64.531,267.955,2069.626,none,port,2.161
2026-05-21 10:52:10,Boat-4,Blue Horizon GP,6,Downwind,25.916,-24.198,14.462,-159.018,202.534,15.902,191.887,10.139,70.573,263.155,2078.798,none,port,2.102
2026-05-21 10:52:10,Boat-5,Straitline Performance,6,Downwind,29.391,-26.658,14.227,-155.092,202.633,15.667,186.264,7.23,71.093,234.015,2072.287,none,port,2.088
2026-05-21 10:52:12,Boat-1,Apex Wave Racing,6,Downwind,29.631,-24.341,14.622,145.231,201.125,16.142,168.273,11.587,58.122,-243.046,2065.682,none,starboard,2.18
2026-05-21 10:52:12,Boat-2,Harbor Velocity Team,6,Downwind,25.203,-21.341,14.717,147.862,203.637,16.594,164.806,11.805,64.293,-276.219,2056.083,none,starboard,2.288
2026-05-21 10:52:12,Boat-3,Northern Reach Sailing,6,Downwind,25.38,-22.622,14.314,-153.039,203.532,16.296,190.895,11.177,69.4,263.733,2059.427,none,port,2.262
2026-05-21 10:52:12,Boat-4,Blue Horizon GP,6,Downwind,25.903,-24.87,14.521,-163.77,205.418,16.062,188.881,8.43,70.571,260.069,2052.831,none,port,2.242
2026-05-21 10:52:12,Boat-5,Straitline Performance,6,Downwind,28.634,-26.56,14.903,-158.06,202.338,15.849,188.418,8.756,66.4,231.501,2050.036,none,port,2.232
2026-05-21 10:52:14,Boat-1,Apex Wave Racing,6,Downwind,28.716,-24.743,14.832,149.504,201.156,15.747,170.405,9.459,56.571,-238.847,2041.111,none,starboard,2.264
2026-05-21 10:52:14,Boat-2,Harbor Velocity Team,6,Downwind,24.842,-22.261,14.696,153.651,204.439,15.681,165.587,11.616,63.459,-270.444,2034.457,none,starboard,2.234
2026-05-21 10:52:14,Boat-3,Northern Reach Sailing,6,Downwind,26.078,-23.161,15.188,-152.641,202.587,16.037,193.736,11.224,71.122,259.501,2025.704,none,port,2.26
2026-05-21 10:52:14,Boat-4,Blue Horizon GP,6,Downwind,27.144,-25.877,15.121,-162.424,203.415,15.163,187.911,10.202,71.25,256.928,2038.944,none,port,2.268
2026-05-21 10:52:14,Boat-5,Straitline Performance,6,Downwind,28.347,-27.449,14.837,-165.539,201.799,15.485,188.471,6.947,68.127,228.972,2038.212,none,port,2.261
2026-05-21 10:52:16,Boat-1,Apex Wave Racing,6,Downwind,28.111,-22.796,14.186,144.187,203.278,15.981,168.56,11.08,56.354,-234.684,2016.215,none,starboard,2.132
2026-05-21 10:52:16,Boat-2,Harbor Velocity Team,6,Downwind,25.156,-22.738,13.813,154.671,203.747,15.437,158.607,12.132,63.676,-264.72,2011.338,none,starboard,1.964
2026-05-21 10:52:16,Boat-3,Northern Reach Sailing,6,Downwind,24.824,-19.405,14.387,-141.417,204.035,15.804,192.731,13.413,70.084,255.255,2024.742,none,port,2.084
2026-05-21 10:52:16,Boat-4,Blue Horizon GP,6,Downwind,26.907,-25.859,14.742,-163.954,203.494,16.031,189.066,8.27,70.156,253.727,2007.186,none,port,2.047
2026-05-21 10:52:16,Boat-5,Straitline Performance,6,Downwind,28.835,-27.496,13.977,-162.467,204.013,15.585,188.906,8.589,69.968,226.425,2015.951,none,port,2.072
2026-05-21 10:52:18,Boat-1,Apex Wave Racing,6,Downwind,27.265,-22.892,14.034,147.101,203.467,15.021,163.059,10.89,57.081,-230.56,2000.157,none,starboard,2.079
2026-05-21 10:52:18,Boat-2,Harbor Velocity Team,6,Downwind,26.119,-22.67,14.157,150.218,201.741,15.292,160.195,11.979,64.304,-259.05,2005.372,none,starboard,2.038
2026-05-21 10:52:18,Boat-3,Northern Reach Sailing,6,Downwind,24.582,-20.979,14.363,-148.587,205.351,14.651,190.584,10.293,65.133,250.995,1988.058,none,port,2.018
2026-05-21 10:52:18,Boat-4,Blue Horizon GP,6,Downwind,26.646,-24.652,14.346,-157.694,201.039,14.95,195.082,9.124,69.453,250.463,1998.428,none,port,2.134
2026-05-21 10:52:18,Boat-5,Straitline Performance,6,Downwind,29.351,-26.735,13.931,-155.629,202.621,14.608,187.547,7.796,72.268,223.855,2005.555,none,port,2.089
2026-05-21 10:52:20,Boat-1,Apex Wave Racing,6,Downwind,27.991,-23.207,15.173,146.006,203.693,16.696,168.807,9.379,58.436,-226.477,1989.273,none,starboard,2.142
2026-05-21 10:52:20,Boat-2,Harbor Velocity Team,6,Downwind,25.358,-22.771,15.212,153.892,203.092,17.296,166.413,12.076,63.057,-253.437,1980.008,none,starboard,2.222
2026-05-21 10:52:20,Boat-3,Northern Reach Sailing,6,Downwind,26.19,-21.549,15.475,-145.364,202.86,16.903,193.046,13.896,72.526,246.72,1979.062,none,port,2.15
2026-05-21 10:52:20,Boat-4,Blue Horizon GP,6,Downwind,26.754,-25.758,15.211,-164.321,201.95,17.249,187.301,7.134,72.626,247.133,1982.721,none,port,2.191
2026-05-21 10:52:20,Boat-5,Straitline Performance,6,Downwind,28.622,-26.759,14.801,-159.212,202.372,16.546,186.771,9.14,69.188,221.259,1976.961,none,port,2.147
2026-05-21 10:52:22,Boat-1,Apex Wave Racing,6,Downwind,29.411,-24.664,14.626,146.991,202.769,17.881,169.376,8.965,57.538,-222.439,1959.116,none,starboard,2.202
2026-05-21 10:52:22,Boat-2,Harbor Velocity Team,6,Downwind,26.458,-24.575,14.986,158.251,201.582,17.687,163.638,10.939,65.365,-247.884,1959.173,none,starboard,2.118
2026-05-21 10:52:22,Boat-3,Northern Reach Sailing,6,Downwind,25.072,-20.928,14.415,-146.588,202.632,17.399,191.394,11.731,66.497,242.427,1951.079,none,port,2.149
2026-05-21 10:52:22,Boat-4,Blue Horizon GP,6,Downwind,27.139,-26.348,15.139,-166.13,203.313,17.686,191.821,7.702,72.499,243.735,1945.915,none,port,2.163
2026-05-21 10:52:22,Boat-5,Straitline Performance,6,Downwind,28.256,-26.571,14.746,-160.114,202.302,17.908,190.272,8.32,67.398,218.634,1961.586,none,port,2.256
2026-05-21 10:52:24,Boat-1,Apex Wave Racing,6,Downwind,28.386,-24.178,15.062,148.405,202.315,16.793,166.344,10.049,55.777,-218.447,1946.468,none,starboard,2.118
2026-05-21 10:52:24,Boat-2,Harbor Velocity Team,6,Downwind,25.706,-24.135,14.959,159.864,204.039,16.2,164.406,12.115,63.339,-242.394,1942.393,none,starboard,2.109
2026-05-21 10:52:24,Boat-3,Northern Reach Sailing,6,Downwind,25.493,-21.176,14.943,-146.166,202.571,16.471,207.299,12.378,66.997,238.115,1936.365,none,port,2.161
2026-05-21 10:52:24,Boat-4,Blue Horizon GP,6,Downwind,27.262,-26.482,15.398,-166.259,202.777,16.293,192.581,7.778,72.276,240.266,1949.906,none,port,2.064
2026-05-21 10:52:24,Boat-5,Straitline Performance,6,Downwind,29.114,-27.361,14.815,-160.015,203.659,16.474,185.357,8.398,72.362,215.976,1947.81,none,port,2.118
2026-05-21 10:52:26,Boat-1,Apex Wave Racing,6,Downwind,28.769,-23.649,15.157,145.289,203.223,16.701,167.914,11.17,56.646,-214.505,1926.464,none,starboard,2.522
2026-05-21 10:52:26,Boat-2,Harbor Velocity Team,6,Downwind,27.036,-24.688,15.365,155.946,204.769,17.063,164.703,11.879,63.753,-236.968,1920.057,none,starboard,2.525
2026-05-21 10:52:26,Boat-3,Northern Reach Sailing,6,Downwind,25.432,-22.039,15.0,-150.067,203.325,16.768,201.264,11.614,70.168,233.783,1934.33,none,port,2.514
2026-05-21 10:52:26,Boat-4,Blue Horizon GP,6,Downwind,27.411,-25.624,15.317,-159.195,203.377,16.988,189.312,9.045,72.446,236.722,1914.49,none,port,2.516
2026-05-21 10:52:26,Boat-5,Straitline Performance,6,Downwind,29.493,-27.884,14.834,-160.99,203.255,16.629,188.412,8.058,68.954,213.282,1904.511,none,port,2.482
2026-05-21 10:52:28,Boat-1,Apex Wave Racing,6,Downwind,29.235,-26.238,14.903,153.832,202.891,15.224,169.444,8.067,60.272,-210.615,1909.892,none,starboard,2.154
2026-05-21 10:52:28,Boat-2,Harbor Velocity Team,6,Downwind,25.685,-22.85,14.848,152.827,202.011,15.711,163.446,10.31,64.456,-231.608,1902.961,none,starboard,2.15
2026-05-21 10:52:28,Boat-3,Northern Reach Sailing,6,Downwind,25.452,-20.62,15.01,-144.109,202.799,15.745,192.923,10.237,69.61,229.429,1914.046,none,port,2.109
2026-05-21 10:52:28,Boat-4,Blue Horizon GP,6,Downwind,26.66,-24.882,15.058,-158.957,203.509,15.478,204.954,8.394,69.318,233.103,1906.22,none,port,2.188
2026-05-21 10:52:28,Boat-5,Straitline Performance,6,Downwind,27.756,-26.463,14.617,-162.444,203.406,16.041,193.272,7.782,70.266,210.549,1911.108,none,port,2.131
2026-05-21 10:52:30,Boat-1,Apex Wave Racing,6,Downwind,29.651,-25.748,14.833,150.268,205.173,15.242,171.224,9.243,57.32,-206.779,1885.001,none,starboard,2.187
2026-05-21 10:52:30,Boat-2,Harbor Velocity Team,6,Downwind,25.992,-23.715,14.857,155.84,202.728,14.857,163.427,12.645,64.229,-226.317,1884.227,none,starboard,2.148
2026-05-21 10:52:30,Boat-3,Northern Reach Sailing,6,Downwind,25.082,-20.943,14.941,-146.616,201.564,15.3,189.152,10.705,68.967,225.052,1896.282,none,port,2.042
2026-05-21 10:52:30,Boat-4,Blue Horizon GP,6,Downwind,26.285,-24.26,14.591,-157.364,204.128,15.56,193.239,8.922,70.92,229.405,1898.765,none,port,2.17
2026-05-21 10:52:30,Boat-5,Straitline Performance,6,Downwind,29.65,-28.424,14.828,-163.465,202.63,15.185,187.7,7.874,68.599,207.773,1881.155,none,port,2.16
2026-05-21 10:52:32,Boat-1,Apex Wave Racing,6,Downwind,29.129,-26.305,15.669,154.563,203.098,16.352,164.128,10.193,58.497,-202.998,1860.552,none,starboard,2.357
2026-05-21 10:52:32,Boat-2,Harbor Velocity Team,6,Downwind,25.869,-23.963,15.585,157.865,202.484,16.62,160.004,12.319,65.047,-221.097,1867.641,none,starboard,2.31
2026-05-21 10:52:32,Boat-3,Northern Reach Sailing,6,Downwind,25.75,-22.135,15.933,-149.274,201.852,16.229,189.554,11.025,68.011,220.652,1859.568,none,port,2.373
2026-05-21 10:52:32,Boat-4,Blue Horizon GP,6,Downwind,26.928,-26.087,15.489,-165.646,201.399,16.339,187.263,8.224,71.372,225.627,1874.443,none,port,2.392
2026-05-21 10:52:32,Boat-5,Straitline Performance,6,Downwind,28.841,-26.622,15.835,-157.38,203.933,16.354,194.649,9.775,69.561,204.952,1869.713,none,port,2.337
2026-05-21 10:52:34,Boat-1,Apex Wave Racing,6,Downwind,28.793,-24.447,14.463,148.112,203.632,15.095,156.983,10.178,57.756,-199.276,1858.612,none,starboard,2.017
2026-05-21 10:52:34,Boat-2,Harbor Velocity Team,6,Downwind,25.778,-21.565,14.554,146.78,203.191,15.402,162.365,12.446,64.336,-215.948,1855.731,none,starboard,2.024
2026-05-21 10:52:34,Boat-3,Northern Reach Sailing,6,Downwind,25.999,-22.178,14.56,-148.541,204.813,15.423,199.917,12.602,71.035,216.226,1843.841,none,port,1.958
2026-05-21 10:52:34,Boat-4,Blue Horizon GP,6,Downwind,26.479,-25.218,14.323,-162.248,202.475,15.025,189.855,7.878,71.779,221.767,1838.836,none,port,2.029
2026-05-21 10:52:34,Boat-5,Straitline Performance,6,Downwind,29.44,-27.653,14.224,-159.93,202.962,14.766,187.741,6.855,68.121,202.082,1859.385,none,port,2.017
2026-05-21 10:52:36,Boat-1,Apex Wave Racing,6,Downwind,28.896,-24.187,13.791,146.83,206.423,14.878,172.236,11.655,57.202,-195.612,1843.166,none,starboard,2.152
2026-05-21 10:52:36,Boat-2,Harbor Velocity Team,6,Downwind,26.593,-24.707,13.855,158.295,204.154,15.143,161.876,11.34,64.49,-210.873,1835.479,none,starboard,2.126
2026-05-21 10:52:36,Boat-3,Northern Reach Sailing,6,Downwind,25.604,-22.143,14.106,-149.862,205.11,14.306,199.91,10.118,68.638,211.774,1835.066,none,port,2.191
2026-05-21 10:52:36,Boat-4,Blue Horizon GP,6,Downwind,26.343,-23.57,13.735,-153.474,203.59,15.098,203.977,8.477,69.126,217.824,1829.527,none,port,2.14
2026-05-21 10:52:36,Boat-5,Straitline Performance,6,Downwind,28.234,-26.248,14.329,-158.381,203.777,14.813,186.493,7.865,72.931,199.162,1827.118,none,port,2.191
2026-05-21 10:52:38,Boat-1,Apex Wave Racing,6,Downwind,28.874,-26.049,14.863,154.443,203.552,16.722,170.18,8.218,57.083,-192.01,1805.322,none,starboard,2.036
2026-05-21 10:52:38,Boat-2,Harbor Velocity Team,6,Downwind,26.377,-23.204,14.414,151.607,203.279,16.639,162.451,13.253,63.223,-205.872,1824.945,none,starboard,2.05
2026-05-21 10:52:38,Boat-3,Northern Reach Sailing,6,Downwind,25.941,-22.291,14.488,-149.238,205.526,16.95,191.294,10.697,66.1,207.294,1819.182,none,port,1.98
2026-05-21 10:52:38,Boat-4,Blue Horizon GP,6,Downwind,27.851,-26.559,14.21,-162.482,203.054,16.933,191.11,7.493,70.102,213.796,1820.914,none,port,2.097
2026-05-21 10:52:38,Boat-5,Straitline Performance,6,Downwind,28.525,-26.614,14.471,-158.91,203.613,17.418,189.681,9.528,71.139,196.188,1807.593,none,port,2.056
2026-05-21 10:52:40,Boat-1,Apex Wave Racing,6,Downwind,28.867,-24.137,14.569,146.733,204.473,15.96,157.538,12.599,58.379,-188.47,1801.9,none,starboard,2.15
2026-05-21 10:52:40,Boat-2,Harbor Velocity Team,6,Downwind,26.659,-23.459,14.333,151.638,204.579,16.109,164.029,9.959,61.947,-200.946,1804.089,none,starboard,2.191
2026-05-21 10:52:40,Boat-3,Northern Reach Sailing,6,Downwind,25.498,-21.982,14.528,-149.554,204.11,16.013,191.104,11.692,70.863,202.787,1790.066,none,port,2.145
2026-05-21 10:52:40,Boat-4,Blue Horizon GP,6,Downwind,26.226,-25.125,14.698,-163.344,203.52,15.97,189.797,9.175,71.01,209.683,1788.07,none,port,2.206
2026-05-21 10:52:40,Boat-5,Straitline Performance,6,Downwind,29.504,-26.967,14.479,-156.066,202.004,16.045,187.929,9.518,72.121,193.157,1791.921,none,port,2.116
2026-05-21 10:52:42,Boat-1,Apex Wave Racing,6,Downwind,29.323,-24.881,14.425,148.052,204.561,15.707,169.021,8.603,58.054,-184.993,1788.35,none,starboard,2.093
2026-05-21 10:52:42,Boat-2,Harbor Velocity Team,6,Downwind,25.664,-22.709,14.505,152.233,205.022,15.811,166.973,12.786,61.363,-196.097,1790.79,none,starboard,2.153
2026-05-21 10:52:42,Boat-3,Northern Reach Sailing,6,Downwind,26.043,-22.122,14.1,-148.151,202.76,15.985,193.027,12.112,69.077,198.25,1773.098,none,port,2.114
2026-05-21 10:52:42,Boat-4,Blue Horizon GP,6,Downwind,27.418,-26.009,14.34,-161.554,203.97,15.861,194.019,7.933,73.498,205.484,1772.776,none,port,2.146
2026-05-21 10:52:42,Boat-5,Straitline Performance,6,Downwind,29.675,-27.744,14.009,-159.214,206.082,16.036,196.412,9.79,67.704,190.069,1763.661,none,port,1.999
2026-05-21 10:52:44,Boat-1,Apex Wave Racing,6,Downwind,29.198,-25.541,14.199,151.017,204.775,15.597,171.918,7.875,57.247,-181.581,1766.389,none,starboard,2.064
2026-05-21 10:52:44,Boat-2,Harbor Velocity Team,6,Downwind,26.595,-23.996,14.44,154.46,205.183,15.182,168.589,10.89,60.94,-191.323,1762.498,none,starboard,2.008
2026-05-21 10:52:44,Boat-3,Northern Reach Sailing,6,Downwind,25.457,-20.508,14.363,-143.668,203.489,14.744,203.217,12.441,70.639,193.683,1750.719,none,port,2.041
2026-05-21 10:52:44,Boat-4,Blue Horizon GP,6,Downwind,27.497,-25.795,13.766,-159.736,203.151,15.344,195.86,8.71,72.058,201.198,1754.087,none,port,2.027
2026-05-21 10:52:44,Boat-5,Straitline Performance,6,Downwind,29.059,-26.943,13.765,-157.996,204.603,15.093,193.215,8.485,65.906,186.92,1770.743,none,port,1.997
2026-05-21 10:52:46,Boat-1,Apex Wave Racing,6,Downwind,30.31,-24.693,14.978,144.556,204.289,16.385,172.118,10.362,55.736,-178.234,1740.752,none,starboard,2.235
2026-05-21 10:52:46,Boat-2,Harbor Velocity Team,6,Downwind,25.929,-22.395,14.629,149.737,202.741,16.41,168.137,12.839,66.805,-186.627,1743.874,none,starboard,2.222
2026-05-21 10:52:46,Boat-3,Northern Reach Sailing,6,Downwind,24.988,-22.341,15.49,-153.388,202.33,15.917,195.88,10.236,69.886,189.086,1751.734,none,port,2.194
2026-05-21 10:52:46,Boat-4,Blue Horizon GP,6,Downwind,27.977,-26.254,15.56,-159.791,204.182,16.34,191.097,8.22,73.618,196.826,1742.3,none,port,2.281
2026-05-21 10:52:46,Boat-5,Straitline Performance,6,Downwind,30.477,-28.669,15.052,-160.162,204.169,16.652,189.028,7.053,68.703,183.708,1736.574,none,port,2.211
2026-05-21 10:52:48,Boat-1,Apex Wave Racing,6,Downwind,29.377,-25.691,14.223,150.988,204.199,15.911,169.063,8.772,57.457,-174.953,1718.514,none,starboard,2.005
2026-05-21 10:52:48,Boat-2,Harbor Velocity Team,6,Downwind,25.846,-22.918,14.843,152.464,205.51,16.293,165.348,11.646,60.079,-182.008,1718.149,none,starboard,2.16
2026-05-21 10:52:48,Boat-3,Northern Reach Sailing,6,Downwind,25.758,-21.263,14.078,-145.641,202.303,16.507,190.861,10.242,72.766,184.457,1718.29,none,port,1.982
2026-05-21 10:52:48,Boat-4,Blue Horizon GP,6,Downwind,27.326,-26.202,14.174,-163.512,204.584,16.559,193.826,9.142,71.466,192.366,1709.058,none,port,2.054
2026-05-21 10:52:48,Boat-5,Straitline Performance,6,Downwind,28.823,-27.684,14.714,-163.841,204.358,16.237,189.632,6.969,73.428,180.433,1729.914,none,port,2.023
2026-05-21 10:52:50,Boat-1,Apex Wave Racing,6,Downwind,29.728,-25.89,14.219,150.566,204.324,14.979,167.525,9.901,56.687,-171.738,1707.136,none,starboard,1.904
2026-05-21 10:52:50,Boat-2,Harbor Velocity Team,6,Downwind,26.418,-23.969,14.077,155.137,205.827,15.401,166.732,10.069,65.755,-177.465,1708.832,none,starboard,2.017
2026-05-21 10:52:50,Boat-3,Northern Reach Sailing,6,Downwind,25.952,-22.615,14.065,-150.626,204.495,15.221,195.771,11.98,68.172,179.797,1703.322,none,port,1.996
2026-05-21 10:52:50,Boat-4,Blue Horizon GP,6,Downwind,27.797,-26.641,14.12,-163.415,204.286,14.957,196.704,6.099,71.667,187.82,1705.707,none,port,2.063
2026-05-21 10:52:50,Boat-5,Straitline Performance,6,Downwind,28.609,-27.124,13.867,-161.459,206.472,14.616,187.966,7.968,68.476,177.091,1697.585,none,port,2.06
2026-05-21 10:52:52,Boat-1,Apex Wave Racing,6,Downwind,28.8,-25.622,14.531,152.829,203.521,16.241,170.442,9.685,56.324,-168.59,1689.754,none,starboard,1.981
2026-05-21 10:52:52,Boat-2,Harbor Velocity Team,6,Downwind,26.628,-23.959,14.86,154.125,205.862,16.421,170.531,10.897,62.448,-172.999,1679.945,none,starboard,2.048
2026-05-21 10:52:52,Boat-3,Northern Reach Sailing,6,Downwind,25.461,-20.912,14.623,-145.22,204.747,16.172,197.702,13.307,68.81,175.105,1685.176,none,port,2.094
2026-05-21 10:52:52,Boat-4,Blue Horizon GP,6,Downwind,28.104,-26.798,14.503,-162.463,204.947,16.277,192.712,8.466,72.571,183.188,1678.472,none,port,1.983
2026-05-21 10:52:52,Boat-5,Straitline Performance,6,Downwind,29.061,-27.088,14.379,-158.768,205.405,15.982,193.81,9.243,70.888,173.683,1681.678,none,port,2.117
2026-05-21 10:52:54,Boat-1,Apex Wave Racing,6,Downwind,29.533,-25.973,14.457,151.578,204.288,15.076,171.355,9.663,61.391,-165.509,1670.14,none,starboard,2.024
2026-05-21 10:52:54,Boat-2,Harbor Velocity Team,6,Downwind,26.449,-23.904,14.349,154.66,203.757,15.781,158.183,12.372,65.784,-168.609,1655.734,none,starboard,1.96
2026-05-21 10:52:54,Boat-3,Northern Reach Sailing,6,Downwind,26.109,-22.727,14.027,-150.511,206.084,15.217,192.088,11.105,69.917,170.38,1673.818,none,port,2.043
2026-05-21 10:52:54,Boat-4,Blue Horizon GP,6,Downwind,27.081,-26.018,14.249,-163.894,201.54,15.655,195.555,6.794,71.384,178.47,1664.26,none,port,1.995
2026-05-21 10:52:54,Boat-5,Straitline Performance,6,Downwind,29.002,-26.98,14.275,-158.478,204.314,15.455,188.889,8.251,67.342,170.206,1669.572,none,port,1.902
2026-05-21 10:52:56,Boat-1,Apex Wave Racing,6,Downwind,28.887,-25.723,14.102,152.931,206.421,14.79,172.509,8.908,54.167,-162.494,1649.659,none,starboard,2.073
2026-05-21 10:52:56,Boat-2,Harbor Velocity Team,6,Downwind,26.813,-23.748,14.507,152.335,203.362,15.031,166.44,11.326,60.046,-164.295,1658.2,none,starboard,2.182
2026-05-21 10:52:56,Boat-3,Northern Reach Sailing,6,Downwind,25.2,-21.382,14.256,-148.048,204.098,15.532,194.626,10.503,68.211,165.623,1640.899,none,port,2.113
2026-05-21 10:52:56,Boat-4,Blue Horizon GP,6,Downwind,27.449,-26.582,14.371,-165.559,203.545,15.445,196.498,8.306,70.641,173.668,1644.272,none,port,2.11
2026-05-21 10:52:56,Boat-5,Straitline Performance,6,Downwind,29.248,-26.704,14.148,-155.926,203.41,15.583,189.189,8.378,67.656,166.659,1636.77,none,port,2.138
2026-05-21 10:52:58,Boat-1,Apex Wave Racing,6,Downwind,29.545,-25.131,14.662,148.276,205.893,15.123,169.944,10.556,58.497,-159.546,1624.792,none,starboard,2.076
2026-05-21 10:52:58,Boat-2,Harbor Velocity Team,6,Downwind,26.89,-24.506,14.458,155.693,203.479,14.88,169.332,10.646,63.383,-160.054,1620.26,none,starboard,2.066
2026-05-21 10:52:58,Boat-3,Northern Reach Sailing,6,Downwind,25.999,-22.501,14.771,-149.935,203.068,15.022,193.743,11.067,70.169,160.833,1637.232,none,port,2.099
2026-05-21 10:52:58,Boat-4,Blue Horizon GP,6,Downwind,27.874,-25.368,14.595,-155.518,205.543,14.595,195.487,8.572,69.204,168.783,1631.552,none,port,2.029
2026-05-21 10:52:58,Boat-5,Straitline Performance,6,Downwind,28.815,-27.44,14.389,-162.232,203.956,14.886,197.698,8.602,68.966,163.042,1625.29,none,port,2.02
2026-05-21 10:53:00,Boat-1,Apex Wave Racing,6,Downwind,29.488,-24.387,13.837,145.794,204.914,14.236,167.738,10.004,55.277,-156.663,1616.78,none,starboard,1.865
2026-05-21 10:53:00,Boat-2,Harbor Velocity Team,6,Downwind,26.922,-24.761,13.39,156.89,203.367,13.904,166.507,10.544,66.095,-155.886,1613.565,none,starboard,1.85
2026-05-21 10:53:00,Boat-3,Northern Reach Sailing,6,Downwind,26.269,-23.831,13.954,-155.121,204.445,14.103,194.644,11.476,63.671,156.01,1601.592,none,port,1.882
2026-05-21 10:53:00,Boat-4,Blue Horizon GP,6,Downwind,26.713,-25.522,13.908,-162.827,203.629,13.993,197.849,6.656,70.617,163.816,1608.714,none,port,1.873
2026-05-21 10:53:00,Boat-5,Straitline Performance,6,Downwind,29.252,-27.483,13.795,-159.969,202.596,14.04,191.166,8.414,72.599,159.354,1613.878,none,port,1.876
2026-05-21 10:53:02,Boat-1,Apex Wave Racing,6,Downwind,29.32,-26.702,14.352,155.604,205.355,15.326,171.8,10.64,57.044,-153.846,1598.567,none,starboard,1.997
2026-05-21 10:53:02,Boat-2,Harbor Velocity Team,6,Downwind,25.915,-23.8,14.254,156.692,204.427,15.267,165.846,11.83,64.965,-151.79,1585.819,none,starboard,2.006
2026-05-21 10:53:02,Boat-3,Northern Reach Sailing,6,Downwind,25.611,-20.634,14.617,-143.672,204.103,15.086,193.665,11.764,68.658,151.154,1600.191,none,port,2.067
2026-05-21 10:53:02,Boat-4,Blue Horizon GP,6,Downwind,27.104,-25.869,14.426,-162.64,203.314,15.072,198.783,8.487,73.133,158.768,1600.452,none,port,1.944
2026-05-21 10:53:02,Boat-5,Straitline Performance,6,Downwind,29.272,-27.7,14.028,-161.141,204.009,15.26,189.235,7.852,70.918,155.595,1587.562,none,port,1.96
2026-05-21 10:53:04,Boat-1,Apex Wave Racing,6,Downwind,30.488,-24.541,14.707,143.603,203.488,16.22,172.179,10.317,61.241,-151.093,1578.127,none,starboard,2.266
2026-05-21 10:53:04,Boat-2,Harbor Velocity Team,6,Downwind,27.322,-24.725,14.929,154.815,205.377,15.647,160.07,13.089,63.28,-147.764,1581.357,none,starboard,2.261
2026-05-21 10:53:04,Boat-3,Northern Reach Sailing,6,Downwind,25.457,-22.585,14.621,-152.521,203.904,16.282,192.06,12.697,68.607,146.265,1561.512,none,port,2.241
2026-05-21 10:53:04,Boat-4,Blue Horizon GP,6,Downwind,26.92,-25.679,14.482,-162.538,204.305,16.517,191.101,8.382,73.864,153.643,1578.802,none,port,2.352
2026-05-21 10:53:04,Boat-5,Straitline Performance,6,Downwind,29.866,-27.145,14.576,-155.354,205.172,16.6,195.622,7.754,65.639,151.764,1567.194,none,port,2.217
2026-05-21 10:53:06,Boat-1,Apex Wave Racing,6,Downwind,29.941,-24.203,14.326,143.933,204.191,14.917,168.759,9.506,55.181,-148.404,1558.949,none,starboard,2.101
2026-05-21 10:53:06,Boat-2,Harbor Velocity Team,6,Downwind,27.328,-25.062,14.214,156.502,205.914,14.867,169.215,9.062,60.443,-143.806,1563.799,none,starboard,2.09
2026-05-21 10:53:06,Boat-3,Northern Reach Sailing,6,Downwind,25.392,-21.796,14.277,-149.134,204.855,14.563,215.906,12.486,68.494,141.344,1554.275,none,port,2.006
2026-05-21 10:53:06,Boat-4,Blue Horizon GP,6,Downwind,27.407,-26.029,14.551,-161.75,204.458,14.743,196.961,7.991,70.418,148.441,1547.816,none,port,2.025
2026-05-21 10:53:06,Boat-5,Straitline Performance,6,Downwind,28.851,-27.019,14.514,-159.472,205.174,15.31,198.337,9.373,70.254,147.862,1559.905,none,port,2.141
2026-05-21 10:53:08,Boat-1,Apex Wave Racing,6,Downwind,29.798,-25.936,14.245,150.506,205.565,15.408,172.992,8.257,55.575,-145.777,1551.377,none,starboard,1.878
2026-05-21 10:53:08,Boat-2,Harbor Velocity Team,6,Downwind,26.268,-24.049,14.111,156.278,203.988,15.371,168.259,14.021,61.483,-139.914,1540.151,none,starboard,2.073
2026-05-21 10:53:08,Boat-3,Northern Reach Sailing,6,Downwind,26.024,-23.164,13.755,-152.883,203.186,15.03,197.558,11.445,67.161,136.39,1547.873,none,port,2.01
2026-05-21 10:53:08,Boat-4,Blue Horizon GP,6,Downwind,26.072,-24.507,13.681,-160.05,203.934,15.58,200.002,8.257,68.658,143.165,1544.448,none,port,1.965
2026-05-21 10:53:08,Boat-5,Straitline Performance,6,Downwind,29.051,-27.195,13.91,-159.409,205.2,15.024,193.332,9.479,67.077,143.887,1543.429,none,port,2.054
2026-05-21 10:53:10,Boat-1,Apex Wave Racing,6,Downwind,29.504,-26.518,13.86,154.003,206.093,15.385,172.751,9.493,56.718,-143.211,1516.702,none,starboard,1.915
2026-05-21 10:53:10,Boat-2,Harbor Velocity Team,6,Downwind,25.604,-24.383,13.858,162.236,204.414,15.157,169.426,10.948,66.055,-136.087,1526.66,none,starboard,1.995
2026-05-21 10:53:10,Boat-3,Northern Reach Sailing,6,Downwind,25.46,-22.849,13.934,-153.822,204.601,14.794,192.411,9.231,70.219,131.405,1522.864,none,port,1.936
2026-05-21 10:53:10,Boat-4,Blue Horizon GP,6,Downwind,27.579,-26.376,13.847,-163.02,206.485,14.838,193.35,8.294,73.214,137.818,1518.634,none,port,1.879
2026-05-21 10:53:10,Boat-5,Straitline Performance,6,Downwind,29.161,-27.544,14.023,-160.832,203.89,14.749,189.007,7.26,67.889,139.842,1526.065,none,port,2.007
2026-05-21 10:53:12,Boat-1,Apex Wave Racing,6,Downwind,29.984,-25.773,14.014,149.266,203.747,14.014,172.543,8.775,55.33,-140.704,1511.493,none,starboard,2.021
2026-05-21 10:53:12,Boat-2,Harbor Velocity Team,6,Downwind,25.697,-23.727,13.732,157.423,204.48,14.178,166.062,11.709,63.082,-132.321,1499.476,none,starboard,2.026
2026-05-21 10:53:12,Boat-3,Northern Reach Sailing,6,Downwind,26.223,-22.729,13.963,-150.087,205.312,14.134,191.551,10.792,67.826,126.388,1502.419,none,port,2.026
2026-05-21 10:53:12,Boat-4,Blue Horizon GP,6,Downwind,27.037,-25.019,13.793,-157.725,204.91,14.298,198.128,9.752,71.768,132.403,1499.094,none,port,2.01
2026-05-21 10:53:12,Boat-5,Straitline Performance,6,Downwind,28.871,-27.372,14.187,-161.457,205.201,14.187,189.083,7.867,69.941,135.726,1491.941,none,port,1.989
2026-05-21 10:53:14,Boat-1,Apex Wave Racing,6,Downwind,28.471,-25.124,13.921,151.938,204.195,14.634,172.794,8.48,58.259,-138.254,1478.835,none,starboard,1.991
2026-05-21 10:53:14,Boat-2,Harbor Velocity Team,6,Downwind,26.086,-23.266,13.638,153.111,204.028,14.831,166.995,11.038,63.538,-128.615,1496.552,none,starboard,1.977
2026-05-21 10:53:14,Boat-3,Northern Reach Sailing,6,Downwind,25.361,-22.26,14.149,-151.369,206.288,15.025,192.649,10.834,69.052,121.34,1473.62,none,port,1.832
2026-05-21 10:53:14,Boat-4,Blue Horizon GP,6,Downwind,26.914,-25.211,13.997,-159.512,203.733,14.708,193.632,8.152,69.43,126.921,1485.35,none,port,1.959
2026-05-21 10:53:14,Boat-5,Straitline Performance,6,Downwind,28.7,-27.785,14.121,-165.495,205.633,14.887,193.364,8.616,71.444,131.54,1474.134,none,port,1.836
2026-05-21 10:53:16,Boat-1,Apex Wave Racing,6,Downwind,29.727,-23.443,13.87,142.054,207.016,15.518,168.529,11.148,55.84,-135.861,1473.186,none,starboard,2.008
2026-05-21 10:53:16,Boat-2,Harbor Velocity Team,6,Downwind,27.235,-23.679,13.741,150.395,205.426,15.786,172.995,11.688,64.158,-124.965,1467.625,none,starboard,1.924
2026-05-21 10:53:16,Boat-3,Northern Reach Sailing,6,Downwind,24.885,-22.225,14.167,-153.267,204.958,15.431,206.674,10.483,68.651,116.262,1457.303,none,port,1.908
2026-05-21 10:53:16,Boat-4,Blue Horizon GP,6,Downwind,25.159,-23.943,13.718,-162.115,203.033,16.192,191.97,9.336,66.46,121.377,1453.632,none,port,1.95
2026-05-21 10:53:16,Boat-5,Straitline Performance,6,Downwind,27.611,-26.654,13.497,-164.876,202.167,15.404,197.107,6.869,71.276,127.285,1456.411,none,port,1.97
2026-05-21 10:53:18,Boat-1,Apex Wave Racing,6,Downwind,28.813,-24.162,14.696,146.992,204.876,15.655,174.366,8.448,57.985,-133.521,1455.507,none,starboard,2.048
2026-05-21 10:53:18,Boat-2,Harbor Velocity Team,6,Downwind,26.435,-23.457,14.316,152.542,205.169,15.652,170.296,11.712,61.547,-121.369,1437.586,none,starboard,2.15
2026-05-21 10:53:18,Boat-3,Northern Reach Sailing,6,Downwind,24.928,-21.485,14.437,-149.527,205.917,15.645,199.722,11.72,69.605,111.155,1453.346,none,port,2.159
2026-05-21 10:53:18,Boat-4,Blue Horizon GP,6,Downwind,25.377,-24.355,14.225,-163.683,205.216,16.131,200.882,8.266,70.301,115.774,1432.771,none,port,2.189
2026-05-21 10:53:18,Boat-5,Straitline Performance,6,Downwind,28.637,-26.931,14.236,-160.124,205.105,15.543,191.71,8.77,69.676,122.962,1446.264,none,port,2.162
2026-05-21 10:53:20,Boat-1,Apex Wave Racing,6,Downwind,28.72,-22.772,13.611,142.457,207.092,13.987,172.438,12.001,54.45,-131.232,1426.273,none,starboard,1.881
2026-05-21 10:53:20,Boat-2,Harbor Velocity Team,6,Downwind,25.762,-22.812,12.821,152.309,205.242,13.625,167.507,10.489,64.23,-117.824,1425.866,none,starboard,1.949
2026-05-21 10:53:20,Boat-3,Northern Reach Sailing,6,Downwind,24.847,-22.389,13.096,-154.301,204.598,14.009,194.37,11.359,70.986,106.019,1428.729,none,port,1.893
2026-05-21 10:53:20,Boat-4,Blue Horizon GP,6,Downwind,25.694,-23.807,13.715,-157.904,204.067,14.31,199.806,10.213,71.24,110.115,1424.109,none,port,1.857
2026-05-21 10:53:20,Boat-5,Straitline Performance,6,Downwind,28.482,-26.854,13.571,-160.536,207.375,14.058,190.037,8.082,69.64,118.573,1414.379,none,port,1.93
2026-05-21 10:53:22,Boat-1,Apex Wave Racing,6,Downwind,29.349,-25.723,14.212,151.216,205.404,15.804,172.058,10.048,53.729,-128.993,1421.401,none,starboard,1.865
2026-05-21 10:53:22,Boat-2,Harbor Velocity Team,6,Downwind,25.988,-23.57,13.997,155.091,205.571,15.552,169.961,10.51,63.001,-114.326,1405.8,none,starboard,1.995
2026-05-21 10:53:22,Boat-3,Northern Reach Sailing,6,Downwind,24.004,-20.575,13.854,-148.996,204.842,15.61,194.578,9.898,68.999,100.855,1413.143,none,port,1.928
2026-05-21 10:53:22,Boat-4,Blue Horizon GP,6,Downwind,24.046,-22.872,13.868,-162.019,207.544,16.187,206.868,8.548,70.303,104.403,1401.198,none,port,1.977
2026-05-21 10:53:22,Boat-5,Straitline Performance,6,Downwind,27.985,-26.315,14.323,-160.106,204.856,15.21,194.96,7.291,71.524,114.118,1396.297,none,port,1.906
2026-05-21 10:53:24,Boat-1,Apex Wave Racing,6,Downwind,29.519,-23.74,13.784,143.535,205.477,15.617,175.477,10.459,56.347,-126.801,1394.508,none,starboard,1.928
2026-05-21 10:53:24,Boat-2,Harbor Velocity Team,6,Downwind,25.482,-22.307,13.231,151.093,205.883,16.158,171.785,12.82,64.098,-110.873,1386.603,none,starboard,1.898
2026-05-21 10:53:24,Boat-3,Northern Reach Sailing,6,Downwind,24.667,-21.325,13.86,-149.831,206.689,15.612,192.958,12.31,70.098,95.665,1388.915,none,port,1.948
2026-05-21 10:53:24,Boat-4,Blue Horizon GP,6,Downwind,22.285,-21.178,13.73,-161.862,205.677,15.678,196.889,8.345,73.65,98.643,1401.465,none,port,1.837
2026-05-21 10:53:24,Boat-5,Straitline Performance,6,Downwind,26.942,-24.91,13.776,-157.608,202.432,15.831,194.358,10.59,66.589,109.601,1380.802,none,port,1.799
2026-05-21 10:53:26,Boat-1,Apex Wave Racing,6,Downwind,28.384,-23.086,13.792,144.424,204.924,16.148,174.349,9.397,54.071,-124.653,1366.534,none,starboard,2.032
2026-05-21 10:53:26,Boat-2,Harbor Velocity Team,6,Downwind,26.6,-24.546,13.814,157.338,205.926,15.347,168.227,9.584,62.704,-107.461,1358.244,none,starboard,2.013
2026-05-21 10:53:26,Boat-3,Northern Reach Sailing,6,Downwind,24.731,-22.865,14.343,-157.596,203.751,15.749,198.005,10.9,68.987,90.449,1367.915,none,port,1.928
2026-05-21 10:53:26,Boat-4,Blue Horizon GP,6,Downwind,22.215,-7.186,13.689,-108.874,205.876,15.665,192.815,12.355,71.305,92.838,1363.106,none,port,1.993
2026-05-21 10:53:26,Boat-5,Straitline Performance,6,Downwind,25.662,-24.177,13.558,-160.408,204.366,15.581,199.687,8.399,72.506,105.021,1360.757,none,port,2.008
2026-05-21 10:53:28,Boat-1,Apex Wave Racing,6,Downwind,28.534,-24.795,13.371,150.337,206.442,15.0,169.726,10.723,59.256,-122.546,1351.506,none,starboard,2.007
2026-05-21 10:53:28,Boat-2,Harbor Velocity Team,6,Downwind,26.096,-22.326,13.714,148.818,204.482,14.857,169.176,12.259,60.997,-104.087,1354.041,none,starboard,2.087
2026-05-21 10:53:28,Boat-3,Northern Reach Sailing,6,Downwind,24.763,-21.686,13.408,-151.137,204.961,14.35,197.54,11.758,67.74,85.208,1356.741,none,port,2.051
2026-05-21 10:53:28,Boat-4,Blue Horizon GP,6,Downwind,21.698,11.59,13.583,-57.712,205.678,14.598,201.166,17.657,72.849,86.992,1350.246,none,port,2.045
2026-05-21 10:53:28,Boat-5,Straitline Performance,6,Downwind,25.545,-24.276,13.26,-161.864,203.409,14.337,200.727,9.343,68.314,100.383,1355.038,none,port,1.945
2026-05-21 10:53:30,Boat-1,Apex Wave Racing,6,Downwind,28.993,-25.633,14.324,152.145,206.762,15.254,171.675,9.812,54.218,-120.478,1343.505,none,starboard,1.889
2026-05-21 10:53:30,Boat-2,Harbor Velocity Team,6,Downwind,27.122,-23.005,13.95,148.016,206.254,15.637,173.392,11.511,62.981,-100.746,1323.121,none,starboard,1.854
2026-05-21 10:53:30,Boat-3,Northern Reach Sailing,6,Downwind,25.59,-21.669,13.865,-147.865,206.51,15.321,193.609,12.407,68.428,79.944,1334.678,none,port,1.932
2026-05-21 10:53:30,Boat-4,Blue Horizon GP,6,Downwind,21.453,21.414,14.065,-3.457,206.502,15.388,203.467,21.291,76.992,81.109,1332.815,gybe,port,1.796
2026-05-21 10:53:30,Boat-5,Straitline Performance,6,Downwind,24.456,-23.292,14.264,-162.251,204.57,15.179,191.48,7.883,70.393,95.687,1336.089,none,port,1.866
2026-05-21 10:53:32,Boat-1,Apex Wave Racing,6,Downwind,28.818,-24.47,14.403,148.116,204.221,15.085,175.604,9.455,55.07,-118.446,1323.488,none,starboard,2.113
2026-05-21 10:53:32,Boat-2,Harbor Velocity Team,6,Downwind,26.501,-23.604,14.366,152.958,205.64,14.434,167.494,10.526,64.859,-97.436,1296.632,none,starboard,2.036
2026-05-21 10:53:32,Boat-3,Northern Reach Sailing,6,Downwind,24.857,-22.132,14.711,-152.92,205.127,14.711,192.263,10.491,68.314,74.658,1313.161,none,port,2.033
2026-05-21 10:53:32,Boat-4,Blue Horizon GP,6,Downwind,21.348,14.225,14.2,48.213,202.725,14.313,196.175,19.855,73.12,74.555,1321.598,none,starboard,2.144
2026-05-21 10:53:32,Boat-5,Straitline Performance,6,Downwind,23.911,-7.649,13.834,-108.656,204.013,15.024,192.243,15.046,69.261,90.936,1308.521,none,port,2.189
2026-05-21 10:53:34,Boat-1,Apex Wave Racing,6,Downwind,29.17,-25.394,14.25,150.522,204.997,14.765,174.907,10.156,57.524,-116.447,1291.07,none,starboard,1.944
2026-05-21 10:53:34,Boat-2,Harbor Velocity Team,6,Downwind,26.641,-23.215,14.775,150.623,204.906,15.743,165.122,13.647,64.503,-94.152,1293.391,none,starboard,1.873
2026-05-21 10:53:34,Boat-3,Northern Reach Sailing,6,Downwind,23.748,-20.078,14.185,-147.721,205.07,15.793,200.037,12.934,69.684,69.351,1285.941,none,port,1.882
2026-05-21 10:53:34,Boat-4,Blue Horizon GP,6,Downwind,22.414,-4.862,13.732,102.528,204.061,15.621,193.053,13.089,72.497,67.972,1287.524,none,starboard,1.876
2026-05-21 10:53:34,Boat-5,Straitline Performance,6,Downwind,21.923,13.142,14.261,-53.169,206.408,15.73,190.648,20.025,68.36,86.133,1292.058,none,port,1.99
2026-05-21 10:53:36,Boat-1,Apex Wave Racing,6,Downwind,29.891,-25.994,12.892,150.415,206.685,14.479,172.119,8.3,55.639,-114.478,1278.952,none,starboard,1.804
2026-05-21 10:53:36,Boat-2,Harbor Velocity Team,6,Downwind,25.784,-22.159,13.533,149.252,205.936,14.758,170.909,10.834,63.702,-90.891,1271.996,none,starboard,1.728
2026-05-21 10:53:36,Boat-3,Northern Reach Sailing,6,Downwind,23.892,-20.258,13.212,-147.982,205.386,14.246,203.931,11.516,68.758,64.024,1284.004,none,port,1.745
2026-05-21 10:53:36,Boat-4,Blue Horizon GP,6,Downwind,22.351,-19.668,13.492,151.637,206.816,14.645,213.146,9.14,72.28,61.366,1264.709,none,starboard,1.666
2026-05-21 10:53:36,Boat-5,Straitline Performance,6,Downwind,21.776,21.773,13.14,0.912,206.534,14.927,195.057,20.809,70.999,81.28,1257.16,gybe,starboard,1.786
2026-05-21 10:53:38,Boat-1,Apex Wave Racing,6,Downwind,28.588,-24.226,14.207,147.93,205.587,15.203,174.439,8.583,54.291,-112.534,1262.802,none,starboard,1.965
2026-05-21 10:53:38,Boat-2,Harbor Velocity Team,6,Downwind,25.409,-22.288,13.996,151.301,206.108,15.528,173.098,10.502,65.255,-87.648,1252.745,none,starboard,1.843
2026-05-21 10:53:38,Boat-3,Northern Reach Sailing,6,Downwind,24.429,-21.721,13.67,-152.769,205.858,15.962,192.587,12.796,67.304,58.68,1261.895,none,port,1.952
2026-05-21 10:53:38,Boat-4,Blue Horizon GP,6,Downwind,23.941,-22.7,13.981,161.468,207.38,15.562,207.823,9.408,73.415,54.74,1267.262,none,starboard,1.908
2026-05-21 10:53:38,Boat-5,Straitline Performance,6,Downwind,21.659,11.821,13.467,56.921,206.107,15.943,226.966,17.613,70.608,75.695,1253.259,none,starboard,1.909
2026-05-21 10:53:40,Boat-1,Apex Wave Racing,6,Downwind,27.577,-22.597,13.764,145.028,205.459,15.225,170.158,9.395,60.344,-110.614,1239.274,none,starboard,1.882
2026-05-21 10:53:40,Boat-2,Harbor Velocity Team,6,Downwind,25.358,-22.155,14.001,150.891,207.192,14.965,170.106,11.496,63.402,-84.42,1218.543,none,starboard,1.968
2026-05-21 10:53:40,Boat-3,Northern Reach Sailing,6,Downwind,24.209,-20.849,13.791,-149.451,207.197,14.425,198.63,10.673,68.314,53.319,1236.059,none,port,1.87
2026-05-21 10:53:40,Boat-4,Blue Horizon GP,6,Downwind,24.521,-22.969,13.821,159.511,204.643,14.7,197.929,9.975,72.969,48.1,1239.572,none,starboard,1.905
2026-05-21 10:53:40,Boat-5,Straitline Performance,6,Downwind,23.433,-7.777,13.645,109.384,207.351,15.207,196.836,14.763,69.897,70.067,1246.691,none,starboard,1.863
2026-05-21 10:53:42,Boat-1,Apex Wave Racing,6,Downwind,26.516,-23.079,12.809,150.505,207.053,14.852,173.238,10.532,55.144,-108.714,1240.782,none,starboard,1.768
2026-05-21 10:53:42,Boat-2,Harbor Velocity Team,6,Downwind,24.566,-21.973,12.713,153.437,204.792,14.629,158.737,10.747,63.69,-81.203,1215.797,none,starboard,1.678
2026-05-21 10:53:42,Boat-3,Northern Reach Sailing,6,Downwind,24.505,-20.478,13.227,-146.688,206.959,15.308,199.109,13.262,66.052,47.943,1230.046,none,port,1.708
2026-05-21 10:53:42,Boat-4,Blue Horizon GP,6,Downwind,24.877,-23.967,13.263,164.461,203.942,14.761,202.868,8.972,70.088,41.449,1226.184,none,starboard,1.695
2026-05-21 10:53:42,Boat-5,Straitline Performance,6,Downwind,24.308,-23.304,12.984,163.475,205.321,14.75,192.047,8.438,69.499,64.397,1215.923,none,starboard,1.765
2026-05-21 10:53:44,Boat-1,Apex Wave Racing,6,Downwind,26.424,-23.035,13.916,150.664,207.3,15.142,176.026,10.318,56.844,-106.831,1207.364,none,starboard,1.929
2026-05-21 10:53:44,Boat-2,Harbor Velocity Team,6,Downwind,25.309,-22.212,13.188,151.356,207.543,14.835,169.754,11.753,62.92,-77.993,1202.026,none,starboard,1.897
2026-05-21 10:53:44,Boat-3,Northern Reach Sailing,6,Downwind,23.876,-21.14,13.707,-152.303,206.099,14.442,193.952,10.535,68.474,42.553,1204.986,none,port,1.871
2026-05-21 10:53:44,Boat-4,Blue Horizon GP,6,Downwind,25.168,-23.7,13.269,160.337,206.27,14.473,200.588,9.524,70.982,34.793,1208.02,none,starboard,1.786
2026-05-21 10:53:44,Boat-5,Straitline Performance,6,Downwind,25.764,-23.751,13.549,157.2,206.167,14.763,205.748,9.601,72.203,58.69,1193.381,none,starboard,1.963
2026-05-21 10:53:46,Boat-1,Apex Wave Racing,6,Downwind,25.161,-22.131,14.056,151.591,205.703,15.841,173.002,11.491,57.054,-104.96,1186.746,none,starboard,1.859
2026-05-21 10:53:46,Boat-2,Harbor Velocity Team,6,Downwind,24.19,-21.283,13.697,151.625,206.223,15.331,169.028,11.986,65.553,-74.786,1180.291,none,starboard,1.798
2026-05-21 10:53:46,Boat-3,Northern Reach Sailing,6,Downwind,23.149,-20.066,13.52,-150.09,207.399,15.062,198.379,14.27,68.876,37.152,1186.611,none,port,1.853
2026-05-21 10:53:46,Boat-4,Blue Horizon GP,6,Downwind,25.471,-24.151,13.536,161.472,206.732,15.954,196.265,8.23,70.517,28.135,1190.74,none,starboard,1.874
2026-05-21 10:53:46,Boat-5,Straitline Performance,6,Downwind,26.137,-23.871,14.045,155.966,208.611,14.891,197.239,7.416,73.2,52.948,1192.185,none,starboard,1.843
2026-05-21 10:53:48,Boat-1,Apex Wave Racing,6,Downwind,24.624,-21.384,13.796,150.274,206.4,15.501,174.588,9.844,58.812,-103.099,1176.965,none,starboard,1.786
2026-05-21 10:53:48,Boat-2,Harbor Velocity Team,6,Downwind,23.926,-21.392,13.83,153.388,205.61,15.362,164.289,12.076,64.606,-71.577,1168.93,none,starboard,1.835
2026-05-21 10:53:48,Boat-3,Northern Reach Sailing,6,Downwind,21.734,-17.936,13.716,-145.615,206.543,15.599,197.58,11.28,72.143,31.74,1172.442,none,port,1.788
2026-05-21 10:53:48,Boat-4,Blue Horizon GP,6,Downwind,25.793,-24.341,13.772,160.682,206.329,15.432,195.264,8.271,71.167,21.481,1162.392,none,starboard,1.767
2026-05-21 10:53:48,Boat-5,Straitline Performance,6,Downwind,26.906,-26.015,13.874,165.213,206.811,15.503,197.931,7.416,71.412,47.175,1156.272,none,starboard,1.781
2026-05-21 10:53:50,Boat-1,Apex Wave Racing,6,Downwind,23.552,-5.354,13.747,103.138,204.932,15.112,174.483,15.311,58.602,-101.244,1147.523,none,starboard,2.004
2026-05-21 10:53:50,Boat-2,Harbor Velocity Team,6,Downwind,22.405,-20.586,13.844,156.751,205.671,14.324,169.893,11.643,63.377,-68.362,1157.456,none,starboard,1.909
2026-05-21 10:53:50,Boat-3,Northern Reach Sailing,6,Downwind,21.092,-18.664,13.416,-152.241,207.207,14.613,194.765,12.953,71.526,26.32,1152.424,none,port,1.836
2026-05-21 10:53:50,Boat-4,Blue Horizon GP,6,Downwind,25.501,-23.066,13.129,154.755,206.196,13.809,195.369,10.805,74.637,14.835,1142.002,none,starboard,1.98
2026-05-21 10:53:50,Boat-5,Straitline Performance,6,Downwind,27.043,-25.312,13.229,159.391,206.903,14.172,232.446,8.87,69.543,41.375,1156.419,none,starboard,1.952
2026-05-21 10:53:52,Boat-1,Apex Wave Racing,6,Downwind,22.363,14.477,13.774,49.658,205.496,13.958,175.415,19.046,56.572,-99.391,1138.582,none,starboard,2.032
2026-05-21 10:53:52,Boat-2,Harbor Velocity Team,6,Downwind,20.84,-18.89,13.44,155.018,205.38,14.245,170.73,11.42,61.966,-65.138,1132.811,none,starboard,1.892
2026-05-21 10:53:52,Boat-3,Northern Reach Sailing,6,Downwind,19.015,-17.002,13.999,-153.397,205.35,13.999,194.165,11.658,67.798,20.894,1131.287,none,port,1.953
2026-05-21 10:53:52,Boat-4,Blue Horizon GP,6,Downwind,25.95,-23.919,13.169,157.179,204.444,13.826,198.584,10.281,72.578,8.201,1114.078,none,starboard,1.895
2026-05-21 10:53:52,Boat-5,Straitline Performance,6,Downwind,27.356,-25.876,13.21,161.07,205.637,14.253,193.518,7.776,66.215,35.55,1147.335,none,starboard,1.879
2026-05-21 10:53:54,Boat-1,Apex Wave Racing,6,Downwind,23.295,23.262,14.318,3.043,206.653,15.725,174.654,21.999,57.562,-97.538,1101.306,gybe,starboard,2.003
2026-05-21 10:53:54,Boat-2,Harbor Velocity Team,6,Downwind,19.382,-4.713,14.017,104.075,204.602,15.754,168.828,17.043,66.681,-61.901,1117.869,none,starboard,2.05
2026-05-21 10:53:54,Boat-3,Northern Reach Sailing,6,Downwind,18.703,-3.219,14.193,-99.91,208.429,16.386,203.333,17.216,70.147,15.462,1109.399,none,port,2.014
2026-05-21 10:53:54,Boat-4,Blue Horizon GP,6,Downwind,25.456,-23.744,13.764,158.871,206.104,16.387,210.335,9.167,71.478,1.585,1102.595,none,starboard,2.154
2026-05-21 10:53:54,Boat-5,Straitline Performance,6,Downwind,27.392,-25.704,13.902,159.777,206.058,16.058,193.581,8.073,70.129,29.705,1107.876,none,starboard,1.973
2026-05-21 10:53:56,Boat-1,Apex Wave Racing,6,Downwind,22.167,15.933,14.037,-44.045,206.423,15.128,164.075,19.994,57.631,-94.962,1091.255,none,port,1.812
2026-05-21 10:53:56,Boat-2,Harbor Velocity Team,6,Downwind,19.154,12.328,13.895,49.937,207.133,14.771,172.75,20.764,63.676,-58.646,1099.937,none,starboard,1.79
2026-05-21 10:53:56,Boat-3,Northern Reach Sailing,6,Downwind,17.125,10.396,13.724,-52.622,206.63,15.057,194.907,20.388,70.263,10.026,1106.093,none,port,1.732
2026-05-21 10:53:56,Boat-4,Blue Horizon GP,6,Downwind,26.314,-24.538,13.57,158.829,206.139,15.349,200.649,9.561,73.699,-5.01,1091.502,none,starboard,1.851
2026-05-21 10:53:56,Boat-5,Straitline Performance,6,Downwind,27.673,-25.874,13.887,159.222,205.285,15.52,193.777,6.944,70.182,23.842,1098.871,none,starboard,1.766
2026-05-21 10:53:58,Boat-1,Apex Wave Racing,6,Downwind,22.617,-2.004,12.063,-95.084,205.397,12.64,167.275,15.315,58.837,-92.379,1083.224,none,port,1.668
2026-05-21 10:53:58,Boat-2,Harbor Velocity Team,6,Downwind,18.185,18.164,12.362,-2.805,208.639,13.114,169.216,24.203,64.891,-55.369,1066.53,gybe,port,1.622
2026-05-21 10:53:58,Boat-3,Northern Reach Sailing,6,Downwind,15.835,15.771,12.103,-5.151,203.437,12.632,194.919,23.188,69.313,4.589,1068.558,gybe,port,1.633
2026-05-21 10:53:58,Boat-4,Blue Horizon GP,6,Downwind,24.957,-24.048,12.309,164.485,205.857,12.478,196.102,8.86,71.715,-11.579,1067.664,none,starboard,1.661
2026-05-21 10:53:58,Boat-5,Straitline Performance,6,Downwind,28.05,-27.446,12.643,168.09,208.31,12.643,191.529,8.396,70.157,17.967,1060.004,none,starboard,1.678
2026-05-21 10:54:00,Boat-1,Apex Wave Racing,6,Downwind,24.294,-19.492,13.763,-143.353,205.639,14.345,174.04,10.688,55.614,-89.784,1068.322,none,port,1.896
2026-05-21 10:54:00,Boat-2,Harbor Velocity Team,6,Downwind,19.14,11.187,13.242,-54.233,204.648,14.11,157.777,22.012,68.843,-50.701,1058.224,none,port,1.88
2026-05-21 10:54:00,Boat-3,Northern Reach Sailing,6,Downwind,17.307,12.208,13.33,45.14,208.253,14.077,202.527,18.231,69.548,-2.146,1060.405,none,starboard,1.852
2026-05-21 10:54:00,Boat-4,Blue Horizon GP,6,Downwind,25.841,-24.717,13.391,163.04,204.316,13.964,202.35,6.911,68.772,-18.117,1046.095,none,starboard,1.903
2026-05-21 10:54:00,Boat-5,Straitline Performance,6,Downwind,27.37,-25.414,13.693,158.208,204.713,13.965,200.892,7.19,67.06,12.082,1041.219,none,starboard,1.885
2026-05-21 10:54:02,Boat-1,Apex Wave Racing,6,Downwind,25.349,-22.293,13.553,-151.574,205.289,14.727,174.492,10.485,60.765,-87.174,1033.368,none,port,1.714
2026-05-21 10:54:02,Boat-2,Harbor Velocity Team,6,Downwind,19.096,-5.118,13.073,-105.546,205.416,14.895,167.674,16.16,66.024,-46.003,1043.605,none,port,1.781
2026-05-21 10:54:02,Boat-3,Northern Reach Sailing,6,Downwind,18.401,-2.481,13.163,97.75,206.467,14.85,199.018,19.181,69.047,-8.88,1036.084,none,starboard,1.804
2026-05-21 10:54:02,Boat-4,Blue Horizon GP,6,Downwind,25.814,-25.105,13.474,166.542,207.104,14.925,213.495,7.797,74.397,-24.621,1035.942,none,starboard,1.649
2026-05-21 10:54:02,Boat-5,Straitline Performance,6,Downwind,27.233,-25.076,13.733,157.043,207.467,15.193,211.528,10.162,70.449,6.191,1029.155,none,starboard,1.797
2026-05-21 10:54:04,Boat-1,Apex Wave Racing,6,Downwind,26.175,-21.166,12.577,-143.961,207.027,13.761,169.216,10.728,55.686,-84.545,1014.003,none,port,1.79
2026-05-21 10:54:04,Boat-2,Harbor Velocity Team,6,Downwind,20.697,-19.322,12.774,-158.999,207.353,13.817,169.144,12.895,67.136,-41.273,1015.076,none,port,1.655
2026-05-21 10:54:04,Boat-3,Northern Reach Sailing,6,Downwind,18.527,-15.502,12.599,146.795,206.091,13.27,205.824,12.621,72.529,-15.61,1021.342,none,starboard,1.669
2026-05-21 10:54:04,Boat-4,Blue Horizon GP,6,Downwind,25.306,-24.519,13.156,165.674,207.479,13.718,198.859,9.403,71.255,-31.087,1026.497,none,starboard,1.671
2026-05-21 10:54:04,Boat-5,Straitline Performance,6,Downwind,26.979,-24.774,12.593,156.672,207.166,13.933,200.59,7.968,71.487,0.299,1022.012,none,starboard,1.609
2026-05-21 10:54:06,Boat-1,Apex Wave Racing,6,Downwind,26.578,-21.867,13.066,-145.362,204.233,14.293,171.405,10.44,56.871,-81.895,1005.654,none,port,1.843
2026-05-21 10:54:06,Boat-2,Harbor Velocity Team,6,Downwind,22.452,-18.866,13.372,-147.171,206.347,14.404,162.443,13.76,63.338,-36.506,994.082,none,port,1.772
2026-05-21 10:54:06,Boat-3,Northern Reach Sailing,6,Downwind,20.714,-17.692,13.039,148.665,205.731,14.334,197.596,9.239,68.47,-22.335,1008.281,none,starboard,1.855
2026-05-21 10:54:06,Boat-4,Blue Horizon GP,6,Downwind,25.239,-24.311,13.317,164.41,205.523,13.964,193.259,8.728,67.71,-37.509,998.211,none,starboard,1.911
2026-05-21 10:54:06,Boat-5,Straitline Performance,6,Downwind,26.991,-25.924,13.557,163.832,204.634,14.438,194.977,8.878,67.307,-5.592,997.79,none,starboard,1.746
2026-05-21 10:54:08,Boat-1,Apex Wave Racing,6,Downwind,27.494,-23.202,13.826,-147.556,205.166,15.636,172.862,9.9,54.914,-79.22,978.771,none,port,2.088
2026-05-21 10:54:08,Boat-2,Harbor Velocity Team,6,Downwind,22.893,-20.33,13.59,-152.63,207.197,15.613,167.009,13.19,65.896,-31.699,984.818,none,port,2.063
2026-05-21 10:54:08,Boat-3,Northern Reach Sailing,6,Downwind,20.384,-17.851,13.447,151.134,206.762,15.736,197.951,12.093,69.608,-29.053,978.954,none,starboard,2.131
2026-05-21 10:54:08,Boat-4,Blue Horizon GP,6,Downwind,24.907,-23.631,13.739,161.581,206.074,15.75,204.643,8.17,68.889,-43.885,972.181,none,starboard,2.045
2026-05-21 10:54:08,Boat-5,Straitline Performance,6,Downwind,27.175,-25.666,13.807,160.817,207.536,15.742,194.34,9.021,70.178,-11.477,977.995,none,starboard,2.084
2026-05-21 10:54:10,Boat-1,Apex Wave Racing,6,Downwind,26.705,-23.995,12.786,-153.966,204.363,13.823,168.447,8.43,54.452,-76.517,962.703,none,port,1.97
2026-05-21 10:54:10,Boat-2,Harbor Velocity Team,6,Downwind,23.774,-21.462,13.022,-154.523,206.301,13.732,168.603,12.29,63.87,-26.849,952.222,none,port,1.909
2026-05-21 10:54:10,Boat-3,Northern Reach Sailing,6,Downwind,21.277,-18.967,12.897,153.055,205.435,13.903,202.122,12.174,64.481,-35.763,966.836,none,starboard,1.851
2026-05-21 10:54:10,Boat-4,Blue Horizon GP,6,Downwind,24.73,-23.945,12.85,165.527,205.866,13.18,200.071,9.427,73.392,-50.21,970.525,none,starboard,1.879
2026-05-21 10:54:10,Boat-5,Straitline Performance,6,Downwind,26.628,-25.394,12.583,162.493,206.128,13.817,197.808,7.199,67.451,-17.352,951.787,none,starboard,1.839
2026-05-21 10:54:12,Boat-1,Apex Wave Racing,6,Downwind,27.692,-24.478,13.41,-152.12,206.887,14.38,171.972,9.922,55.227,-73.782,952.168,none,port,1.676
2026-05-21 10:54:12,Boat-2,Harbor Velocity Team,6,Downwind,24.33,-21.739,13.584,-153.317,205.787,13.899,162.552,11.589,64.418,-21.952,936.466,none,port,1.772
2026-05-21 10:54:12,Boat-3,Northern Reach Sailing,6,Downwind,22.396,-18.854,13.26,147.336,205.791,13.802,196.317,11.122,70.121,-42.462,945.97,none,starboard,1.696
2026-05-21 10:54:12,Boat-4,Blue Horizon GP,6,Downwind,25.143,-23.86,13.407,161.614,205.89,14.473,199.357,8.6,68.867,-56.481,937.707,none,starboard,1.675
2026-05-21 10:54:12,Boat-5,Straitline Performance,6,Downwind,27.249,-26.555,12.855,167.035,204.973,14.381,199.854,7.245,68.694,-23.215,941.454,none,starboard,1.659
2026-05-21 10:54:14,Boat-1,Apex Wave Racing,6,Downwind,27.622,-22.125,13.048,-143.226,204.211,14.628,174.412,9.738,54.99,-71.012,923.675,none,port,1.925
2026-05-21 10:54:14,Boat-2,Harbor Velocity Team,6,Downwind,25.103,-21.806,13.031,-150.305,205.946,14.188,159.25,11.702,67.077,-17.005,920.903,none,port,1.876
2026-05-21 10:54:14,Boat-3,Northern Reach Sailing,6,Downwind,22.669,-19.725,13.486,150.474,205.586,14.086,203.952,10.812,70.698,-49.149,921.11,none,starboard,2.016
2026-05-21 10:54:14,Boat-4,Blue Horizon GP,6,Downwind,24.857,-23.639,12.962,161.993,206.737,14.6,200.311,8.956,73.785,-62.694,934.988,none,starboard,2.002
2026-05-21 10:54:14,Boat-5,Straitline Performance,6,Downwind,27.162,-25.942,12.898,162.762,206.595,13.625,195.348,7.705,67.265,-29.06,919.363,none,starboard,1.98
2026-05-21 10:54:16,Boat-1,Apex Wave Racing,6,Downwind,27.813,-24.803,12.779,-153.1,206.4,14.336,172.404,8.722,55.887,-68.206,895.176,none,port,1.607
2026-05-21 10:54:16,Boat-2,Harbor Velocity Team,6,Downwind,24.446,-20.98,12.66,-149.116,203.745,13.771,161.933,11.581,63.074,-12.005,910.213,none,port,1.653
2026-05-21 10:54:16,Boat-3,Northern Reach Sailing,6,Downwind,22.593,-19.078,13.069,147.611,206.043,14.796,205.818,11.694,66.795,-55.822,915.894,none,starboard,1.681
2026-05-21 10:54:16,Boat-4,Blue Horizon GP,6,Downwind,25.412,-24.572,13.151,165.228,206.934,14.134,194.712,8.317,71.658,-68.847,904.298,none,starboard,1.657
2026-05-21 10:54:16,Boat-5,Straitline Performance,6,Downwind,27.544,-26.515,12.547,164.292,205.46,14.358,196.4,7.651,68.229,-34.885,898.933,none,starboard,1.642
2026-05-21 10:54:18,Boat-1,Apex Wave Racing,6,Downwind,26.444,-23.581,13.367,-153.094,208.278,15.58,166.151,9.499,55.011,-65.359,881.276,none,port,1.972
2026-05-21 10:54:18,Boat-2,Harbor Velocity Team,6,Downwind,24.875,-22.736,13.671,-156.065,205.216,15.571,162.848,9.084,63.712,-6.95,890.08,none,port,2.039
2026-05-21 10:54:18,Boat-3,Northern Reach Sailing,6,Downwind,23.091,-19.616,13.358,148.156,205.907,15.307,195.224,12.855,67.737,-62.481,893.554,none,starboard,1.999
2026-05-21 10:54:18,Boat-4,Blue Horizon GP,6,Downwind,24.779,-22.715,13.876,156.45,207.656,15.004,206.566,9.185,72.843,-74.935,888.369,none,starboard,1.918
2026-05-21 10:54:18,Boat-5,Straitline Performance,6,Downwind,26.703,-25.03,13.433,159.61,206.249,15.524,201.653,7.117,68.375,-40.686,879.862,none,starboard,1.959
2026-05-21 10:54:20,Boat-1,Apex Wave Racing,6,Downwind,26.652,-21.77,13.009,-144.766,208.306,14.305,171.92,11.138,57.803,-62.468,871.904,none,port,1.744
2026-05-21 10:54:20,Boat-2,Harbor Velocity Team,6,Downwind,24.28,-21.217,12.685,-150.906,207.508,14.661,167.124,12.375,61.987,-1.836,877.263,none,port,1.917
2026-05-21 10:54:20,Boat-3,Northern Reach Sailing,6,Downwind,22.594,-19.74,12.529,150.887,207.403,14.879,201.157,11.526,69.241,-69.122,867.021,none,starboard,1.798
2026-05-21 10:54:20,Boat-4,Blue Horizon GP,6,Downwind,24.556,-23.812,13.043,165.855,207.624,14.587,194.242,8.504,71.067,-80.956,880.081,none,starboard,1.947
2026-05-21 10:54:20,Boat-5,Straitline Performance,6,Downwind,26.636,-25.856,12.742,166.098,205.909,14.408,198.238,8.43,69.556,-46.459,869.78,none,starboard,1.806
2026-05-21 10:54:22,Boat-1,Apex Wave Racing,6,Downwind,27.413,-21.098,13.105,-140.32,204.397,14.231,171.423,10.945,55.303,-59.533,840.241,none,port,1.77
2026-05-21 10:54:22,Boat-2,Harbor Velocity Team,6,Downwind,24.035,-20.296,13.262,-147.613,207.695,14.848,168.477,12.16,65.116,3.339,845.072,none,port,1.683
2026-05-21 10:54:22,Boat-3,Northern Reach Sailing,6,Downwind,22.849,-18.914,13.338,145.871,206.682,14.783,198.384,13.287,68.625,-75.746,859.276,none,starboard,1.767
2026-05-21 10:54:22,Boat-4,Blue Horizon GP,6,Downwind,24.061,-22.277,13.616,157.797,206.195,14.638,192.082,9.836,72.48,-86.906,841.202,none,starboard,1.664
2026-05-21 10:54:22,Boat-5,Straitline Performance,6,Downwind,26.708,-25.667,13.293,163.947,205.417,14.14,196.626,7.379,70.451,-52.201,844.916,none,starboard,1.723
2026-05-21 10:54:24,Boat-1,Apex Wave Racing,6,Downwind,25.596,-21.801,12.432,-148.402,206.889,13.6,169.903,9.582,55.014,-56.549,832.655,none,port,1.687
2026-05-21 10:54:24,Boat-2,Harbor Velocity Team,6,Downwind,23.518,-21.523,12.168,-156.23,208.108,14.107,158.601,12.051,62.487,8.577,826.185,none,port,1.629
2026-05-21 10:54:24,Boat-3,Northern Reach Sailing,6,Downwind,22.866,-20.071,12.296,151.371,206.994,14.102,196.35,12.513,69.227,-82.35,827.219,none,starboard,1.664
2026-05-21 10:54:24,Boat-4,Blue Horizon GP,6,Downwind,24.785,-24.323,12.402,168.924,209.688,14.041,201.398,9.076,71.946,-92.784,824.819,none,starboard,1.662
2026-05-21 10:54:24,Boat-5,Straitline Performance,6,Downwind,26.509,-25.273,12.715,162.429,205.254,13.923,194.405,8.075,70.918,-57.909,831.436,none,starboard,1.701
2026-05-21 10:54:26,Boat-1,Apex Wave Racing,6,Downwind,27.204,-24.096,13.34,-152.345,205.592,14.836,165.422,9.226,56.001,-53.514,806.441,none,port,1.886
2026-05-21 10:54:26,Boat-2,Harbor Velocity Team,6,Downwind,25.037,-22.676,13.995,-154.918,207.165,14.998,163.389,11.213,65.452,13.881,818.169,none,port,1.919
2026-05-21 10:54:26,Boat-3,Northern Reach Sailing,6,Downwind,22.814,-18.798,14.009,145.482,207.352,15.379,201.019,11.624,68.202,-88.933,814.325,none,starboard,1.808
2026-05-21 10:54:26,Boat-4,Blue Horizon GP,6,Downwind,24.97,-23.741,13.523,161.954,208.385,14.972,200.636,7.753,71.51,-98.588,811.391,none,starboard,1.858
2026-05-21 10:54:26,Boat-5,Straitline Performance,6,Downwind,27.133,-25.188,13.679,158.173,207.557,14.989,198.697,9.536,67.887,-63.579,800.621,none,starboard,1.84
2026-05-21 10:54:28,Boat-1,Apex Wave Racing,6,Downwind,27.365,-24.573,13.146,-153.892,205.731,14.904,152.947,10.31,58.328,-50.427,809.115,none,port,1.845
2026-05-21 10:54:28,Boat-2,Harbor Velocity Team,6,Downwind,23.791,-21.202,13.405,-153.021,204.562,14.541,166.464,12.146,60.82,19.253,790.4,none,port,1.821
2026-05-21 10:54:28,Boat-3,Northern Reach Sailing,6,Downwind,22.872,-18.747,13.279,145.05,206.941,14.571,202.539,10.317,71.748,-95.494,793.011,none,starboard,1.833
2026-05-21 10:54:28,Boat-4,Blue Horizon GP,6,Downwind,25.022,-24.218,13.097,165.437,206.32,14.675,215.061,8.281,69.701,-104.313,794.205,none,starboard,1.815
2026-05-21 10:54:28,Boat-5,Straitline Performance,6,Downwind,25.689,-22.586,13.074,151.548,207.401,14.405,206.104,9.632,69.516,-69.208,798.049,none,starboard,1.841
2026-05-21 10:54:30,Boat-1,Apex Wave Racing,6,Downwind,26.546,-21.947,13.087,-145.767,207.046,14.087,173.538,7.927,56.997,-47.284,794.242,none,port,1.796
2026-05-21 10:54:30,Boat-2,Harbor Velocity Team,6,Downwind,24.492,-21.292,13.196,-150.386,206.473,14.384,166.151,10.315,64.527,24.694,773.255,none,port,1.72
2026-05-21 10:54:30,Boat-3,Northern Reach Sailing,6,Downwind,22.392,-18.552,12.412,145.945,206.049,13.964,199.247,11.589,67.312,-102.032,782.763,none,starboard,1.699
2026-05-21 10:54:30,Boat-4,Blue Horizon GP,6,Downwind,24.959,-23.949,12.882,163.644,207.311,14.733,194.872,9.34,72.089,-109.96,795.186,none,starboard,1.705
2026-05-21 10:54:30,Boat-5,Straitline Performance,6,Downwind,26.455,-24.814,12.391,159.714,207.458,14.655,194.801,7.785,66.935,-74.793,777.734,none,starboard,1.816
2026-05-21 10:54:32,Boat-1,Apex Wave Racing,6,Downwind,26.615,-24.007,13.299,-154.422,208.647,14.423,172.708,10.429,56.494,-44.085,753.129,none,port,1.831
2026-05-21 10:54:32,Boat-2,Harbor Velocity Team,6,Downwind,24.337,-21.69,13.411,-153.029,208.753,14.278,160.164,10.311,62.532,30.206,745.97,none,port,1.9
2026-05-21 10:54:32,Boat-3,Northern Reach Sailing,6,Downwind,22.23,-19.253,12.893,150.006,209.281,14.758,199.372,12.017,73.098,-108.545,755.634,none,starboard,1.894
2026-05-21 10:54:32,Boat-4,Blue Horizon GP,6,Downwind,24.811,-22.579,12.877,155.511,205.111,14.584,189.704,8.588,68.39,-115.526,751.983,none,starboard,1.861
2026-05-21 10:54:32,Boat-5,Straitline Performance,6,Downwind,27.345,-26.301,13.262,164.12,206.895,15.119,196.382,9.095,68.745,-80.331,755.952,none,starboard,1.995
2026-05-21 10:54:34,Boat-1,Apex Wave Racing,6,Downwind,26.016,-20.3,12.23,-141.288,208.013,14.087,169.764,8.808,54.067,-40.828,743.784,none,port,1.65
2026-05-21 10:54:34,Boat-2,Harbor Velocity Team,6,Downwind,24.264,-22.403,12.359,-157.415,209.138,13.801,139.654,8.654,64.71,35.791,742.492,none,port,1.717
2026-05-21 10:54:34,Boat-3,Northern Reach Sailing,6,Downwind,22.967,-17.85,12.258,141.005,208.373,13.982,203.693,12.271,70.539,-115.032,745.789,none,starboard,1.594
2026-05-21 10:54:34,Boat-4,Blue Horizon GP,6,Downwind,24.655,-23.531,12.274,162.63,207.383,13.761,196.256,6.841,72.972,-121.009,730.577,none,starboard,1.689
2026-05-21 10:54:34,Boat-5,Straitline Performance,6,Downwind,26.833,-25.654,12.434,162.955,207.409,13.574,200.776,8.813,68.881,-85.82,740.225,none,starboard,1.572
2026-05-21 10:54:36,Boat-1,Apex Wave Racing,6,Downwind,26.415,-22.26,13.017,-147.426,206.742,15.086,170.737,8.776,54.678,-37.51,716.714,none,port,1.85
2026-05-21 10:54:36,Boat-2,Harbor Velocity Team,6,Downwind,23.758,-20.164,13.202,-148.075,209.028,14.884,166.167,11.743,63.572,41.449,732.734,none,port,1.749
2026-05-21 10:54:36,Boat-3,Northern Reach Sailing,6,Downwind,23.667,-20.268,13.419,148.909,209.303,14.881,196.001,12.213,70.016,-121.492,726.129,none,starboard,1.838
2026-05-21 10:54:36,Boat-4,Blue Horizon GP,6,Downwind,24.706,-23.878,13.024,165.13,209.37,14.431,202.216,7.041,71.836,-126.408,714.663,none,starboard,1.719
2026-05-21 10:54:36,Boat-5,Straitline Performance,6,Downwind,26.939,-25.072,13.171,158.543,206.719,14.799,192.642,7.795,67.351,-91.256,727.156,none,starboard,1.831
2026-05-21 10:54:38,Boat-1,Apex Wave Racing,6,Downwind,26.326,-22.145,12.76,-147.264,208.457,13.937,158.979,9.69,54.409,-34.13,702.722,none,port,1.705
2026-05-21 10:54:38,Boat-2,Harbor Velocity Team,6,Downwind,23.581,-20.051,13.192,-148.243,207.422,13.877,164.152,11.091,62.683,47.183,696.229,none,port,1.869
2026-05-21 10:54:38,Boat-3,Northern Reach Sailing,6,Downwind,23.14,-19.754,12.493,148.615,208.82,14.192,204.339,12.466,66.694,-127.924,700.829,none,starboard,1.796
2026-05-21 10:54:38,Boat-4,Blue Horizon GP,6,Downwind,24.709,-23.2,12.842,159.875,210.741,14.571,201.336,7.531,72.263,-131.722,704.346,none,starboard,1.857
2026-05-21 10:54:38,Boat-5,Straitline Performance,6,Downwind,26.707,-25.815,13.048,165.156,206.853,13.396,193.972,7.457,69.851,-96.637,691.998,none,starboard,1.785
2026-05-21 10:54:40,Boat-1,Apex Wave Racing,6,Downwind,26.237,-23.261,12.913,-152.443,205.442,13.468,169.691,11.96,58.827,-30.688,698.962,none,port,1.791
2026-05-21 10:54:40,Boat-2,Harbor Velocity Team,6,Downwind,23.964,-21.027,12.732,-151.332,206.473,14.056,158.853,10.713,62.867,52.992,692.074,none,port,1.728
2026-05-21 10:54:40,Boat-3,Northern Reach Sailing,6,Downwind,22.873,-19.705,12.811,149.483,207.404,13.382,197.878,12.064,70.057,-134.328,697.751,none,starboard,1.694
2026-05-21 10:54:40,Boat-4,Blue Horizon GP,6,Downwind,23.494,-22.426,12.861,162.659,207.777,13.781,193.391,7.689,67.028,-136.95,687.673,none,starboard,1.811
2026-05-21 10:54:40,Boat-5,Straitline Performance,6,Downwind,25.896,-23.854,12.475,157.095,209.791,13.826,196.412,9.617,68.55,-101.962,684.129,none,starboard,1.752
2026-05-21 10:54:42,Boat-1,Apex Wave Racing,6,Downwind,26.137,-23.273,12.749,-152.925,207.097,13.581,172.209,11.429,57.483,-27.182,664.521,none,port,1.657
2026-05-21 10:54:42,Boat-2,Harbor Velocity Team,6,Downwind,23.513,-21.009,12.309,-153.316,207.881,14.097,168.164,11.792,62.015,58.878,665.995,none,port,1.758
2026-05-21 10:54:42,Boat-3,Northern Reach Sailing,6,Downwind,22.304,-19.898,12.313,153.139,205.343,13.831,192.027,10.965,69.463,-140.702,661.215,none,starboard,1.716
2026-05-21 10:54:42,Boat-4,Blue Horizon GP,6,Downwind,23.66,-22.369,12.205,160.987,208.294,14.046,194.205,7.535,69.465,-142.092,660.786,none,starboard,1.766
2026-05-21 10:54:42,Boat-5,Straitline Performance,6,Downwind,25.818,-24.231,12.476,159.812,208.899,13.781,195.875,9.178,69.077,-107.226,656.049,none,starboard,1.701
2026-05-21 10:54:44,Boat-1,Apex Wave Racing,6,Downwind,26.252,-23.134,12.463,-151.79,207.045,13.704,169.891,10.548,55.073,-23.611,647.236,none,port,1.611
2026-05-21 10:54:44,Boat-2,Harbor Velocity Team,6,Downwind,23.171,-20.414,12.843,-151.766,207.968,13.661,164.36,11.156,64.965,64.84,635.541,none,port,1.696
2026-05-21 10:54:44,Boat-3,Northern Reach Sailing,6,Downwind,22.536,-18.491,12.593,145.137,206.6,14.019,206.119,12.4,64.874,-147.046,638.056,none,starboard,1.648
2026-05-21 10:54:44,Boat-4,Blue Horizon GP,6,Downwind,23.625,-22.766,12.428,164.502,208.618,14.011,208.554,9.029,70.552,-147.147,647.39,none,starboard,1.623
2026-05-21 10:54:44,Boat-5,Straitline Performance,6,Downwind,25.83,-24.441,12.53,161.127,207.334,13.733,199.242,6.791,70.905,-112.429,647.321,none,starboard,1.655
2026-05-21 10:54:46,Boat-1,Apex Wave Racing,6,Downwind,26.367,-21.381,13.087,-144.184,208.059,14.772,164.831,10.807,55.672,-19.974,624.091,none,port,1.621
2026-05-21 10:54:46,Boat-2,Harbor Velocity Team,6,Downwind,24.643,-22.429,13.049,-155.525,209.695,14.338,158.813,9.848,61.789,70.879,623.125,none,port,1.695
2026-05-21 10:54:46,Boat-3,Northern Reach Sailing,6,Downwind,23.282,-20.422,13.105,151.299,208.673,14.255,196.616,13.623,66.167,-153.359,635.4,none,starboard,1.737
2026-05-21 10:54:46,Boat-4,Blue Horizon GP,6,Downwind,25.03,-24.1,13.469,164.34,210.15,14.467,194.951,7.736,72.713,-152.116,642.367,none,starboard,1.693
2026-05-21 10:54:46,Boat-5,Straitline Performance,6,Downwind,25.729,-24.994,12.872,166.274,206.327,14.764,195.144,6.876,68.147,-117.569,626.418,none,starboard,1.714
2026-05-21 10:54:48,Boat-1,Apex Wave Racing,6,Downwind,27.364,-24.045,13.21,-151.487,207.923,15.376,172.026,8.004,55.247,-16.271,620.162,none,port,1.75
2026-05-21 10:54:48,Boat-2,Harbor Velocity Team,6,Downwind,23.394,-21.534,13.211,-156.997,208.396,15.388,159.531,13.708,63.142,76.995,604.181,none,port,1.663
2026-05-21 10:54:48,Boat-3,Northern Reach Sailing,6,Downwind,21.778,-18.134,13.2,146.376,208.034,15.64,201.042,10.291,69.177,-159.641,595.85,none,starboard,1.633
2026-05-21 10:54:48,Boat-4,Blue Horizon GP,6,Downwind,23.964,-23.045,12.992,164.084,207.065,15.478,191.316,9.295,69.894,-156.997,610.504,none,starboard,1.749
2026-05-21 10:54:48,Boat-5,Straitline Performance,6,Downwind,26.715,-24.713,12.972,157.677,206.275,14.95,199.048,9.265,70.335,-122.644,609.579,none,starboard,1.804
2026-05-21 10:54:50,Boat-1,Apex Wave Racing,6,Downwind,26.248,-22.805,13.0,-150.32,208.249,13.739,171.037,10.116,55.113,-12.501,570.746,none,port,1.641
2026-05-21 10:54:50,Boat-2,Harbor Velocity Team,6,Downwind,23.224,-20.93,13.01,-154.324,208.423,13.94,155.536,11.34,64.153,83.188,590.149,none,port,1.735
2026-05-21 10:54:50,Boat-3,Northern Reach Sailing,6,Downwind,22.627,-18.666,13.01,145.584,207.942,13.665,210.381,12.332,68.314,-165.891,602.826,none,starboard,1.644
2026-05-21 10:54:50,Boat-4,Blue Horizon GP,6,Downwind,24.051,-22.431,13.063,158.85,211.325,13.849,201.597,7.322,75.839,-161.792,594.012,none,starboard,1.612
2026-05-21 10:54:50,Boat-5,Straitline Performance,6,Downwind,26.983,-25.835,13.065,163.228,207.707,13.487,197.766,6.951,71.356,-127.653,597.214,none,starboard,1.633
2026-05-21 10:54:52,Boat-1,Apex Wave Racing,6,Downwind,26.398,-21.117,12.285,-143.126,208.236,14.597,152.036,9.986,57.294,-8.665,571.94,none,port,1.673
2026-05-21 10:54:52,Boat-2,Harbor Velocity Team,6,Downwind,23.467,-21.312,12.689,-155.253,208.509,14.307,150.02,10.22,66.261,89.457,576.79,none,port,1.747
2026-05-21 10:54:52,Boat-3,Northern Reach Sailing,6,Downwind,23.023,-19.4,12.489,147.419,205.683,13.929,192.181,13.53,67.584,-172.109,574.584,none,starboard,1.853
2026-05-21 10:54:52,Boat-4,Blue Horizon GP,6,Downwind,24.213,-23.058,12.527,162.233,208.079,14.542,191.945,7.828,70.979,-166.501,586.495,none,starboard,1.792
2026-05-21 10:54:52,Boat-5,Straitline Performance,6,Downwind,26.491,-24.926,12.956,160.207,208.546,13.543,195.539,9.172,71.236,-132.593,578.528,none,starboard,1.668
2026-05-21 10:54:54,Boat-1,Apex Wave Racing,6,Downwind,26.108,-20.523,12.903,-141.819,208.48,14.564,168.48,9.823,56.115,-4.762,556.169,none,port,1.812
2026-05-21 10:54:54,Boat-2,Harbor Velocity Team,6,Downwind,24.263,-21.863,13.234,-154.302,208.895,14.76,165.673,10.709,63.584,95.801,568.285,none,port,1.832
2026-05-21 10:54:54,Boat-3,Northern Reach Sailing,6,Downwind,22.358,-19.684,13.225,151.694,208.441,15.312,195.537,10.181,70.407,-178.294,545.371,none,starboard,1.805
2026-05-21 10:54:54,Boat-4,Blue Horizon GP,6,Downwind,23.737,-22.922,12.924,164.944,207.168,14.582,189.368,8.069,69.759,-171.126,549.894,none,starboard,1.768
2026-05-21 10:54:54,Boat-5,Straitline Performance,6,Downwind,26.681,-25.262,12.978,161.233,208.586,15.121,192.013,10.221,68.57,-137.465,561.928,none,starboard,1.908
2026-05-21 10:54:56,Boat-1,Apex Wave Racing,6,Downwind,26.117,-23.074,13.013,-152.066,209.166,14.282,165.4,9.975,60.158,-0.792,533.313,none,port,1.617
2026-05-21 10:54:56,Boat-2,Harbor Velocity Team,6,Downwind,22.403,-20.038,12.118,-153.435,209.261,13.439,166.397,11.275,63.02,102.221,526.813,none,port,1.628
2026-05-21 10:54:56,Boat-3,Northern Reach Sailing,6,Downwind,22.914,-19.951,12.456,150.536,207.382,13.397,197.69,12.45,66.955,-184.446,530.208,none,starboard,1.643
2026-05-21 10:54:56,Boat-4,Blue Horizon GP,6,Downwind,24.39,-23.054,12.499,160.951,208.225,13.585,194.267,9.095,71.105,-175.666,530.943,none,starboard,1.679
2026-05-21 10:54:56,Boat-5,Straitline Performance,6,Downwind,26.341,-25.552,12.473,165.941,208.735,14.168,193.522,8.282,67.161,-142.266,533.069,none,starboard,1.635
2026-05-21 10:54:58,Boat-1,Apex Wave Racing,6,Downwind,25.614,-21.733,13.084,-148.046,208.786,16.412,161.313,9.67,58.757,3.243,525.435,none,port,1.888
2026-05-21 10:54:58,Boat-2,Harbor Velocity Team,6,Downwind,24.197,-20.77,13.259,-149.135,207.824,15.346,158.574,11.617,64.068,108.714,514.926,none,port,2.007
2026-05-21 10:54:58,Boat-3,Northern Reach Sailing,6,Downwind,23.193,-21.541,13.599,158.245,207.825,15.983,203.777,11.966,67.855,-190.565,506.897,none,starboard,1.927
2026-05-21 10:54:58,Boat-4,Blue Horizon GP,6,Downwind,23.416,-22.17,13.206,161.222,207.731,15.484,194.037,9.406,69.912,-180.124,514.507,none,starboard,1.933
2026-05-21 10:54:58,Boat-5,Straitline Performance,6,Downwind,26.692,-25.309,13.321,161.476,208.989,15.903,197.043,7.343,67.735,-146.997,522.288,none,starboard,1.941
2026-05-21 10:55:00,Boat-1,Apex Wave Racing,6,Downwind,25.425,-20.673,12.06,-144.4,208.502,13.162,171.139,11.302,58.704,7.345,509.255,none,port,1.687
2026-05-21 10:55:00,Boat-2,Harbor Velocity Team,6,Downwind,22.885,-19.821,11.831,-150.011,207.651,13.033,162.746,13.024,59.864,115.279,493.536,none,port,1.591
2026-05-21 10:55:00,Boat-3,Northern Reach Sailing,6,Downwind,21.973,-18.989,11.9,149.795,209.75,13.701,199.193,10.031,67.274,-196.651,502.504,none,starboard,1.672
2026-05-21 10:55:00,Boat-4,Blue Horizon GP,6,Downwind,23.563,-22.084,11.93,159.592,209.276,13.074,190.579,7.855,69.324,-184.501,495.606,none,starboard,1.696
2026-05-21 10:55:00,Boat-5,Straitline Performance,6,Downwind,25.204,-24.311,12.167,164.708,207.672,12.763,191.746,8.184,66.071,-151.657,502.435,none,starboard,1.671
2026-05-21 10:55:02,Boat-1,Apex Wave Racing,6,Downwind,25.809,-21.876,12.963,-147.954,209.065,14.049,164.779,8.213,57.754,11.511,472.407,none,port,1.684
2026-05-21 10:55:02,Boat-2,Harbor Velocity Team,6,Downwind,23.571,-20.193,12.471,-148.946,210.131,14.666,156.083,11.728,61.447,121.915,472.421,none,port,1.733
2026-05-21 10:55:02,Boat-3,Northern Reach Sailing,6,Downwind,22.989,-19.228,13.043,146.761,207.491,14.49,198.451,12.463,69.413,-202.705,472.023,none,starboard,1.87
2026-05-21 10:55:02,Boat-4,Blue Horizon GP,6,Downwind,24.448,-23.389,12.902,163.074,206.806,14.878,194.763,9.108,73.202,-188.799,468.062,none,starboard,1.706
2026-05-21 10:55:02,Boat-5,Straitline Performance,6,Downwind,26.543,-25.365,12.972,162.866,210.282,14.748,192.923,9.189,70.056,-156.245,477.813,none,starboard,1.714
2026-05-21 10:55:04,Boat-1,Apex Wave Racing,6,Downwind,26.475,-22.891,13.058,-149.842,209.512,14.582,167.088,10.073,55.909,15.741,478.396,none,port,1.65
2026-05-21 10:55:04,Boat-2,Harbor Velocity Team,6,Downwind,23.322,-20.764,13.253,-152.914,206.798,13.786,154.405,13.345,62.964,128.62,463.453,none,port,1.631
2026-05-21 10:55:04,Boat-3,Northern Reach Sailing,6,Downwind,22.65,-19.654,12.834,150.194,207.576,14.299,201.903,11.205,65.591,-208.726,466.314,none,starboard,1.715
2026-05-21 10:55:04,Boat-4,Blue Horizon GP,6,Downwind,23.75,-22.554,12.662,161.741,208.759,13.758,200.214,6.539,72.319,-193.019,463.282,none,starboard,1.617
2026-05-21 10:55:04,Boat-5,Straitline Performance,6,Downwind,26.251,-24.554,13.046,159.286,208.386,14.721,194.251,8.54,70.172,-160.762,462.754,none,starboard,1.721
2026-05-21 10:55:06,Boat-1,Apex Wave Racing,6,Downwind,26.706,-22.738,12.283,-148.367,207.977,13.457,168.56,9.237,57.527,20.034,435.229,none,port,1.689
2026-05-21 10:55:06,Boat-2,Harbor Velocity Team,6,Downwind,24.27,-21.845,12.095,-154.17,210.39,13.712,164.885,10.957,62.217,135.393,444.284,none,port,1.715
2026-05-21 10:55:06,Boat-3,Northern Reach Sailing,6,Downwind,23.04,-20.221,12.315,151.358,208.792,13.537,195.232,11.322,67.59,-214.714,442.154,none,starboard,1.771
2026-05-21 10:55:06,Boat-4,Blue Horizon GP,6,Downwind,24.762,-23.282,11.904,160.093,209.319,12.928,191.825,9.224,72.211,-197.164,445.342,none,starboard,1.712
2026-05-21 10:55:06,Boat-5,Straitline Performance,6,Downwind,26.298,-24.45,12.362,158.396,208.913,13.27,197.475,8.996,68.997,-165.206,442.531,none,starboard,1.714
2026-05-21 10:55:08,Boat-1,Apex Wave Racing,6,Downwind,25.71,-20.672,13.575,-143.519,208.324,14.63,161.421,10.094,56.112,24.388,435.663,none,port,1.859
2026-05-21 10:55:08,Boat-2,Harbor Velocity Team,6,Downwind,23.755,-20.281,13.517,-148.621,206.287,14.713,159.582,12.26,60.92,142.23,413.066,none,port,1.743
2026-05-21 10:55:08,Boat-3,Northern Reach Sailing,6,Downwind,23.481,-20.415,13.491,150.393,209.349,14.725,200.771,11.135,65.684,-220.67,422.448,none,starboard,1.82
2026-05-21 10:55:08,Boat-4,Blue Horizon GP,6,Downwind,24.535,-23.678,13.241,164.815,210.02,14.813,192.386,6.634,73.704,-201.237,424.03,none,starboard,1.891
2026-05-21 10:55:08,Boat-5,Straitline Performance,6,Downwind,26.688,-25.2,13.325,160.775,207.667,14.367,195.949,7.523,66.603,-169.58,434.744,none,starboard,1.873
2026-05-21 10:55:10,Boat-1,Apex Wave Racing,6,Downwind,26.121,-23.647,12.858,-154.863,209.631,14.889,169.851,9.901,59.369,28.802,409.141,none,port,1.799
2026-05-21 10:55:10,Boat-2,Harbor Velocity Team,6,Downwind,23.238,-20.823,12.934,-153.643,207.709,15.009,157.068,12.454,65.013,149.131,407.378,none,port,1.699
2026-05-21 10:55:10,Boat-3,Northern Reach Sailing,6,Downwind,23.214,-19.108,12.713,145.4,207.91,14.563,201.945,13.172,67.964,-226.595,410.829,none,starboard,1.683
2026-05-21 10:55:10,Boat-4,Blue Horizon GP,6,Downwind,24.918,-23.194,12.624,158.56,209.101,14.406,193.187,8.922,72.269,-205.24,408.571,none,starboard,1.761
2026-05-21 10:55:10,Boat-5,Straitline Performance,6,Downwind,26.196,-25.134,12.913,163.631,208.695,14.974,189.866,7.37,68.259,-173.882,412.173,none,starboard,1.777
2026-05-21 10:55:12,Boat-1,Apex Wave Racing,6,Downwind,25.826,-22.793,13.125,-151.955,207.109,14.492,167.62,8.711,57.324,33.275,386.017,none,port,1.745
2026-05-21 10:55:12,Boat-2,Harbor Velocity Team,6,Downwind,23.441,-20.405,12.958,-150.516,209.391,14.627,159.335,12.877,64.0,156.092,380.302,none,port,1.635
2026-05-21 10:55:12,Boat-3,Northern Reach Sailing,6,Downwind,23.101,-19.923,12.668,149.59,209.936,13.645,199.848,11.412,69.718,-232.489,393.116,none,starboard,1.656
2026-05-21 10:55:12,Boat-4,Blue Horizon GP,6,Downwind,24.622,-23.341,12.73,161.43,209.885,14.746,189.251,9.375,69.643,-209.175,390.153,none,starboard,1.717
2026-05-21 10:55:12,Boat-5,Straitline Performance,6,Downwind,26.0,-24.844,12.608,162.851,210.607,13.941,190.461,9.062,71.181,-178.114,385.674,none,starboard,1.737
2026-05-21 10:55:14,Boat-1,Apex Wave Racing,6,Downwind,26.186,-22.093,12.424,-147.534,210.362,14.84,164.913,10.347,56.978,37.805,368.128,none,port,1.561
2026-05-21 10:55:14,Boat-2,Harbor Velocity Team,6,Downwind,23.486,-20.314,12.34,-149.875,208.377,14.762,144.418,13.045,63.704,163.112,370.311,none,port,1.643
2026-05-21 10:55:14,Boat-3,Northern Reach Sailing,6,Downwind,23.22,-18.612,12.543,143.279,206.97,14.351,194.318,11.566,69.73,-238.352,378.26,none,starboard,1.513
2026-05-21 10:55:14,Boat-4,Blue Horizon GP,6,Downwind,24.328,-23.512,12.052,165.118,207.711,14.769,191.799,8.838,72.56,-213.046,360.64,none,starboard,1.612
2026-05-21 10:55:14,Boat-5,Straitline Performance,6,Downwind,26.241,-25.082,12.791,162.908,207.289,14.336,196.485,7.439,69.899,-182.277,366.709,none,starboard,1.578
2026-05-21 10:55:16,Boat-1,Apex Wave Racing,6,Downwind,26.787,-22.634,12.259,-147.667,207.117,13.395,164.286,9.959,56.723,42.389,352.209,none,port,1.377
2026-05-21 10:55:16,Boat-2,Harbor Velocity Team,6,Downwind,23.5,-20.62,12.155,-151.34,207.142,13.233,157.249,11.344,62.258,170.186,360.603,none,port,1.449
2026-05-21 10:55:16,Boat-3,Northern Reach Sailing,6,Downwind,22.502,-19.736,12.14,151.294,206.99,13.664,194.422,10.941,67.173,-244.185,347.291,none,starboard,1.51
2026-05-21 10:55:16,Boat-4,Blue Horizon GP,6,Downwind,24.034,-23.231,12.547,165.142,209.023,13.213,197.585,6.31,69.514,-216.856,353.381,none,starboard,1.479
2026-05-21 10:55:16,Boat-5,Straitline Performance,6,Downwind,25.793,-25.208,12.07,167.767,207.363,12.802,198.175,5.176,70.085,-186.371,357.773,none,starboard,1.579
2026-05-21 10:55:18,Boat-1,Apex Wave Racing,6,Downwind,26.091,-22.556,12.16,-149.827,208.26,13.541,167.849,9.338,59.451,47.026,335.353,none,port,1.682
2026-05-21 10:55:18,Boat-2,Harbor Velocity Team,6,Downwind,23.687,-20.452,12.35,-149.706,209.109,13.45,162.244,11.741,63.602,177.313,336.447,none,port,1.598
2026-05-21 10:55:18,Boat-3,Northern Reach Sailing,6,Downwind,23.037,-19.683,11.948,148.693,206.946,13.514,197.364,11.255,69.288,-249.989,333.007,none,starboard,1.724
2026-05-21 10:55:18,Boat-4,Blue Horizon GP,6,Downwind,25.036,-23.786,12.848,161.813,206.187,13.393,188.445,7.768,70.662,-220.609,336.777,none,starboard,1.693
2026-05-21 10:55:18,Boat-5,Straitline Performance,6,Downwind,26.067,-24.568,12.437,160.473,207.689,13.354,190.908,8.04,74.433,-190.398,341.972,none,starboard,1.692
2026-05-21 10:55:20,Boat-1,Apex Wave Racing,6,Downwind,26.282,-21.506,12.062,-144.913,207.55,14.948,166.807,9.921,54.04,51.714,308.903,none,port,1.664
2026-05-21 10:55:20,Boat-2,Harbor Velocity Team,6,Downwind,23.603,-21.462,12.746,-155.406,208.669,15.671,161.867,8.811,64.401,184.489,315.937,none,port,1.603
2026-05-21 10:55:20,Boat-3,Northern Reach Sailing,6,Downwind,22.899,-19.997,12.605,150.841,206.778,16.043,197.903,10.345,68.165,-255.765,310.256,none,starboard,1.599
2026-05-21 10:55:20,Boat-4,Blue Horizon GP,6,Downwind,24.841,-23.793,12.773,163.3,208.47,15.077,193.477,8.813,71.386,-224.307,303.195,none,starboard,1.562
2026-05-21 10:55:20,Boat-5,Straitline Performance,6,Downwind,26.173,-25.419,12.395,166.212,208.229,14.92,190.666,8.201,69.36,-194.359,316.324,none,starboard,1.564
2026-05-21 10:55:22,Boat-1,Apex Wave Racing,6,Downwind,27.213,-23.497,12.918,-149.705,211.074,14.566,165.213,9.854,59.731,56.449,295.157,none,port,2.033
2026-05-21 10:55:22,Boat-2,Harbor Velocity Team,6,Downwind,23.02,-20.483,12.837,-152.849,208.43,14.448,159.029,11.299,63.09,191.711,292.481,none,port,2.056
2026-05-21 10:55:22,Boat-3,Northern Reach Sailing,6,Downwind,23.851,-18.939,12.822,142.565,209.038,14.45,196.788,11.614,70.826,-261.514,297.333,none,starboard,1.956
2026-05-21 10:55:22,Boat-4,Blue Horizon GP,6,Downwind,25.732,-24.022,13.132,158.994,209.093,14.018,191.881,9.129,71.267,-227.955,306.124,none,starboard,1.956
2026-05-21 10:55:22,Boat-5,Straitline Performance,6,Downwind,26.211,-24.702,13.12,160.463,208.094,14.744,194.432,9.405,65.242,-198.256,300.248,none,starboard,1.931
2026-05-21 10:55:24,Boat-1,Apex Wave Racing,6,Downwind,26.791,-21.742,12.915,-144.249,208.319,13.299,167.677,9.677,56.289,61.23,272.85,none,port,1.565
2026-05-21 10:55:24,Boat-2,Harbor Velocity Team,6,Downwind,23.381,-21.375,12.226,-156.094,208.187,13.472,153.623,12.327,64.204,198.975,278.139,none,port,1.536
2026-05-21 10:55:24,Boat-3,Northern Reach Sailing,6,Downwind,23.643,-20.227,12.37,148.817,207.797,13.495,195.516,11.704,68.223,-267.236,272.232,none,starboard,1.502
2026-05-21 10:55:24,Boat-4,Blue Horizon GP,6,Downwind,25.068,-23.899,12.558,162.431,209.398,13.289,187.391,8.442,68.386,-231.556,268.739,none,starboard,1.532
2026-05-21 10:55:24,Boat-5,Straitline Performance,6,Downwind,27.052,-26.194,12.623,165.53,207.728,13.013,190.083,9.587,66.965,-202.09,286.282,none,starboard,1.507
2026-05-21 10:55:26,Boat-1,Apex Wave Racing,6,Downwind,26.078,-22.213,12.114,-148.408,208.284,13.001,165.487,10.12,54.095,66.054,251.19,none,port,1.38
2026-05-21 10:55:26,Boat-2,Harbor Velocity Team,6,Downwind,23.724,-20.935,11.699,-151.94,208.797,12.501,156.845,12.465,62.016,206.279,263.103,none,port,1.437
2026-05-21 10:55:26,Boat-3,Northern Reach Sailing,6,Downwind,23.646,-18.731,12.129,142.388,207.284,13.267,198.237,12.505,63.354,-272.934,256.199,none,starboard,1.457
2026-05-21 10:55:26,Boat-4,Blue Horizon GP,6,Downwind,24.44,-23.036,12.065,160.484,207.104,13.163,194.731,6.12,69.712,-235.115,250.93,none,starboard,1.412
2026-05-21 10:55:26,Boat-5,Straitline Performance,6,Downwind,26.304,-25.371,11.998,164.695,208.78,13.151,189.349,8.093,69.263,-205.864,257.46,none,starboard,1.469
2026-05-21 10:55:28,Boat-1,Apex Wave Racing,6,Downwind,26.699,-21.813,12.758,-144.784,208.397,13.324,165.078,10.124,55.303,70.919,235.424,none,port,1.684
2026-05-21 10:55:28,Boat-2,Harbor Velocity Team,6,Downwind,23.398,-20.672,12.637,-152.065,208.165,13.944,160.55,11.471,63.676,213.619,243.897,none,port,1.774
2026-05-21 10:55:28,Boat-3,Northern Reach Sailing,6,Downwind,24.334,-21.241,12.752,150.797,209.223,13.53,199.487,12.632,70.023,-278.607,237.723,none,starboard,1.648
2026-05-21 10:55:28,Boat-4,Blue Horizon GP,6,Downwind,24.942,-24.01,12.608,164.285,208.376,13.343,195.49,9.215,71.4,-238.634,241.818,none,starboard,1.707
2026-05-21 10:55:28,Boat-5,Straitline Performance,6,Downwind,26.157,-24.338,12.975,158.508,210.522,13.337,192.853,9.162,68.922,-209.58,240.79,none,starboard,1.643
2026-05-21 10:55:30,Boat-1,Apex Wave Racing,6,Downwind,26.228,-21.472,12.497,-144.951,209.057,14.34,164.006,9.778,53.737,75.82,214.546,none,port,1.891
2026-05-21 10:55:30,Boat-2,Harbor Velocity Team,6,Downwind,24.014,-22.506,12.462,-159.586,211.629,14.178,159.132,12.655,65.426,220.991,221.442,none,port,1.838
2026-05-21 10:55:30,Boat-3,Northern Reach Sailing,6,Downwind,23.413,-19.03,12.56,144.369,209.858,14.39,198.318,12.183,67.692,-284.258,224.197,none,starboard,1.738
2026-05-21 10:55:30,Boat-4,Blue Horizon GP,6,Downwind,25.005,-23.721,12.372,161.56,208.676,14.261,191.892,9.612,70.365,-242.12,225.655,none,starboard,1.782
2026-05-21 10:55:30,Boat-5,Straitline Performance,6,Downwind,26.791,-25.275,12.554,160.633,208.787,14.453,190.16,8.454,68.534,-213.24,225.135,none,starboard,1.802
2026-05-21 10:55:32,Boat-1,Apex Wave Racing,6,Downwind,26.834,-24.133,12.427,-154.071,208.643,13.327,159.166,11.249,57.644,80.756,201.105,none,port,1.582
2026-05-21 10:55:32,Boat-2,Harbor Velocity Team,6,Downwind,23.764,-20.163,12.47,-148.048,208.74,12.989,161.969,11.495,65.579,228.392,205.147,none,port,1.674
2026-05-21 10:55:32,Boat-3,Northern Reach Sailing,6,Downwind,23.293,-19.971,12.207,149.021,210.16,13.563,197.551,11.095,67.954,-289.887,203.653,none,starboard,1.697
2026-05-21 10:55:32,Boat-4,Blue Horizon GP,6,Downwind,25.475,-23.474,12.66,157.143,208.532,12.925,190.595,8.753,73.361,-245.574,208.863,none,starboard,1.617
2026-05-21 10:55:32,Boat-5,Straitline Performance,6,Downwind,26.564,-25.877,12.708,166.934,208.898,13.744,194.119,8.183,68.587,-216.845,200.248,none,starboard,1.611
2026-05-21 10:55:34,Boat-1,Apex Wave Racing,6,Downwind,27.005,-23.108,12.746,-148.836,209.015,14.107,163.352,10.493,54.815,85.722,188.524,none,port,1.638
2026-05-21 10:55:34,Boat-2,Harbor Velocity Team,6,Downwind,23.687,-21.907,12.441,-157.643,208.75,13.765,161.201,10.396,65.737,235.817,175.898,none,port,1.667
2026-05-21 10:55:34,Boat-3,Northern Reach Sailing,6,Downwind,23.482,-19.615,12.341,146.649,210.124,13.765,196.506,10.748,69.011,-295.496,188.664,none,starboard,1.682
2026-05-21 10:55:34,Boat-4,Blue Horizon GP,6,Downwind,25.609,-24.352,12.658,161.973,209.959,13.671,188.441,8.431,73.652,-249.003,188.854,none,starboard,1.689
2026-05-21 10:55:34,Boat-5,Straitline Performance,6,Downwind,27.72,-26.445,12.319,162.558,209.538,13.854,190.8,7.992,67.458,-220.4,196.667,none,starboard,1.633
2026-05-21 10:55:36,Boat-1,Apex Wave Racing,6,Downwind,26.164,-22.503,12.628,-149.325,205.357,13.837,159.158,9.656,56.849,90.717,167.792,none,port,1.467
2026-05-21 10:55:36,Boat-2,Harbor Velocity Team,6,Downwind,24.283,-22.649,12.014,-158.864,208.643,12.656,146.883,10.546,63.902,243.262,161.462,none,port,1.443
2026-05-21 10:55:36,Boat-3,Northern Reach Sailing,6,Downwind,22.959,-20.535,12.272,153.435,208.229,13.524,194.044,11.511,66.008,-301.086,165.859,none,starboard,1.405
2026-05-21 10:55:36,Boat-4,Blue Horizon GP,6,Downwind,24.834,-23.788,12.01,163.309,209.0,13.556,189.609,8.599,69.444,-252.41,162.796,none,starboard,1.428
2026-05-21 10:55:36,Boat-5,Straitline Performance,6,Downwind,27.154,-25.492,12.227,159.85,209.951,13.196,188.189,8.782,69.413,-223.907,163.23,none,starboard,1.366
2026-05-21 10:55:38,Boat-1,Apex Wave Racing,6,Downwind,26.838,-21.15,12.248,-142.003,209.465,13.412,169.333,10.771,58.434,95.737,162.218,none,port,1.437
2026-05-21 10:55:38,Boat-2,Harbor Velocity Team,6,Downwind,22.969,-20.972,11.95,-155.931,211.357,13.253,150.111,10.126,63.461,250.725,153.044,none,port,1.391
2026-05-21 10:55:38,Boat-3,Northern Reach Sailing,6,Downwind,22.977,-19.54,11.911,148.261,209.706,13.528,197.671,11.513,68.502,-306.659,144.038,none,starboard,1.45
2026-05-21 10:55:38,Boat-4,Blue Horizon GP,6,Downwind,24.413,-23.507,12.008,164.335,209.511,13.176,190.774,9.474,71.45,-255.801,148.701,none,starboard,1.404
2026-05-21 10:55:38,Boat-5,Straitline Performance,6,Downwind,26.343,-25.159,11.643,162.758,210.913,13.335,198.573,7.433,71.06,-227.368,148.248,none,starboard,1.457
2026-05-21 10:55:40,Boat-1,Apex Wave Racing,6,Downwind,26.721,-22.326,12.081,-146.671,209.377,12.88,168.028,9.225,55.338,100.778,114.374,none,port,1.368
2026-05-21 10:55:40,Boat-2,Harbor Velocity Team,6,Downwind,23.527,-20.834,12.018,-152.313,207.554,13.481,160.099,12.16,62.654,258.2,135.474,none,port,1.396
2026-05-21 10:55:40,Boat-3,Northern Reach Sailing,6,Downwind,23.991,-21.364,11.742,152.938,209.904,12.901,195.74,11.172,69.259,-312.217,130.923,none,starboard,1.464
2026-05-21 10:55:40,Boat-4,Blue Horizon GP,6,Downwind,24.113,-22.873,11.706,161.546,208.818,13.098,190.466,8.487,73.994,-259.178,127.232,none,starboard,1.448
2026-05-21 10:55:40,Boat-5,Straitline Performance,6,Downwind,27.407,-26.043,11.884,161.847,209.621,12.866,187.679,10.216,71.671,-230.786,142.756,none,starboard,1.466
2026-05-21 10:55:42,Boat-1,Apex Wave Racing,6,Downwind,26.97,-23.395,11.601,-150.163,210.577,12.431,154.847,9.535,55.953,105.838,114.583,none,port,1.375
2026-05-21 10:55:42,Boat-2,Harbor Velocity Team,6,Downwind,24.476,-22.712,12.084,-158.113,209.83,12.187,155.308,11.363,60.354,265.683,111.724,none,port,1.37
2026-05-21 10:55:42,Boat-3,Northern Reach Sailing,6,Downwind,23.049,-19.666,11.397,148.562,208.912,11.998,197.854,11.869,68.917,-317.76,104.652,none,starboard,1.307
2026-05-21 10:55:42,Boat-4,Blue Horizon GP,6,Downwind,24.443,-22.472,11.435,156.834,210.606,12.126,191.114,8.422,71.035,-262.548,112.176,none,starboard,1.274
2026-05-21 10:55:42,Boat-5,Straitline Performance,6,Downwind,27.18,-25.526,11.58,159.909,209.432,11.731,187.834,6.0,71.577,-234.165,97.832,none,starboard,1.265
2026-05-21 10:55:44,Boat-1,Apex Wave Racing,6,Downwind,27.327,-23.492,12.283,-149.281,210.928,13.656,163.67,9.723,54.295,110.912,92.793,none,port,1.623
2026-05-21 10:55:44,Boat-2,Harbor Velocity Team,6,Downwind,24.889,-22.045,12.42,-152.342,209.225,13.225,156.301,12.146,61.191,273.172,102.91,none,port,1.665
2026-05-21 10:55:44,Boat-3,Northern Reach Sailing,6,Downwind,23.502,-21.199,12.385,154.421,209.67,13.698,198.723,11.657,67.428,-323.29,96.544,none,starboard,1.563
2026-05-21 10:55:44,Boat-4,Blue Horizon GP,6,Downwind,25.0,-24.256,12.424,165.984,210.742,13.712,189.164,8.263,70.719,-265.914,92.942,none,starboard,1.61
2026-05-21 10:55:44,Boat-5,Straitline Performance,6,Downwind,27.308,-25.752,12.45,160.567,208.398,14.157,193.12,8.909,67.186,-237.508,93.899,none,starboard,1.496
2026-05-21 10:55:46,Boat-1,Apex Wave Racing,6,Downwind,27.138,-21.248,11.912,-141.532,209.215,13.273,162.421,9.416,55.795,115.998,79.908,none,port,1.364
2026-05-21 10:55:46,Boat-2,Harbor Velocity Team,6,Downwind,25.177,-22.036,12.499,-151.075,207.856,13.739,163.009,11.223,63.204,280.661,77.602,none,port,1.405
2026-05-21 10:55:46,Boat-3,Northern Reach Sailing,6,Downwind,23.937,-20.671,12.045,149.721,208.045,14.197,195.572,11.783,70.082,-328.809,72.05,none,starboard,1.347
2026-05-21 10:55:46,Boat-4,Blue Horizon GP,6,Downwind,25.98,-24.659,12.208,161.649,209.082,13.611,189.59,8.217,72.841,-269.281,70.436,none,starboard,1.349
2026-05-21 10:55:46,Boat-5,Straitline Performance,6,Downwind,28.087,-26.997,11.933,163.989,210.236,13.771,189.723,8.384,68.699,-240.819,69.285,none,starboard,1.54
2026-05-21 10:55:48,Boat-1,Apex Wave Racing,6,Downwind,26.767,-23.022,11.597,-149.324,210.211,13.051,166.949,10.427,60.784,121.091,60.664,none,port,1.368
2026-05-21 10:55:48,Boat-2,Harbor Velocity Team,6,Downwind,24.031,-21.242,11.754,-152.123,208.412,13.172,163.056,11.495,63.193,288.147,53.902,none,port,1.329
2026-05-21 10:55:48,Boat-3,Northern Reach Sailing,6,Downwind,23.886,-19.755,12.147,145.795,208.623,13.374,198.204,11.657,66.715,-334.319,56.968,none,starboard,1.415
2026-05-21 10:55:48,Boat-4,Blue Horizon GP,6,Downwind,25.982,-25.33,11.901,167.14,212.449,13.089,188.282,7.789,70.866,-272.654,53.047,none,starboard,1.478
2026-05-21 10:55:48,Boat-5,Straitline Performance,6,Downwind,27.173,-25.636,12.727,160.641,208.384,13.34,189.107,8.704,68.319,-244.099,55.433,none,starboard,1.481
2026-05-21 10:55:50,Boat-1,Apex Wave Racing,6,Downwind,27.205,-23.525,10.78,-149.85,208.262,11.682,166.004,9.491,57.608,126.189,35.944,none,port,1.393
2026-05-21 10:55:50,Boat-2,Harbor Velocity Team,6,Downwind,24.019,-21.112,10.661,-151.522,209.823,12.175,149.449,9.423,65.614,295.625,28.485,none,port,1.23
2026-05-21 10:55:50,Boat-3,Northern Reach Sailing,6,Downwind,24.343,-20.554,11.281,147.603,209.883,12.469,201.984,10.882,67.218,-339.822,38.564,none,starboard,1.306
2026-05-21 10:55:50,Boat-4,Blue Horizon GP,6,Downwind,25.571,-24.432,10.974,162.839,208.631,12.048,193.275,6.367,73.354,-276.038,24.02,none,starboard,1.338
2026-05-21 10:55:50,Boat-5,Straitline Performance,6,Downwind,27.683,-26.277,10.716,161.663,208.511,11.996,189.315,7.068,69.557,-247.354,28.514,none,starboard,1.337
2026-05-21 10:55:52,Boat-1,Apex Wave Racing,6,Downwind,26.651,-23.72,11.655,-152.877,210.355,12.673,166.087,9.399,55.967,131.287,19.758,none,port,1.394
2026-05-21 10:55:52,Boat-2,Harbor Velocity Team,6,Downwind,24.483,-21.262,11.639,-150.28,208.56,13.048,147.137,12.077,65.595,303.092,28.583,none,port,1.361
2026-05-21 10:55:52,Boat-3,Northern Reach Sailing,6,Downwind,24.098,-21.563,11.564,153.482,211.169,13.364,197.022,10.6,68.092,-345.318,29.723,none,starboard,1.393
2026-05-21 10:55:52,Boat-4,Blue Horizon GP,6,Downwind,25.935,-24.465,11.686,160.617,210.619,13.136,197.26,8.834,70.289,-279.436,24.304,none,starboard,1.342
2026-05-21 10:55:52,Boat-5,Straitline Performance,6,Downwind,27.323,-24.768,11.701,155.025,209.723,13.137,192.814,7.104,68.558,-250.587,15.881,none,starboard,1.476
2026-05-21 10:55:54,Boat-1,Apex Wave Racing,6,Downwind,26.687,-22.248,12.382,-146.478,208.837,13.768,168.465,9.698,55.486,136.383,-5.208,none,port,1.742
2026-05-21 10:55:54,Boat-2,Harbor Velocity Team,6,Downwind,25.006,-23.029,12.67,-157.067,209.753,13.427,162.187,11.257,62.348,310.543,5.392,none,port,1.663
2026-05-21 10:55:54,Boat-3,Northern Reach Sailing,6,Downwind,24.039,-21.905,12.693,155.675,210.734,13.329,191.476,11.886,68.995,-350.81,2.671,none,starboard,1.666
2026-05-21 10:55:54,Boat-4,Blue Horizon GP,6,Downwind,25.186,-24.511,11.996,166.7,208.421,13.096,188.744,8.996,70.54,-282.854,2.083,none,starboard,1.698
2026-05-21 10:55:54,Boat-5,Straitline Performance,6,Downwind,27.768,-26.264,12.527,161.055,211.163,13.293,191.563,8.905,68.439,-253.8,0.173,none,starboard,1.676
